Oluşturma başlatıldı: 13.01.2026 15:33:24.
Günlük kaydı ayrıntı düzeyi Detailed olarak ayarlandı.     0>İşlem = "C:\Program Files\dotnet\dotnet.exe"
       MSBuild yürütülebilir yolu = "C:\Program Files\dotnet\sdk\9.0.307\MSBuild.dll"
       Komut satırı bağımsız değişkenleri = "C:\Program Files\dotnet\sdk\9.0.307\MSBuild.dll -maxcpucount -verbosity:m -tlp:default=auto -nologo -restore -consoleloggerparameters:Summary services/artifact/ForgeFlow.Artifact.Api/ForgeFlow.Artifact.Api.csproj /flp:v=detailed /flp:logfile=build.log -distributedlogger:Microsoft.DotNet.Tools.MSBuild.MSBuildLogger,C:\Program Files\dotnet\sdk\9.0.307\dotnet.dll*Microsoft.DotNet.Tools.MSBuild.MSBuildForwardingLogger,C:\Program Files\dotnet\sdk\9.0.307\dotnet.dll"
       Geçerli dizin = "C:\Users\alihe\OneDrive\Masaüstü\ForgeFlow Project"
       MSBuild sürümü = "17.14.28+09c1be848"
       Windows kayıt defteri anahtarı LongPathsEnabled ayarına bağlı olarak LongPaths özelliği devre dışı.
       Windows kayıt defteri anahtarı VerifiedAndReputablePolicyState'e göre SAC durumu = 0: kapalı.
       "Microsoft.NET.Sdk.Web" SDK’sı "DefaultSdkResolver" çözümleyicisi tarafından "C:\Program Files\dotnet\sdk\9.0.307\Sdks\Microsoft.NET.Sdk.Web\Sdk" konumuna ve "" sürümüne başarıyla çözümlendi.
       Derleme Evaluation sırasında yüklendi: NuGet.Frameworks, Version=6.14.0.116, Culture=neutral, PublicKeyToken=31bf3856ad364e35 (konum: C:\Program Files\dotnet\sdk\9.0.307\NuGet.Frameworks.dll, MVID: 6b5909cd-5145-46c4-9595-25461e82c126, AssemblyLoadContext: Assembly.LoadFile(C:\Program Files\dotnet\sdk\9.0.307\NuGet.Frameworks.dll))
       "Microsoft.NET.Sdk" SDK’sı "DefaultSdkResolver" çözümleyicisi tarafından "C:\Program Files\dotnet\sdk\9.0.307\Sdks\Microsoft.NET.Sdk\Sdk" konumuna ve "" sürümüne başarıyla çözümlendi.
       C:\Program Files\dotnet\sdk\9.0.307\Sdks\Microsoft.NET.Sdk\Sdk\Sdk.props(49,11): message : 'C:\Program Files\dotnet\sdk\9.0.307\' değerine sahip 'MSBuildExtensionsPath' özelliği ortamdan genişletildi.
       C:\Program Files\dotnet\sdk\9.0.307\Current\Microsoft.Common.props(60,5): message : Özellik yeniden ataması: $(MSBuildProjectExtensionsPath)="C:\Users\alihe\OneDrive\Masaüstü\ForgeFlow Project\services\artifact\ForgeFlow.Artifact.Api\obj\" (önceki değer: "obj\") konum: C:\Program Files\dotnet\sdk\9.0.307\Current\Microsoft.Common.props (60,5)
       C:\Program Files\dotnet\sdk\9.0.307\Current\Microsoft.Common.props(84,119): message : 'C:\Users\alihe\AppData\Local\Microsoft\MSBuild' değerine sahip 'MSBuildUserExtensionsPath' özelliği ortamdan genişletildi.
       C:\Program Files\dotnet\sdk\9.0.307\Sdks\Microsoft.NET.Sdk\targets\Microsoft.NET.Sdk.props(90,5): message : Özellik yeniden ataması: $(AssemblySearchPaths)="{CandidateAssemblyFiles};{HintPathFromItem}" (önceki değer: "{CandidateAssemblyFiles}") konum: C:\Program Files\dotnet\sdk\9.0.307\Sdks\Microsoft.NET.Sdk\targets\Microsoft.NET.Sdk.props (90,5)
       C:\Program Files\dotnet\sdk\9.0.307\Sdks\Microsoft.NET.Sdk\targets\Microsoft.NET.Sdk.props(91,5): message : Özellik yeniden ataması: $(AssemblySearchPaths)="{CandidateAssemblyFiles};{HintPathFromItem};{TargetFrameworkDirectory}" (önceki değer: "{CandidateAssemblyFiles};{HintPathFromItem}") konum: C:\Program Files\dotnet\sdk\9.0.307\Sdks\Microsoft.NET.Sdk\targets\Microsoft.NET.Sdk.props (91,5)
       C:\Program Files\dotnet\sdk\9.0.307\Sdks\Microsoft.NET.Sdk\targets\Microsoft.NET.Sdk.props(92,5): message : Özellik yeniden ataması: $(AssemblySearchPaths)="{CandidateAssemblyFiles};{HintPathFromItem};{TargetFrameworkDirectory};{RawFileName}" (önceki değer: "{CandidateAssemblyFiles};{HintPathFromItem};{TargetFrameworkDirectory}") konum: C:\Program Files\dotnet\sdk\9.0.307\Sdks\Microsoft.NET.Sdk\targets\Microsoft.NET.Sdk.props (92,5)
       "DefaultSdkResolver" çözümleyicisi "Microsoft.NET.SDK.WorkloadAutoImportPropsLocator" SDK’sını çözümlemeyi denedi.
       Uyarılar: null
       Hatalar: MSB4276: "C:\Program Files\dotnet\sdk\9.0.307\Sdks\Microsoft.NET.SDK.WorkloadAutoImportPropsLocator\Sdk" dizini olmadığından, varsayılan SDK çözümleyicisi "Microsoft.NET.SDK.WorkloadAutoImportPropsLocator" SDK’sını çözümleyemedi.
       Derleme Evaluation sırasında yüklendi: Microsoft.Build.NuGetSdkResolver, Version=6.14.0.116, Culture=neutral, PublicKeyToken=31bf3856ad364e35 (konum: C:\Program Files\dotnet\sdk\9.0.307\Microsoft.Build.NuGetSdkResolver.dll, MVID: ee5cca45-a90e-417e-aaf7-f0e96f222226, AssemblyLoadContext: MSBuild plugin C:\Program Files\dotnet\sdk\9.0.307\Microsoft.Build.NuGetSdkResolver.dll)
       Derleme Evaluation sırasında yüklendi: System.Threading.ThreadPool, Version=9.0.0.0, Culture=neutral, PublicKeyToken=b03f5f7f11d50a3a (konum: C:\Program Files\dotnet\shared\Microsoft.NETCore.App\9.0.11\System.Threading.ThreadPool.dll, MVID: ce4bcceb-c39c-45a1-a8c7-275efc0235ff, AssemblyLoadContext: Default)
       Derleme Evaluation sırasında yüklendi: System.Reflection.Metadata, Version=9.0.0.0, Culture=neutral, PublicKeyToken=b03f5f7f11d50a3a (konum: C:\Program Files\dotnet\shared\Microsoft.NETCore.App\9.0.11\System.Reflection.Metadata.dll, MVID: 89d82001-24c8-4abb-843a-1416ffadeb03, AssemblyLoadContext: Default)
       Derleme Evaluation sırasında yüklendi: NuGet.Common, Version=6.14.0.116, Culture=neutral, PublicKeyToken=31bf3856ad364e35 (konum: C:\Program Files\dotnet\sdk\9.0.307\NuGet.Common.dll, MVID: 0fbb79ae-e358-4591-bc91-e34371a3d05b, AssemblyLoadContext: MSBuild plugin C:\Program Files\dotnet\sdk\9.0.307\Microsoft.Build.NuGetSdkResolver.dll)
       Derleme Evaluation sırasında yüklendi: Microsoft.NET.Sdk.WorkloadMSBuildSdkResolver, Version=9.0.307.0, Culture=neutral, PublicKeyToken=31bf3856ad364e35 (konum: C:\Program Files\dotnet\sdk\9.0.307\Microsoft.NET.Sdk.WorkloadMSBuildSdkResolver.dll, MVID: 2383004d-6b86-4206-87c4-e8fc1630c70c, AssemblyLoadContext: MSBuild plugin C:\Program Files\dotnet\sdk\9.0.307\Microsoft.NET.Sdk.WorkloadMSBuildSdkResolver.dll)
       Derleme Evaluation sırasında yüklendi: Microsoft.DotNet.Cli.Utils, Version=9.0.307.0, Culture=neutral, PublicKeyToken=adb9793829ddae60 (konum: C:\Program Files\dotnet\sdk\9.0.307\Microsoft.DotNet.Cli.Utils.dll, MVID: 1d12c688-49bc-45d4-83dc-85492228c8b8, AssemblyLoadContext: MSBuild plugin C:\Program Files\dotnet\sdk\9.0.307\Microsoft.NET.Sdk.WorkloadMSBuildSdkResolver.dll)
       Derleme Evaluation sırasında yüklendi: Microsoft.NET.Sdk.WorkloadManifestReader, Version=9.0.307.0, Culture=neutral, PublicKeyToken=adb9793829ddae60 (konum: C:\Program Files\dotnet\sdk\9.0.307\Microsoft.NET.Sdk.WorkloadManifestReader.dll, MVID: 12f535fa-fcee-4603-8a50-f7c071bf46e1, AssemblyLoadContext: MSBuild plugin C:\Program Files\dotnet\sdk\9.0.307\Microsoft.NET.Sdk.WorkloadMSBuildSdkResolver.dll)
       Derleme Evaluation sırasında yüklendi: Microsoft.Deployment.DotNet.Releases, Version=2.0.0.0, Culture=neutral, PublicKeyToken=31bf3856ad364e35 (konum: C:\Program Files\dotnet\sdk\9.0.307\Microsoft.Deployment.DotNet.Releases.dll, MVID: 400d16c0-099c-46d2-bc0e-802a0637399b, AssemblyLoadContext: MSBuild plugin C:\Program Files\dotnet\sdk\9.0.307\Microsoft.NET.Sdk.WorkloadMSBuildSdkResolver.dll)
       Derleme Evaluation sırasında yüklendi: System.Net.Sockets, Version=9.0.0.0, Culture=neutral, PublicKeyToken=b03f5f7f11d50a3a (konum: C:\Program Files\dotnet\shared\Microsoft.NETCore.App\9.0.11\System.Net.Sockets.dll, MVID: 9433ce13-b312-49d0-b073-f4f41f1d464d, AssemblyLoadContext: Default)
       Derleme Evaluation sırasında yüklendi: System.Threading.Overlapped, Version=9.0.0.0, Culture=neutral, PublicKeyToken=b03f5f7f11d50a3a (konum: C:\Program Files\dotnet\shared\Microsoft.NETCore.App\9.0.11\System.Threading.Overlapped.dll, MVID: cd4efbbd-523d-433a-8af0-ad7b5ff87733, AssemblyLoadContext: Default)
       "Microsoft.NET.SDK.WorkloadAutoImportPropsLocator" SDK’sı "Microsoft.DotNet.MSBuildWorkloadSdkResolver" çözümleyicisi tarafından "C:\Program Files\dotnet\packs\Aspire.Hosting.Sdk\8.2.2\Sdk" konumuna ve "null" sürümüne başarıyla çözümlendi.
       C:\Program Files\dotnet\sdk\9.0.307\Sdks\Microsoft.NET.Sdk\targets\Microsoft.NET.PackProjectTool.props(15,5): message : Özellik yeniden ataması: $(TargetsForTfmSpecificContentInPackage)=";PackTool;_PackProjectToolValidation" (önceki değer: ";PackTool") konum: C:\Program Files\dotnet\sdk\9.0.307\Sdks\Microsoft.NET.Sdk\targets\Microsoft.NET.PackProjectTool.props (15,5)
       "Microsoft.NET.Sdk.Razor" SDK’sı "DefaultSdkResolver" çözümleyicisi tarafından "C:\Program Files\dotnet\sdk\9.0.307\Sdks\Microsoft.NET.Sdk.Razor\Sdk" konumuna ve "" sürümüne başarıyla çözümlendi.
       "Microsoft.NET.Sdk.StaticWebAssets" SDK’sı "DefaultSdkResolver" çözümleyicisi tarafından "C:\Program Files\dotnet\sdk\9.0.307\Sdks\Microsoft.NET.Sdk.StaticWebAssets\Sdk" konumuna ve "" sürümüne başarıyla çözümlendi.
       C:\Program Files\dotnet\sdk\9.0.307\Sdks\Microsoft.NET.Sdk.StaticWebAssets\Sdk\Sdk.StaticWebAssets.StaticAssets.ProjectSystem.props(23,5): message : Özellik yeniden ataması: $(DefaultItemExcludes)=";**\node_modules\**;node_modules\**;**\jspm_packages\**;jspm_packages\**" (önceki değer: ";**\node_modules\**;node_modules\**") konum: C:\Program Files\dotnet\sdk\9.0.307\Sdks\Microsoft.NET.Sdk.StaticWebAssets\Sdk\Sdk.StaticWebAssets.StaticAssets.ProjectSystem.props (23,5)
       C:\Program Files\dotnet\sdk\9.0.307\Sdks\Microsoft.NET.Sdk.StaticWebAssets\Sdk\Sdk.StaticWebAssets.StaticAssets.ProjectSystem.props(24,5): message : Özellik yeniden ataması: $(DefaultItemExcludes)=";**\node_modules\**;node_modules\**;**\jspm_packages\**;jspm_packages\**;**\bower_components\**;bower_components\**" (önceki değer: ";**\node_modules\**;node_modules\**;**\jspm_packages\**;jspm_packages\**") konum: C:\Program Files\dotnet\sdk\9.0.307\Sdks\Microsoft.NET.Sdk.StaticWebAssets\Sdk\Sdk.StaticWebAssets.StaticAssets.ProjectSystem.props (24,5)
       C:\Program Files\dotnet\sdk\9.0.307\Sdks\Microsoft.NET.Sdk.StaticWebAssets\Sdk\Sdk.StaticWebAssets.StaticAssets.ProjectSystem.props(25,5): message : Özellik yeniden ataması: $(DefaultItemExcludes)=";**\node_modules\**;node_modules\**;**\jspm_packages\**;jspm_packages\**;**\bower_components\**;bower_components\**;**\packages.lock.json" (önceki değer: ";**\node_modules\**;node_modules\**;**\jspm_packages\**;jspm_packages\**;**\bower_components\**;bower_components\**") konum: C:\Program Files\dotnet\sdk\9.0.307\Sdks\Microsoft.NET.Sdk.StaticWebAssets\Sdk\Sdk.StaticWebAssets.StaticAssets.ProjectSystem.props (25,5)
       "Microsoft.NET.Sdk.Web.ProjectSystem" SDK’sı "DefaultSdkResolver" çözümleyicisi tarafından "C:\Program Files\dotnet\sdk\9.0.307\Sdks\Microsoft.NET.Sdk.Web.ProjectSystem\Sdk" konumuna ve "" sürümüne başarıyla çözümlendi.
       C:\Program Files\dotnet\sdk\9.0.307\Sdks\Microsoft.NET.Sdk.Web.ProjectSystem\targets\Microsoft.NET.Sdk.Web.ProjectSystem.props(16,5): message : Özellik yeniden ataması: $(OutputType)="Exe" (önceki değer: "Library") konum: C:\Program Files\dotnet\sdk\9.0.307\Sdks\Microsoft.NET.Sdk.Web.ProjectSystem\targets\Microsoft.NET.Sdk.Web.ProjectSystem.props (16,5)
       "Microsoft.NET.Sdk.Publish" SDK’sı "DefaultSdkResolver" çözümleyicisi tarafından "C:\Program Files\dotnet\sdk\9.0.307\Sdks\Microsoft.NET.Sdk.Publish\Sdk" konumuna ve "" sürümüne başarıyla çözümlendi.
       C:\Program Files\dotnet\sdk\9.0.307\Sdks\Microsoft.NET.Sdk\targets\Microsoft.NET.Sdk.ImportPublishProfile.targets(28,5): message : Özellik yeniden ataması: $(PublishProfileImported)="false" (önceki değer: "true") konum: C:\Program Files\dotnet\sdk\9.0.307\Sdks\Microsoft.NET.Sdk\targets\Microsoft.NET.Sdk.ImportPublishProfile.targets (28,5)
       C:\Program Files\dotnet\sdk\9.0.307\Sdks\Microsoft.NET.Sdk\targets\Microsoft.NET.TargetFrameworkInference.targets(69,5): message : Özellik yeniden ataması: $(TargetPlatformVersion)="" (önceki değer: "0.0") konum: C:\Program Files\dotnet\sdk\9.0.307\Sdks\Microsoft.NET.Sdk\targets\Microsoft.NET.TargetFrameworkInference.targets (69,5)
       C:\Program Files\dotnet\sdk\9.0.307\Sdks\Microsoft.NET.Sdk\targets\Microsoft.NET.DefaultOutputPaths.targets(121,5): message : Özellik yeniden ataması: $(DefaultItemExcludes)=";**\node_modules\**;node_modules\**;**\jspm_packages\**;jspm_packages\**;**\bower_components\**;bower_components\**;**\packages.lock.json;bin\Debug\/**" (önceki değer: ";**\node_modules\**;node_modules\**;**\jspm_packages\**;jspm_packages\**;**\bower_components\**;bower_components\**;**\packages.lock.json") konum: C:\Program Files\dotnet\sdk\9.0.307\Sdks\Microsoft.NET.Sdk\targets\Microsoft.NET.DefaultOutputPaths.targets (121,5)
       C:\Program Files\dotnet\sdk\9.0.307\Sdks\Microsoft.NET.Sdk\targets\Microsoft.NET.DefaultOutputPaths.targets(122,5): message : Özellik yeniden ataması: $(DefaultItemExcludes)=";**\node_modules\**;node_modules\**;**\jspm_packages\**;jspm_packages\**;**\bower_components\**;bower_components\**;**\packages.lock.json;bin\Debug\/**;obj\Debug\/**" (önceki değer: ";**\node_modules\**;node_modules\**;**\jspm_packages\**;jspm_packages\**;**\bower_components\**;bower_components\**;**\packages.lock.json;bin\Debug\/**") konum: C:\Program Files\dotnet\sdk\9.0.307\Sdks\Microsoft.NET.Sdk\targets\Microsoft.NET.DefaultOutputPaths.targets (122,5)
       C:\Program Files\dotnet\sdk\9.0.307\Sdks\Microsoft.NET.Sdk\targets\Microsoft.NET.DefaultOutputPaths.targets(137,5): message : Özellik yeniden ataması: $(OutputPath)="bin\Debug\net8.0\" (önceki değer: "bin\Debug\") konum: C:\Program Files\dotnet\sdk\9.0.307\Sdks\Microsoft.NET.Sdk\targets\Microsoft.NET.DefaultOutputPaths.targets (137,5)
       C:\Program Files\dotnet\sdk\9.0.307\Sdks\Microsoft.NET.Sdk\targets\Microsoft.NET.DefaultOutputPaths.targets(142,5): message : Özellik yeniden ataması: $(IntermediateOutputPath)="obj\Debug\net8.0\" (önceki değer: "obj\Debug\") konum: C:\Program Files\dotnet\sdk\9.0.307\Sdks\Microsoft.NET.Sdk\targets\Microsoft.NET.DefaultOutputPaths.targets (142,5)
       "DefaultSdkResolver" çözümleyicisi "Microsoft.NET.SDK.WorkloadManifestTargetsLocator" SDK’sını çözümlemeyi denedi.
       Uyarılar: null
       Hatalar: MSB4276: "C:\Program Files\dotnet\sdk\9.0.307\Sdks\Microsoft.NET.SDK.WorkloadManifestTargetsLocator\Sdk" dizini olmadığından, varsayılan SDK çözümleyicisi "Microsoft.NET.SDK.WorkloadManifestTargetsLocator" SDK’sını çözümleyemedi.
       "Microsoft.NET.SDK.WorkloadManifestTargetsLocator" SDK’sı "Microsoft.DotNet.MSBuildWorkloadSdkResolver" çözümleyicisi tarafından "C:\Program Files\dotnet\sdk-manifests\9.0.100\microsoft.net.sdk.android\35.0.78" konumuna ve "null" sürümüne başarıyla çözümlendi.
       C:\Program Files\dotnet\sdk\9.0.307\Sdks\Microsoft.NET.Sdk\targets\Microsoft.NET.Sdk.BeforeCommon.targets(187,5): message : Özellik yeniden ataması: $(_FrameworkIdentifierForImplicitDefine)="NET" (önceki değer: "NETCOREAPP") konum: C:\Program Files\dotnet\sdk\9.0.307\Sdks\Microsoft.NET.Sdk\targets\Microsoft.NET.Sdk.BeforeCommon.targets (187,5)
       C:\Program Files\dotnet\sdk\9.0.307\Sdks\Microsoft.NET.Sdk\targets\Microsoft.NET.Sdk.BeforeCommon.targets(192,5): message : Özellik yeniden ataması: $(_FrameworkVersionForImplicitDefine)="8_0" (önceki değer: "8.0") konum: C:\Program Files\dotnet\sdk\9.0.307\Sdks\Microsoft.NET.Sdk\targets\Microsoft.NET.Sdk.BeforeCommon.targets (192,5)
       C:\Program Files\dotnet\sdk\9.0.307\Roslyn\Microsoft.CSharp.Core.targets(200,5): message : Özellik yeniden ataması: $(CommandLineArgsForDesignTimeEvaluation)="-langversion:12.0 -define:TRACE" (önceki değer: "-langversion:12.0") konum: C:\Program Files\dotnet\sdk\9.0.307\Roslyn\Microsoft.CSharp.Core.targets (200,5)
       Derleme Evaluation sırasında yüklendi: Microsoft.Build.Utilities.Core, Version=15.1.0.0, Culture=neutral, PublicKeyToken=b03f5f7f11d50a3a (konum: C:\Program Files\dotnet\sdk\9.0.307\Microsoft.Build.Utilities.Core.dll, MVID: 477366d9-7e60-48f9-a272-5e7970baa237, AssemblyLoadContext: Default)
       C:\Program Files\dotnet\sdk\9.0.307\Microsoft.Common.CurrentVersion.targets(175,5): message : Özellik yeniden ataması: $(_DebugSymbolsProduced)="true" (önceki değer: "false") konum: C:\Program Files\dotnet\sdk\9.0.307\Microsoft.Common.CurrentVersion.targets (175,5)
       C:\Program Files\dotnet\sdk\9.0.307\Microsoft.Common.CurrentVersion.targets(185,5): message : Özellik yeniden ataması: $(_DocumentationFileProduced)="false" (önceki değer: "true") konum: C:\Program Files\dotnet\sdk\9.0.307\Microsoft.Common.CurrentVersion.targets (185,5)
       C:\Program Files\dotnet\sdk\9.0.307\Microsoft.Common.CurrentVersion.targets(392,5): message : Özellik yeniden ataması: $(MSBuildCopyMarkerName)="ForgeFlo.F143C5D0" (önceki değer: "ForgeFlow.Artifact.Api.csproj") konum: C:\Program Files\dotnet\sdk\9.0.307\Microsoft.Common.CurrentVersion.targets (392,5)
       C:\Program Files\dotnet\sdk\9.0.307\Microsoft.Common.CurrentVersion.targets(393,5): message : Özellik yeniden ataması: $(MSBuildCopyMarkerName)="ForgeFlo.F143C5D0.Up2Date" (önceki değer: "ForgeFlo.F143C5D0") konum: C:\Program Files\dotnet\sdk\9.0.307\Microsoft.Common.CurrentVersion.targets (393,5)
       C:\Program Files\dotnet\sdk\9.0.307\Microsoft.Common.CurrentVersion.targets(541,5): message : Özellik yeniden ataması: $(ProcessorArchitecture)="msil" (önceki değer: "") konum: C:\Program Files\dotnet\sdk\9.0.307\Microsoft.Common.CurrentVersion.targets (541,5)
       C:\Program Files\dotnet\sdk\9.0.307\Microsoft.Common.CurrentVersion.targets(580,5): message : Özellik yeniden ataması: $(DelaySign)="" (önceki değer: "false") konum: C:\Program Files\dotnet\sdk\9.0.307\Microsoft.Common.CurrentVersion.targets (580,5)
       C:\Program Files\dotnet\sdk\9.0.307\Microsoft.Common.CurrentVersion.targets(2619,5): message : 'C:\Users\alihe\AppData\Local' değerine sahip 'LOCALAPPDATA' özelliği ortamdan genişletildi.
       C:\Program Files\dotnet\sdk\9.0.307\Microsoft.Common.CurrentVersion.targets(3947,5): message : Özellik yeniden ataması: $(_SGenGenerateSerializationAssembliesConfig)="Auto" (önceki değer: "") konum: C:\Program Files\dotnet\sdk\9.0.307\Microsoft.Common.CurrentVersion.targets (3947,5)
       C:\Program Files\dotnet\sdk\9.0.307\Microsoft.Common.CurrentVersion.targets(3948,5): message : Özellik yeniden ataması: $(_SGenGenerateSerializationAssembliesConfig)="Off" (önceki değer: "Auto") konum: C:\Program Files\dotnet\sdk\9.0.307\Microsoft.Common.CurrentVersion.targets (3948,5)
       C:\Program Files\dotnet\sdk\9.0.307\Microsoft.Common.CurrentVersion.targets(5159,5): message : Özellik yeniden ataması: $(_TargetsThatPrepareProjectReferences)="
       C:\Program Files\dotnet\sdk\9.0.307\Microsoft.Common.CurrentVersion.targets(5159,5): message :       AssignProjectConfiguration;
       C:\Program Files\dotnet\sdk\9.0.307\Microsoft.Common.CurrentVersion.targets(5159,5): message :       _SplitProjectReferencesByFileExistence
       C:\Program Files\dotnet\sdk\9.0.307\Microsoft.Common.CurrentVersion.targets(5159,5): message :     " (önceki değer: "_SplitProjectReferencesByFileExistence") konum: C:\Program Files\dotnet\sdk\9.0.307\Microsoft.Common.CurrentVersion.targets (5159,5)
       C:\Program Files\dotnet\sdk\9.0.307\Microsoft.Common.CurrentVersion.targets(6954,5): message : 'C:\Program Files\dotnet\sdk\9.0.307' değerine sahip 'MSBuildExtensionsPath32' özelliği ortamdan genişletildi.
       Derleme Evaluation sırasında yüklendi: System.Threading.Tasks.Parallel, Version=9.0.0.0, Culture=neutral, PublicKeyToken=b03f5f7f11d50a3a (konum: C:\Program Files\dotnet\shared\Microsoft.NETCore.App\9.0.11\System.Threading.Tasks.Parallel.dll, MVID: f258132d-614b-4953-b99c-9d0ef2e1ac97, AssemblyLoadContext: Default)
       C:\Program Files\dotnet\sdk\9.0.307\Sdks\Microsoft.NET.Sdk\targets\Microsoft.PackageDependencyResolution.targets(24,5): message : Özellik yeniden ataması: $(ProjectAssetsFile)="C:\Users\alihe\OneDrive\Masaüstü\ForgeFlow Project\services\artifact\ForgeFlow.Artifact.Api\obj\project.assets.json" (önceki değer: "C:\Users\alihe\OneDrive\Masaüstü\ForgeFlow Project\services\artifact\ForgeFlow.Artifact.Api\obj\/project.assets.json") konum: C:\Program Files\dotnet\sdk\9.0.307\Sdks\Microsoft.NET.Sdk\targets\Microsoft.PackageDependencyResolution.targets (24,5)
       C:\Program Files\dotnet\sdk\9.0.307\Sdks\Microsoft.NET.Sdk\targets\Microsoft.PackageDependencyResolution.targets(29,5): message : Özellik yeniden ataması: $(ProjectAssetsCacheFile)="C:\Users\alihe\OneDrive\Masaüstü\ForgeFlow Project\services\artifact\ForgeFlow.Artifact.Api\obj\Debug\net8.0\ForgeFlow.Artifact.Api.assets.cache" (önceki değer: "obj\Debug\net8.0\ForgeFlow.Artifact.Api.assets.cache") konum: C:\Program Files\dotnet\sdk\9.0.307\Sdks\Microsoft.NET.Sdk\targets\Microsoft.PackageDependencyResolution.targets (29,5)
       C:\Program Files\dotnet\sdk\9.0.307\Sdks\Microsoft.NET.Sdk\targets\Microsoft.PackageDependencyResolution.targets(80,5): message : Özellik yeniden ataması: $(ResolveAssemblyReferencesDependsOn)="
       C:\Program Files\dotnet\sdk\9.0.307\Sdks\Microsoft.NET.Sdk\targets\Microsoft.PackageDependencyResolution.targets(80,5): message :       
       C:\Program Files\dotnet\sdk\9.0.307\Sdks\Microsoft.NET.Sdk\targets\Microsoft.PackageDependencyResolution.targets(80,5): message :       ResolveProjectReferences;
       C:\Program Files\dotnet\sdk\9.0.307\Sdks\Microsoft.NET.Sdk\targets\Microsoft.PackageDependencyResolution.targets(80,5): message :       FindInvalidProjectReferences;
       C:\Program Files\dotnet\sdk\9.0.307\Sdks\Microsoft.NET.Sdk\targets\Microsoft.PackageDependencyResolution.targets(80,5): message :       GetFrameworkPaths;
       C:\Program Files\dotnet\sdk\9.0.307\Sdks\Microsoft.NET.Sdk\targets\Microsoft.PackageDependencyResolution.targets(80,5): message :       GetReferenceAssemblyPaths;
       C:\Program Files\dotnet\sdk\9.0.307\Sdks\Microsoft.NET.Sdk\targets\Microsoft.PackageDependencyResolution.targets(80,5): message :       PrepareForBuild;
       C:\Program Files\dotnet\sdk\9.0.307\Sdks\Microsoft.NET.Sdk\targets\Microsoft.PackageDependencyResolution.targets(80,5): message :       ResolveSDKReferences;
       C:\Program Files\dotnet\sdk\9.0.307\Sdks\Microsoft.NET.Sdk\targets\Microsoft.PackageDependencyResolution.targets(80,5): message :       ExpandSDKReferences;
       C:\Program Files\dotnet\sdk\9.0.307\Sdks\Microsoft.NET.Sdk\targets\Microsoft.PackageDependencyResolution.targets(80,5): message :     ;
       C:\Program Files\dotnet\sdk\9.0.307\Sdks\Microsoft.NET.Sdk\targets\Microsoft.PackageDependencyResolution.targets(80,5): message :       ResolvePackageDependenciesForBuild;
       C:\Program Files\dotnet\sdk\9.0.307\Sdks\Microsoft.NET.Sdk\targets\Microsoft.PackageDependencyResolution.targets(80,5): message :       _HandlePackageFileConflicts;
       C:\Program Files\dotnet\sdk\9.0.307\Sdks\Microsoft.NET.Sdk\targets\Microsoft.PackageDependencyResolution.targets(80,5): message :     " (önceki değer: "
       C:\Program Files\dotnet\sdk\9.0.307\Sdks\Microsoft.NET.Sdk\targets\Microsoft.PackageDependencyResolution.targets(80,5): message :       ResolveProjectReferences;
       C:\Program Files\dotnet\sdk\9.0.307\Sdks\Microsoft.NET.Sdk\targets\Microsoft.PackageDependencyResolution.targets(80,5): message :       FindInvalidProjectReferences;
       C:\Program Files\dotnet\sdk\9.0.307\Sdks\Microsoft.NET.Sdk\targets\Microsoft.PackageDependencyResolution.targets(80,5): message :       GetFrameworkPaths;
       C:\Program Files\dotnet\sdk\9.0.307\Sdks\Microsoft.NET.Sdk\targets\Microsoft.PackageDependencyResolution.targets(80,5): message :       GetReferenceAssemblyPaths;
       C:\Program Files\dotnet\sdk\9.0.307\Sdks\Microsoft.NET.Sdk\targets\Microsoft.PackageDependencyResolution.targets(80,5): message :       PrepareForBuild;
       C:\Program Files\dotnet\sdk\9.0.307\Sdks\Microsoft.NET.Sdk\targets\Microsoft.PackageDependencyResolution.targets(80,5): message :       ResolveSDKReferences;
       C:\Program Files\dotnet\sdk\9.0.307\Sdks\Microsoft.NET.Sdk\targets\Microsoft.PackageDependencyResolution.targets(80,5): message :       ExpandSDKReferences;
       C:\Program Files\dotnet\sdk\9.0.307\Sdks\Microsoft.NET.Sdk\targets\Microsoft.PackageDependencyResolution.targets(80,5): message :     ") konum: C:\Program Files\dotnet\sdk\9.0.307\Sdks\Microsoft.NET.Sdk\targets\Microsoft.PackageDependencyResolution.targets (80,5)
       C:\Program Files\dotnet\sdk\9.0.307\Sdks\Microsoft.NET.Sdk\targets\Microsoft.PackageDependencyResolution.targets(86,5): message : Özellik yeniden ataması: $(PrepareResourcesDependsOn)="
       C:\Program Files\dotnet\sdk\9.0.307\Sdks\Microsoft.NET.Sdk\targets\Microsoft.PackageDependencyResolution.targets(86,5): message :       ResolvePackageDependenciesForBuild;
       C:\Program Files\dotnet\sdk\9.0.307\Sdks\Microsoft.NET.Sdk\targets\Microsoft.PackageDependencyResolution.targets(86,5): message :       _HandlePackageFileConflicts;
       C:\Program Files\dotnet\sdk\9.0.307\Sdks\Microsoft.NET.Sdk\targets\Microsoft.PackageDependencyResolution.targets(86,5): message :       
       C:\Program Files\dotnet\sdk\9.0.307\Sdks\Microsoft.NET.Sdk\targets\Microsoft.PackageDependencyResolution.targets(86,5): message :       ;
       C:\Program Files\dotnet\sdk\9.0.307\Sdks\Microsoft.NET.Sdk\targets\Microsoft.PackageDependencyResolution.targets(86,5): message :       PrepareResourceNames;
       C:\Program Files\dotnet\sdk\9.0.307\Sdks\Microsoft.NET.Sdk\targets\Microsoft.PackageDependencyResolution.targets(86,5): message :       ResGen;
       C:\Program Files\dotnet\sdk\9.0.307\Sdks\Microsoft.NET.Sdk\targets\Microsoft.PackageDependencyResolution.targets(86,5): message :       CompileLicxFiles
       C:\Program Files\dotnet\sdk\9.0.307\Sdks\Microsoft.NET.Sdk\targets\Microsoft.PackageDependencyResolution.targets(86,5): message :     
       C:\Program Files\dotnet\sdk\9.0.307\Sdks\Microsoft.NET.Sdk\targets\Microsoft.PackageDependencyResolution.targets(86,5): message :     " (önceki değer: "
       C:\Program Files\dotnet\sdk\9.0.307\Sdks\Microsoft.NET.Sdk\targets\Microsoft.PackageDependencyResolution.targets(86,5): message :       ;
       C:\Program Files\dotnet\sdk\9.0.307\Sdks\Microsoft.NET.Sdk\targets\Microsoft.PackageDependencyResolution.targets(86,5): message :       PrepareResourceNames;
       C:\Program Files\dotnet\sdk\9.0.307\Sdks\Microsoft.NET.Sdk\targets\Microsoft.PackageDependencyResolution.targets(86,5): message :       ResGen;
       C:\Program Files\dotnet\sdk\9.0.307\Sdks\Microsoft.NET.Sdk\targets\Microsoft.PackageDependencyResolution.targets(86,5): message :       CompileLicxFiles
       C:\Program Files\dotnet\sdk\9.0.307\Sdks\Microsoft.NET.Sdk\targets\Microsoft.PackageDependencyResolution.targets(86,5): message :     ") konum: C:\Program Files\dotnet\sdk\9.0.307\Sdks\Microsoft.NET.Sdk\targets\Microsoft.PackageDependencyResolution.targets (86,5)
       C:\Program Files\dotnet\sdk\9.0.307\Sdks\Microsoft.NET.Sdk\targets\Microsoft.NET.Sdk.DefaultItems.targets(27,5): message : Özellik yeniden ataması: $(DefaultItemExcludes)=";**\node_modules\**;node_modules\**;**\jspm_packages\**;jspm_packages\**;**\bower_components\**;bower_components\**;**\packages.lock.json;bin\Debug\/**;obj\Debug\/**;bin\/**" (önceki değer: ";**\node_modules\**;node_modules\**;**\jspm_packages\**;jspm_packages\**;**\bower_components\**;bower_components\**;**\packages.lock.json;bin\Debug\/**;obj\Debug\/**") konum: C:\Program Files\dotnet\sdk\9.0.307\Sdks\Microsoft.NET.Sdk\targets\Microsoft.NET.Sdk.DefaultItems.targets (27,5)
       C:\Program Files\dotnet\sdk\9.0.307\Sdks\Microsoft.NET.Sdk\targets\Microsoft.NET.Sdk.DefaultItems.targets(29,5): message : Özellik yeniden ataması: $(DefaultItemExcludes)=";**\node_modules\**;node_modules\**;**\jspm_packages\**;jspm_packages\**;**\bower_components\**;bower_components\**;**\packages.lock.json;bin\Debug\/**;obj\Debug\/**;bin\/**;obj\/**" (önceki değer: ";**\node_modules\**;node_modules\**;**\jspm_packages\**;jspm_packages\**;**\bower_components\**;bower_components\**;**\packages.lock.json;bin\Debug\/**;obj\Debug\/**;bin\/**") konum: C:\Program Files\dotnet\sdk\9.0.307\Sdks\Microsoft.NET.Sdk\targets\Microsoft.NET.Sdk.DefaultItems.targets (29,5)
       C:\Program Files\dotnet\sdk\9.0.307\Sdks\Microsoft.NET.Sdk\targets\Microsoft.NET.Sdk.DefaultItems.targets(32,5): message : Özellik yeniden ataması: $(DefaultItemExcludes)=";**\node_modules\**;node_modules\**;**\jspm_packages\**;jspm_packages\**;**\bower_components\**;bower_components\**;**\packages.lock.json;bin\Debug\/**;obj\Debug\/**;bin\/**;obj\/**;**/*.user" (önceki değer: ";**\node_modules\**;node_modules\**;**\jspm_packages\**;jspm_packages\**;**\bower_components\**;bower_components\**;**\packages.lock.json;bin\Debug\/**;obj\Debug\/**;bin\/**;obj\/**") konum: C:\Program Files\dotnet\sdk\9.0.307\Sdks\Microsoft.NET.Sdk\targets\Microsoft.NET.Sdk.DefaultItems.targets (32,5)
       C:\Program Files\dotnet\sdk\9.0.307\Sdks\Microsoft.NET.Sdk\targets\Microsoft.NET.Sdk.DefaultItems.targets(33,5): message : Özellik yeniden ataması: $(DefaultItemExcludes)=";**\node_modules\**;node_modules\**;**\jspm_packages\**;jspm_packages\**;**\bower_components\**;bower_components\**;**\packages.lock.json;bin\Debug\/**;obj\Debug\/**;bin\/**;obj\/**;**/*.user;**/*.*proj" (önceki değer: ";**\node_modules\**;node_modules\**;**\jspm_packages\**;jspm_packages\**;**\bower_components\**;bower_components\**;**\packages.lock.json;bin\Debug\/**;obj\Debug\/**;bin\/**;obj\/**;**/*.user") konum: C:\Program Files\dotnet\sdk\9.0.307\Sdks\Microsoft.NET.Sdk\targets\Microsoft.NET.Sdk.DefaultItems.targets (33,5)
       C:\Program Files\dotnet\sdk\9.0.307\Sdks\Microsoft.NET.Sdk\targets\Microsoft.NET.Sdk.DefaultItems.targets(34,5): message : Özellik yeniden ataması: $(DefaultItemExcludes)=";**\node_modules\**;node_modules\**;**\jspm_packages\**;jspm_packages\**;**\bower_components\**;bower_components\**;**\packages.lock.json;bin\Debug\/**;obj\Debug\/**;bin\/**;obj\/**;**/*.user;**/*.*proj;**/*.sln" (önceki değer: ";**\node_modules\**;node_modules\**;**\jspm_packages\**;jspm_packages\**;**\bower_components\**;bower_components\**;**\packages.lock.json;bin\Debug\/**;obj\Debug\/**;bin\/**;obj\/**;**/*.user;**/*.*proj") konum: C:\Program Files\dotnet\sdk\9.0.307\Sdks\Microsoft.NET.Sdk\targets\Microsoft.NET.Sdk.DefaultItems.targets (34,5)
       C:\Program Files\dotnet\sdk\9.0.307\Sdks\Microsoft.NET.Sdk\targets\Microsoft.NET.Sdk.DefaultItems.targets(35,5): message : Özellik yeniden ataması: $(DefaultItemExcludes)=";**\node_modules\**;node_modules\**;**\jspm_packages\**;jspm_packages\**;**\bower_components\**;bower_components\**;**\packages.lock.json;bin\Debug\/**;obj\Debug\/**;bin\/**;obj\/**;**/*.user;**/*.*proj;**/*.sln;**/*.slnx" (önceki değer: ";**\node_modules\**;node_modules\**;**\jspm_packages\**;jspm_packages\**;**\bower_components\**;bower_components\**;**\packages.lock.json;bin\Debug\/**;obj\Debug\/**;bin\/**;obj\/**;**/*.user;**/*.*proj;**/*.sln") konum: C:\Program Files\dotnet\sdk\9.0.307\Sdks\Microsoft.NET.Sdk\targets\Microsoft.NET.Sdk.DefaultItems.targets (35,5)
       C:\Program Files\dotnet\sdk\9.0.307\Sdks\Microsoft.NET.Sdk\targets\Microsoft.NET.Sdk.DefaultItems.targets(36,5): message : Özellik yeniden ataması: $(DefaultItemExcludes)=";**\node_modules\**;node_modules\**;**\jspm_packages\**;jspm_packages\**;**\bower_components\**;bower_components\**;**\packages.lock.json;bin\Debug\/**;obj\Debug\/**;bin\/**;obj\/**;**/*.user;**/*.*proj;**/*.sln;**/*.slnx;**/*.vssscc" (önceki değer: ";**\node_modules\**;node_modules\**;**\jspm_packages\**;jspm_packages\**;**\bower_components\**;bower_components\**;**\packages.lock.json;bin\Debug\/**;obj\Debug\/**;bin\/**;obj\/**;**/*.user;**/*.*proj;**/*.sln;**/*.slnx") konum: C:\Program Files\dotnet\sdk\9.0.307\Sdks\Microsoft.NET.Sdk\targets\Microsoft.NET.Sdk.DefaultItems.targets (36,5)
       C:\Program Files\dotnet\sdk\9.0.307\Sdks\Microsoft.NET.Sdk\targets\Microsoft.NET.Sdk.DefaultItems.targets(37,5): message : Özellik yeniden ataması: $(DefaultItemExcludes)=";**\node_modules\**;node_modules\**;**\jspm_packages\**;jspm_packages\**;**\bower_components\**;bower_components\**;**\packages.lock.json;bin\Debug\/**;obj\Debug\/**;bin\/**;obj\/**;**/*.user;**/*.*proj;**/*.sln;**/*.slnx;**/*.vssscc;**/.DS_Store" (önceki değer: ";**\node_modules\**;node_modules\**;**\jspm_packages\**;jspm_packages\**;**\bower_components\**;bower_components\**;**\packages.lock.json;bin\Debug\/**;obj\Debug\/**;bin\/**;obj\/**;**/*.user;**/*.*proj;**/*.sln;**/*.slnx;**/*.vssscc") konum: C:\Program Files\dotnet\sdk\9.0.307\Sdks\Microsoft.NET.Sdk\targets\Microsoft.NET.Sdk.DefaultItems.targets (37,5)
       C:\Program Files\dotnet\sdk\9.0.307\Sdks\Microsoft.NET.Sdk\targets\Microsoft.NET.Sdk.FrameworkReferenceResolution.targets(14,5): message : Özellik yeniden ataması: $(ResolveAssemblyReferencesDependsOn)="
       C:\Program Files\dotnet\sdk\9.0.307\Sdks\Microsoft.NET.Sdk\targets\Microsoft.NET.Sdk.FrameworkReferenceResolution.targets(14,5): message :       
       C:\Program Files\dotnet\sdk\9.0.307\Sdks\Microsoft.NET.Sdk\targets\Microsoft.NET.Sdk.FrameworkReferenceResolution.targets(14,5): message :       
       C:\Program Files\dotnet\sdk\9.0.307\Sdks\Microsoft.NET.Sdk\targets\Microsoft.NET.Sdk.FrameworkReferenceResolution.targets(14,5): message :       ResolveProjectReferences;
       C:\Program Files\dotnet\sdk\9.0.307\Sdks\Microsoft.NET.Sdk\targets\Microsoft.NET.Sdk.FrameworkReferenceResolution.targets(14,5): message :       FindInvalidProjectReferences;
       C:\Program Files\dotnet\sdk\9.0.307\Sdks\Microsoft.NET.Sdk\targets\Microsoft.NET.Sdk.FrameworkReferenceResolution.targets(14,5): message :       GetFrameworkPaths;
       C:\Program Files\dotnet\sdk\9.0.307\Sdks\Microsoft.NET.Sdk\targets\Microsoft.NET.Sdk.FrameworkReferenceResolution.targets(14,5): message :       GetReferenceAssemblyPaths;
       C:\Program Files\dotnet\sdk\9.0.307\Sdks\Microsoft.NET.Sdk\targets\Microsoft.NET.Sdk.FrameworkReferenceResolution.targets(14,5): message :       PrepareForBuild;
       C:\Program Files\dotnet\sdk\9.0.307\Sdks\Microsoft.NET.Sdk\targets\Microsoft.NET.Sdk.FrameworkReferenceResolution.targets(14,5): message :       ResolveSDKReferences;
       C:\Program Files\dotnet\sdk\9.0.307\Sdks\Microsoft.NET.Sdk\targets\Microsoft.NET.Sdk.FrameworkReferenceResolution.targets(14,5): message :       ExpandSDKReferences;
       C:\Program Files\dotnet\sdk\9.0.307\Sdks\Microsoft.NET.Sdk\targets\Microsoft.NET.Sdk.FrameworkReferenceResolution.targets(14,5): message :     ;
       C:\Program Files\dotnet\sdk\9.0.307\Sdks\Microsoft.NET.Sdk\targets\Microsoft.NET.Sdk.FrameworkReferenceResolution.targets(14,5): message :       ResolvePackageDependenciesForBuild;
       C:\Program Files\dotnet\sdk\9.0.307\Sdks\Microsoft.NET.Sdk\targets\Microsoft.NET.Sdk.FrameworkReferenceResolution.targets(14,5): message :       _HandlePackageFileConflicts;
       C:\Program Files\dotnet\sdk\9.0.307\Sdks\Microsoft.NET.Sdk\targets\Microsoft.NET.Sdk.FrameworkReferenceResolution.targets(14,5): message :     ;
       C:\Program Files\dotnet\sdk\9.0.307\Sdks\Microsoft.NET.Sdk\targets\Microsoft.NET.Sdk.FrameworkReferenceResolution.targets(14,5): message :       ResolveTargetingPackAssets;
       C:\Program Files\dotnet\sdk\9.0.307\Sdks\Microsoft.NET.Sdk\targets\Microsoft.NET.Sdk.FrameworkReferenceResolution.targets(14,5): message :     " (önceki değer: "
       C:\Program Files\dotnet\sdk\9.0.307\Sdks\Microsoft.NET.Sdk\targets\Microsoft.NET.Sdk.FrameworkReferenceResolution.targets(14,5): message :       
       C:\Program Files\dotnet\sdk\9.0.307\Sdks\Microsoft.NET.Sdk\targets\Microsoft.NET.Sdk.FrameworkReferenceResolution.targets(14,5): message :       ResolveProjectReferences;
       C:\Program Files\dotnet\sdk\9.0.307\Sdks\Microsoft.NET.Sdk\targets\Microsoft.NET.Sdk.FrameworkReferenceResolution.targets(14,5): message :       FindInvalidProjectReferences;
       C:\Program Files\dotnet\sdk\9.0.307\Sdks\Microsoft.NET.Sdk\targets\Microsoft.NET.Sdk.FrameworkReferenceResolution.targets(14,5): message :       GetFrameworkPaths;
       C:\Program Files\dotnet\sdk\9.0.307\Sdks\Microsoft.NET.Sdk\targets\Microsoft.NET.Sdk.FrameworkReferenceResolution.targets(14,5): message :       GetReferenceAssemblyPaths;
       C:\Program Files\dotnet\sdk\9.0.307\Sdks\Microsoft.NET.Sdk\targets\Microsoft.NET.Sdk.FrameworkReferenceResolution.targets(14,5): message :       PrepareForBuild;
       C:\Program Files\dotnet\sdk\9.0.307\Sdks\Microsoft.NET.Sdk\targets\Microsoft.NET.Sdk.FrameworkReferenceResolution.targets(14,5): message :       ResolveSDKReferences;
       C:\Program Files\dotnet\sdk\9.0.307\Sdks\Microsoft.NET.Sdk\targets\Microsoft.NET.Sdk.FrameworkReferenceResolution.targets(14,5): message :       ExpandSDKReferences;
       C:\Program Files\dotnet\sdk\9.0.307\Sdks\Microsoft.NET.Sdk\targets\Microsoft.NET.Sdk.FrameworkReferenceResolution.targets(14,5): message :     ;
       C:\Program Files\dotnet\sdk\9.0.307\Sdks\Microsoft.NET.Sdk\targets\Microsoft.NET.Sdk.FrameworkReferenceResolution.targets(14,5): message :       ResolvePackageDependenciesForBuild;
       C:\Program Files\dotnet\sdk\9.0.307\Sdks\Microsoft.NET.Sdk\targets\Microsoft.NET.Sdk.FrameworkReferenceResolution.targets(14,5): message :       _HandlePackageFileConflicts;
       C:\Program Files\dotnet\sdk\9.0.307\Sdks\Microsoft.NET.Sdk\targets\Microsoft.NET.Sdk.FrameworkReferenceResolution.targets(14,5): message :     ") konum: C:\Program Files\dotnet\sdk\9.0.307\Sdks\Microsoft.NET.Sdk\targets\Microsoft.NET.Sdk.FrameworkReferenceResolution.targets (14,5)
       C:\Program Files\dotnet\sdk\9.0.307\Sdks\Microsoft.NET.Sdk\targets\Microsoft.NET.Sdk.targets(44,5): message : Özellik yeniden ataması: $(_GenerateRuntimeConfigurationPropertyInputsCache)="C:\Users\alihe\OneDrive\Masaüstü\ForgeFlow Project\services\artifact\ForgeFlow.Artifact.Api\obj\Debug\net8.0\ForgeFlow.Artifact.Api.genruntimeconfig.cache" (önceki değer: "obj\Debug\net8.0\ForgeFlow.Artifact.Api.genruntimeconfig.cache") konum: C:\Program Files\dotnet\sdk\9.0.307\Sdks\Microsoft.NET.Sdk\targets\Microsoft.NET.Sdk.targets (44,5)
       C:\Program Files\dotnet\sdk\9.0.307\Sdks\Microsoft.NET.Sdk\targets\Microsoft.NET.Sdk.targets(46,5): message : Özellik yeniden ataması: $(_GeneratePublishDependencyFilePropertyInputsCache)="C:\Users\alihe\OneDrive\Masaüstü\ForgeFlow Project\services\artifact\ForgeFlow.Artifact.Api\obj\Debug\net8.0\ForgeFlow.Artifact.Api.genpublishdeps.cache" (önceki değer: "obj\Debug\net8.0\ForgeFlow.Artifact.Api.genpublishdeps.cache") konum: C:\Program Files\dotnet\sdk\9.0.307\Sdks\Microsoft.NET.Sdk\targets\Microsoft.NET.Sdk.targets (46,5)
       C:\Program Files\dotnet\sdk\9.0.307\Sdks\Microsoft.NET.Sdk\targets\Microsoft.NET.Sdk.targets(48,5): message : Özellik yeniden ataması: $(_GenerateSingleFileBundlePropertyInputsCache)="C:\Users\alihe\OneDrive\Masaüstü\ForgeFlow Project\services\artifact\ForgeFlow.Artifact.Api\obj\Debug\net8.0\ForgeFlow.Artifact.Api.genbundle.cache" (önceki değer: "obj\Debug\net8.0\ForgeFlow.Artifact.Api.genbundle.cache") konum: C:\Program Files\dotnet\sdk\9.0.307\Sdks\Microsoft.NET.Sdk\targets\Microsoft.NET.Sdk.targets (48,5)
       C:\Program Files\dotnet\sdk\9.0.307\Sdks\Microsoft.NET.Sdk\targets\Microsoft.NET.Sdk.targets(81,5): message : Özellik yeniden ataması: $(GenerateRuntimeConfigDevFile)="false" (önceki değer: "true") konum: C:\Program Files\dotnet\sdk\9.0.307\Sdks\Microsoft.NET.Sdk\targets\Microsoft.NET.Sdk.targets (81,5)
       C:\Program Files\dotnet\sdk\9.0.307\Sdks\Microsoft.NET.Sdk\targets\Microsoft.NET.Sdk.targets(97,5): message : 'C:\Users\alihe' değerine sahip 'USERPROFILE' özelliği ortamdan genişletildi.
       C:\Program Files\dotnet\sdk\9.0.307\Sdks\Microsoft.NET.Sdk\targets\Microsoft.NET.Sdk.targets(97,5): message : Özellik yeniden ataması: $(_DefaultUserProfileRuntimeStorePath)="C:\Users\alihe" (önceki değer: "") konum: C:\Program Files\dotnet\sdk\9.0.307\Sdks\Microsoft.NET.Sdk\targets\Microsoft.NET.Sdk.targets (97,5)
       C:\Program Files\dotnet\sdk\9.0.307\Sdks\Microsoft.NET.Sdk\targets\Microsoft.NET.Sdk.targets(98,5): message : Özellik yeniden ataması: $(_DefaultUserProfileRuntimeStorePath)="C:\Users\alihe\.dotnet\store" (önceki değer: "C:\Users\alihe") konum: C:\Program Files\dotnet\sdk\9.0.307\Sdks\Microsoft.NET.Sdk\targets\Microsoft.NET.Sdk.targets (98,5)
       C:\Program Files\dotnet\sdk\9.0.307\Sdks\Microsoft.NET.Sdk\targets\Microsoft.NET.Sdk.targets(140,5): message : Özellik yeniden ataması: $(AvailablePlatforms)="Any CPU,x86,x64,ARM32" (önceki değer: "Any CPU,x86,x64") konum: C:\Program Files\dotnet\sdk\9.0.307\Sdks\Microsoft.NET.Sdk\targets\Microsoft.NET.Sdk.targets (140,5)
       C:\Program Files\dotnet\sdk\9.0.307\Sdks\Microsoft.NET.Sdk\targets\Microsoft.NET.Sdk.targets(144,5): message : Özellik yeniden ataması: $(AvailablePlatforms)="Any CPU,x86,x64,ARM32,ARM64" (önceki değer: "Any CPU,x86,x64,ARM32") konum: C:\Program Files\dotnet\sdk\9.0.307\Sdks\Microsoft.NET.Sdk\targets\Microsoft.NET.Sdk.targets (144,5)
       C:\Program Files\dotnet\sdk\9.0.307\Sdks\Microsoft.NET.Sdk\targets\Microsoft.NET.Sdk.targets(201,5): message : Özellik yeniden ataması: $(CoreBuildDependsOn)="
       C:\Program Files\dotnet\sdk\9.0.307\Sdks\Microsoft.NET.Sdk\targets\Microsoft.NET.Sdk.targets(201,5): message :       _CheckForBuildWithNoBuild;
       C:\Program Files\dotnet\sdk\9.0.307\Sdks\Microsoft.NET.Sdk\targets\Microsoft.NET.Sdk.targets(201,5): message :       
       C:\Program Files\dotnet\sdk\9.0.307\Sdks\Microsoft.NET.Sdk\targets\Microsoft.NET.Sdk.targets(201,5): message :       BuildOnlySettings;
       C:\Program Files\dotnet\sdk\9.0.307\Sdks\Microsoft.NET.Sdk\targets\Microsoft.NET.Sdk.targets(201,5): message :       PrepareForBuild;
       C:\Program Files\dotnet\sdk\9.0.307\Sdks\Microsoft.NET.Sdk\targets\Microsoft.NET.Sdk.targets(201,5): message :       PreBuildEvent;
       C:\Program Files\dotnet\sdk\9.0.307\Sdks\Microsoft.NET.Sdk\targets\Microsoft.NET.Sdk.targets(201,5): message :       ResolveReferences;
       C:\Program Files\dotnet\sdk\9.0.307\Sdks\Microsoft.NET.Sdk\targets\Microsoft.NET.Sdk.targets(201,5): message :       PrepareResources;
       C:\Program Files\dotnet\sdk\9.0.307\Sdks\Microsoft.NET.Sdk\targets\Microsoft.NET.Sdk.targets(201,5): message :       ResolveKeySource;
       C:\Program Files\dotnet\sdk\9.0.307\Sdks\Microsoft.NET.Sdk\targets\Microsoft.NET.Sdk.targets(201,5): message :       Compile;
       C:\Program Files\dotnet\sdk\9.0.307\Sdks\Microsoft.NET.Sdk\targets\Microsoft.NET.Sdk.targets(201,5): message :       ExportWindowsMDFile;
       C:\Program Files\dotnet\sdk\9.0.307\Sdks\Microsoft.NET.Sdk\targets\Microsoft.NET.Sdk.targets(201,5): message :       UnmanagedUnregistration;
       C:\Program Files\dotnet\sdk\9.0.307\Sdks\Microsoft.NET.Sdk\targets\Microsoft.NET.Sdk.targets(201,5): message :       GenerateSerializationAssemblies;
       C:\Program Files\dotnet\sdk\9.0.307\Sdks\Microsoft.NET.Sdk\targets\Microsoft.NET.Sdk.targets(201,5): message :       CreateSatelliteAssemblies;
       C:\Program Files\dotnet\sdk\9.0.307\Sdks\Microsoft.NET.Sdk\targets\Microsoft.NET.Sdk.targets(201,5): message :       GenerateManifests;
       C:\Program Files\dotnet\sdk\9.0.307\Sdks\Microsoft.NET.Sdk\targets\Microsoft.NET.Sdk.targets(201,5): message :       GetTargetPath;
       C:\Program Files\dotnet\sdk\9.0.307\Sdks\Microsoft.NET.Sdk\targets\Microsoft.NET.Sdk.targets(201,5): message :       PrepareForRun;
       C:\Program Files\dotnet\sdk\9.0.307\Sdks\Microsoft.NET.Sdk\targets\Microsoft.NET.Sdk.targets(201,5): message :       UnmanagedRegistration;
       C:\Program Files\dotnet\sdk\9.0.307\Sdks\Microsoft.NET.Sdk\targets\Microsoft.NET.Sdk.targets(201,5): message :       IncrementalClean;
       C:\Program Files\dotnet\sdk\9.0.307\Sdks\Microsoft.NET.Sdk\targets\Microsoft.NET.Sdk.targets(201,5): message :       PostBuildEvent
       C:\Program Files\dotnet\sdk\9.0.307\Sdks\Microsoft.NET.Sdk\targets\Microsoft.NET.Sdk.targets(201,5): message :     ;
       C:\Program Files\dotnet\sdk\9.0.307\Sdks\Microsoft.NET.Sdk\targets\Microsoft.NET.Sdk.targets(201,5): message :       GenerateBuildDependencyFile;
       C:\Program Files\dotnet\sdk\9.0.307\Sdks\Microsoft.NET.Sdk\targets\Microsoft.NET.Sdk.targets(201,5): message :       GenerateBuildRuntimeConfigurationFiles
       C:\Program Files\dotnet\sdk\9.0.307\Sdks\Microsoft.NET.Sdk\targets\Microsoft.NET.Sdk.targets(201,5): message :     " (önceki değer: "
       C:\Program Files\dotnet\sdk\9.0.307\Sdks\Microsoft.NET.Sdk\targets\Microsoft.NET.Sdk.targets(201,5): message :       BuildOnlySettings;
       C:\Program Files\dotnet\sdk\9.0.307\Sdks\Microsoft.NET.Sdk\targets\Microsoft.NET.Sdk.targets(201,5): message :       PrepareForBuild;
       C:\Program Files\dotnet\sdk\9.0.307\Sdks\Microsoft.NET.Sdk\targets\Microsoft.NET.Sdk.targets(201,5): message :       PreBuildEvent;
       C:\Program Files\dotnet\sdk\9.0.307\Sdks\Microsoft.NET.Sdk\targets\Microsoft.NET.Sdk.targets(201,5): message :       ResolveReferences;
       C:\Program Files\dotnet\sdk\9.0.307\Sdks\Microsoft.NET.Sdk\targets\Microsoft.NET.Sdk.targets(201,5): message :       PrepareResources;
       C:\Program Files\dotnet\sdk\9.0.307\Sdks\Microsoft.NET.Sdk\targets\Microsoft.NET.Sdk.targets(201,5): message :       ResolveKeySource;
       C:\Program Files\dotnet\sdk\9.0.307\Sdks\Microsoft.NET.Sdk\targets\Microsoft.NET.Sdk.targets(201,5): message :       Compile;
       C:\Program Files\dotnet\sdk\9.0.307\Sdks\Microsoft.NET.Sdk\targets\Microsoft.NET.Sdk.targets(201,5): message :       ExportWindowsMDFile;
       C:\Program Files\dotnet\sdk\9.0.307\Sdks\Microsoft.NET.Sdk\targets\Microsoft.NET.Sdk.targets(201,5): message :       UnmanagedUnregistration;
       C:\Program Files\dotnet\sdk\9.0.307\Sdks\Microsoft.NET.Sdk\targets\Microsoft.NET.Sdk.targets(201,5): message :       GenerateSerializationAssemblies;
       C:\Program Files\dotnet\sdk\9.0.307\Sdks\Microsoft.NET.Sdk\targets\Microsoft.NET.Sdk.targets(201,5): message :       CreateSatelliteAssemblies;
       C:\Program Files\dotnet\sdk\9.0.307\Sdks\Microsoft.NET.Sdk\targets\Microsoft.NET.Sdk.targets(201,5): message :       GenerateManifests;
       C:\Program Files\dotnet\sdk\9.0.307\Sdks\Microsoft.NET.Sdk\targets\Microsoft.NET.Sdk.targets(201,5): message :       GetTargetPath;
       C:\Program Files\dotnet\sdk\9.0.307\Sdks\Microsoft.NET.Sdk\targets\Microsoft.NET.Sdk.targets(201,5): message :       PrepareForRun;
       C:\Program Files\dotnet\sdk\9.0.307\Sdks\Microsoft.NET.Sdk\targets\Microsoft.NET.Sdk.targets(201,5): message :       UnmanagedRegistration;
       C:\Program Files\dotnet\sdk\9.0.307\Sdks\Microsoft.NET.Sdk\targets\Microsoft.NET.Sdk.targets(201,5): message :       IncrementalClean;
       C:\Program Files\dotnet\sdk\9.0.307\Sdks\Microsoft.NET.Sdk\targets\Microsoft.NET.Sdk.targets(201,5): message :       PostBuildEvent
       C:\Program Files\dotnet\sdk\9.0.307\Sdks\Microsoft.NET.Sdk\targets\Microsoft.NET.Sdk.targets(201,5): message :     ") konum: C:\Program Files\dotnet\sdk\9.0.307\Sdks\Microsoft.NET.Sdk\targets\Microsoft.NET.Sdk.targets (201,5)
       C:\Program Files\dotnet\sdk\9.0.307\Sdks\Microsoft.NET.Sdk\targets\Microsoft.NET.Sdk.targets(210,5): message : Özellik yeniden ataması: $(CoreCleanDependsOn)="
       C:\Program Files\dotnet\sdk\9.0.307\Sdks\Microsoft.NET.Sdk\targets\Microsoft.NET.Sdk.targets(210,5): message :       _SdkBeforeClean;
       C:\Program Files\dotnet\sdk\9.0.307\Sdks\Microsoft.NET.Sdk\targets\Microsoft.NET.Sdk.targets(210,5): message :       
       C:\Program Files\dotnet\sdk\9.0.307\Sdks\Microsoft.NET.Sdk\targets\Microsoft.NET.Sdk.targets(210,5): message :     " (önceki değer: "") konum: C:\Program Files\dotnet\sdk\9.0.307\Sdks\Microsoft.NET.Sdk\targets\Microsoft.NET.Sdk.targets (210,5)
       C:\Program Files\dotnet\sdk\9.0.307\Sdks\Microsoft.NET.Sdk\targets\Microsoft.NET.Sdk.targets(217,5): message : Özellik yeniden ataması: $(RebuildDependsOn)="
       C:\Program Files\dotnet\sdk\9.0.307\Sdks\Microsoft.NET.Sdk\targets\Microsoft.NET.Sdk.targets(217,5): message :       _SdkBeforeRebuild;
       C:\Program Files\dotnet\sdk\9.0.307\Sdks\Microsoft.NET.Sdk\targets\Microsoft.NET.Sdk.targets(217,5): message :       
       C:\Program Files\dotnet\sdk\9.0.307\Sdks\Microsoft.NET.Sdk\targets\Microsoft.NET.Sdk.targets(217,5): message :       BeforeRebuild;
       C:\Program Files\dotnet\sdk\9.0.307\Sdks\Microsoft.NET.Sdk\targets\Microsoft.NET.Sdk.targets(217,5): message :       Clean;
       C:\Program Files\dotnet\sdk\9.0.307\Sdks\Microsoft.NET.Sdk\targets\Microsoft.NET.Sdk.targets(217,5): message :       Build;
       C:\Program Files\dotnet\sdk\9.0.307\Sdks\Microsoft.NET.Sdk\targets\Microsoft.NET.Sdk.targets(217,5): message :       AfterRebuild;
       C:\Program Files\dotnet\sdk\9.0.307\Sdks\Microsoft.NET.Sdk\targets\Microsoft.NET.Sdk.targets(217,5): message :     
       C:\Program Files\dotnet\sdk\9.0.307\Sdks\Microsoft.NET.Sdk\targets\Microsoft.NET.Sdk.targets(217,5): message :     " (önceki değer: "
       C:\Program Files\dotnet\sdk\9.0.307\Sdks\Microsoft.NET.Sdk\targets\Microsoft.NET.Sdk.targets(217,5): message :       BeforeRebuild;
       C:\Program Files\dotnet\sdk\9.0.307\Sdks\Microsoft.NET.Sdk\targets\Microsoft.NET.Sdk.targets(217,5): message :       Clean;
       C:\Program Files\dotnet\sdk\9.0.307\Sdks\Microsoft.NET.Sdk\targets\Microsoft.NET.Sdk.targets(217,5): message :       Build;
       C:\Program Files\dotnet\sdk\9.0.307\Sdks\Microsoft.NET.Sdk\targets\Microsoft.NET.Sdk.targets(217,5): message :       AfterRebuild;
       C:\Program Files\dotnet\sdk\9.0.307\Sdks\Microsoft.NET.Sdk\targets\Microsoft.NET.Sdk.targets(217,5): message :     ") konum: C:\Program Files\dotnet\sdk\9.0.307\Sdks\Microsoft.NET.Sdk\targets\Microsoft.NET.Sdk.targets (217,5)
       C:\Program Files\dotnet\sdk\9.0.307\Sdks\Microsoft.NET.Sdk\targets\Microsoft.NET.Sdk.targets(784,5): message : Özellik yeniden ataması: $(CompileDependsOn)="
       C:\Program Files\dotnet\sdk\9.0.307\Sdks\Microsoft.NET.Sdk\targets\Microsoft.NET.Sdk.targets(784,5): message :       
       C:\Program Files\dotnet\sdk\9.0.307\Sdks\Microsoft.NET.Sdk\targets\Microsoft.NET.Sdk.targets(784,5): message :       ResolveReferences;
       C:\Program Files\dotnet\sdk\9.0.307\Sdks\Microsoft.NET.Sdk\targets\Microsoft.NET.Sdk.targets(784,5): message :       ResolveKeySource;
       C:\Program Files\dotnet\sdk\9.0.307\Sdks\Microsoft.NET.Sdk\targets\Microsoft.NET.Sdk.targets(784,5): message :       SetWin32ManifestProperties;
       C:\Program Files\dotnet\sdk\9.0.307\Sdks\Microsoft.NET.Sdk\targets\Microsoft.NET.Sdk.targets(784,5): message :       _SetPreferNativeArm64Win32ManifestProperties;
       C:\Program Files\dotnet\sdk\9.0.307\Sdks\Microsoft.NET.Sdk\targets\Microsoft.NET.Sdk.targets(784,5): message :       FindReferenceAssembliesForReferences;
       C:\Program Files\dotnet\sdk\9.0.307\Sdks\Microsoft.NET.Sdk\targets\Microsoft.NET.Sdk.targets(784,5): message :       _GenerateCompileInputs;
       C:\Program Files\dotnet\sdk\9.0.307\Sdks\Microsoft.NET.Sdk\targets\Microsoft.NET.Sdk.targets(784,5): message :       BeforeCompile;
       C:\Program Files\dotnet\sdk\9.0.307\Sdks\Microsoft.NET.Sdk\targets\Microsoft.NET.Sdk.targets(784,5): message :       _TimeStampBeforeCompile;
       C:\Program Files\dotnet\sdk\9.0.307\Sdks\Microsoft.NET.Sdk\targets\Microsoft.NET.Sdk.targets(784,5): message :       _GenerateCompileDependencyCache;
       C:\Program Files\dotnet\sdk\9.0.307\Sdks\Microsoft.NET.Sdk\targets\Microsoft.NET.Sdk.targets(784,5): message :       CoreCompile;
       C:\Program Files\dotnet\sdk\9.0.307\Sdks\Microsoft.NET.Sdk\targets\Microsoft.NET.Sdk.targets(784,5): message :       _TimeStampAfterCompile;
       C:\Program Files\dotnet\sdk\9.0.307\Sdks\Microsoft.NET.Sdk\targets\Microsoft.NET.Sdk.targets(784,5): message :       AfterCompile;
       C:\Program Files\dotnet\sdk\9.0.307\Sdks\Microsoft.NET.Sdk\targets\Microsoft.NET.Sdk.targets(784,5): message :     ;
       C:\Program Files\dotnet\sdk\9.0.307\Sdks\Microsoft.NET.Sdk\targets\Microsoft.NET.Sdk.targets(784,5): message :       _CreateAppHost;
       C:\Program Files\dotnet\sdk\9.0.307\Sdks\Microsoft.NET.Sdk\targets\Microsoft.NET.Sdk.targets(784,5): message :       _CreateComHost;
       C:\Program Files\dotnet\sdk\9.0.307\Sdks\Microsoft.NET.Sdk\targets\Microsoft.NET.Sdk.targets(784,5): message :       _GetIjwHostPaths;
       C:\Program Files\dotnet\sdk\9.0.307\Sdks\Microsoft.NET.Sdk\targets\Microsoft.NET.Sdk.targets(784,5): message :     " (önceki değer: "
       C:\Program Files\dotnet\sdk\9.0.307\Sdks\Microsoft.NET.Sdk\targets\Microsoft.NET.Sdk.targets(784,5): message :       ResolveReferences;
       C:\Program Files\dotnet\sdk\9.0.307\Sdks\Microsoft.NET.Sdk\targets\Microsoft.NET.Sdk.targets(784,5): message :       ResolveKeySource;
       C:\Program Files\dotnet\sdk\9.0.307\Sdks\Microsoft.NET.Sdk\targets\Microsoft.NET.Sdk.targets(784,5): message :       SetWin32ManifestProperties;
       C:\Program Files\dotnet\sdk\9.0.307\Sdks\Microsoft.NET.Sdk\targets\Microsoft.NET.Sdk.targets(784,5): message :       _SetPreferNativeArm64Win32ManifestProperties;
       C:\Program Files\dotnet\sdk\9.0.307\Sdks\Microsoft.NET.Sdk\targets\Microsoft.NET.Sdk.targets(784,5): message :       FindReferenceAssembliesForReferences;
       C:\Program Files\dotnet\sdk\9.0.307\Sdks\Microsoft.NET.Sdk\targets\Microsoft.NET.Sdk.targets(784,5): message :       _GenerateCompileInputs;
       C:\Program Files\dotnet\sdk\9.0.307\Sdks\Microsoft.NET.Sdk\targets\Microsoft.NET.Sdk.targets(784,5): message :       BeforeCompile;
       C:\Program Files\dotnet\sdk\9.0.307\Sdks\Microsoft.NET.Sdk\targets\Microsoft.NET.Sdk.targets(784,5): message :       _TimeStampBeforeCompile;
       C:\Program Files\dotnet\sdk\9.0.307\Sdks\Microsoft.NET.Sdk\targets\Microsoft.NET.Sdk.targets(784,5): message :       _GenerateCompileDependencyCache;
       C:\Program Files\dotnet\sdk\9.0.307\Sdks\Microsoft.NET.Sdk\targets\Microsoft.NET.Sdk.targets(784,5): message :       CoreCompile;
       C:\Program Files\dotnet\sdk\9.0.307\Sdks\Microsoft.NET.Sdk\targets\Microsoft.NET.Sdk.targets(784,5): message :       _TimeStampAfterCompile;
       C:\Program Files\dotnet\sdk\9.0.307\Sdks\Microsoft.NET.Sdk\targets\Microsoft.NET.Sdk.targets(784,5): message :       AfterCompile;
       C:\Program Files\dotnet\sdk\9.0.307\Sdks\Microsoft.NET.Sdk\targets\Microsoft.NET.Sdk.targets(784,5): message :     ") konum: C:\Program Files\dotnet\sdk\9.0.307\Sdks\Microsoft.NET.Sdk\targets\Microsoft.NET.Sdk.targets (784,5)
       C:\Program Files\dotnet\sdk\9.0.307\Sdks\Microsoft.NET.Sdk\targets\Microsoft.NET.Sdk.targets(1184,5): message : Özellik yeniden ataması: $(CreateSatelliteAssembliesDependsOn)="
       C:\Program Files\dotnet\sdk\9.0.307\Sdks\Microsoft.NET.Sdk\targets\Microsoft.NET.Sdk.targets(1184,5): message :       
       C:\Program Files\dotnet\sdk\9.0.307\Sdks\Microsoft.NET.Sdk\targets\Microsoft.NET.Sdk.targets(1184,5): message :       ;
       C:\Program Files\dotnet\sdk\9.0.307\Sdks\Microsoft.NET.Sdk\targets\Microsoft.NET.Sdk.targets(1184,5): message :       _GenerateSatelliteAssemblyInputs;
       C:\Program Files\dotnet\sdk\9.0.307\Sdks\Microsoft.NET.Sdk\targets\Microsoft.NET.Sdk.targets(1184,5): message :       ComputeIntermediateSatelliteAssemblies;
       C:\Program Files\dotnet\sdk\9.0.307\Sdks\Microsoft.NET.Sdk\targets\Microsoft.NET.Sdk.targets(1184,5): message :       GenerateSatelliteAssemblies
       C:\Program Files\dotnet\sdk\9.0.307\Sdks\Microsoft.NET.Sdk\targets\Microsoft.NET.Sdk.targets(1184,5): message :     ;
       C:\Program Files\dotnet\sdk\9.0.307\Sdks\Microsoft.NET.Sdk\targets\Microsoft.NET.Sdk.targets(1184,5): message :       CoreGenerateSatelliteAssemblies
       C:\Program Files\dotnet\sdk\9.0.307\Sdks\Microsoft.NET.Sdk\targets\Microsoft.NET.Sdk.targets(1184,5): message :     " (önceki değer: "
       C:\Program Files\dotnet\sdk\9.0.307\Sdks\Microsoft.NET.Sdk\targets\Microsoft.NET.Sdk.targets(1184,5): message :       ;
       C:\Program Files\dotnet\sdk\9.0.307\Sdks\Microsoft.NET.Sdk\targets\Microsoft.NET.Sdk.targets(1184,5): message :       _GenerateSatelliteAssemblyInputs;
       C:\Program Files\dotnet\sdk\9.0.307\Sdks\Microsoft.NET.Sdk\targets\Microsoft.NET.Sdk.targets(1184,5): message :       ComputeIntermediateSatelliteAssemblies;
       C:\Program Files\dotnet\sdk\9.0.307\Sdks\Microsoft.NET.Sdk\targets\Microsoft.NET.Sdk.targets(1184,5): message :       GenerateSatelliteAssemblies
       C:\Program Files\dotnet\sdk\9.0.307\Sdks\Microsoft.NET.Sdk\targets\Microsoft.NET.Sdk.targets(1184,5): message :     ") konum: C:\Program Files\dotnet\sdk\9.0.307\Sdks\Microsoft.NET.Sdk\targets\Microsoft.NET.Sdk.targets (1184,5)
       C:\Program Files\dotnet\sdk\9.0.307\Sdks\Microsoft.SourceLink.GitLab\build\Microsoft.SourceLink.GitLab.targets(12,5): message : Özellik yeniden ataması: $(SourceLinkUrlInitializerTargets)=";_InitializeGitHubSourceLinkUrl;_InitializeGitLabSourceLinkUrl" (önceki değer: ";_InitializeGitHubSourceLinkUrl") konum: C:\Program Files\dotnet\sdk\9.0.307\Sdks\Microsoft.SourceLink.GitLab\build\Microsoft.SourceLink.GitLab.targets (12,5)
       C:\Program Files\dotnet\sdk\9.0.307\Sdks\Microsoft.SourceLink.GitLab\build\Microsoft.SourceLink.GitLab.targets(13,5): message : Özellik yeniden ataması: $(SourceControlManagerUrlTranslationTargets)=";TranslateGitHubUrlsInSourceControlInformation;TranslateGitLabUrlsInSourceControlInformation" (önceki değer: ";TranslateGitHubUrlsInSourceControlInformation") konum: C:\Program Files\dotnet\sdk\9.0.307\Sdks\Microsoft.SourceLink.GitLab\build\Microsoft.SourceLink.GitLab.targets (13,5)
       C:\Program Files\dotnet\sdk\9.0.307\Sdks\Microsoft.SourceLink.AzureRepos.Git\build\Microsoft.SourceLink.AzureRepos.Git.targets(12,5): message : Özellik yeniden ataması: $(SourceLinkUrlInitializerTargets)=";_InitializeGitHubSourceLinkUrl;_InitializeGitLabSourceLinkUrl;_InitializeAzureReposGitSourceLinkUrl" (önceki değer: ";_InitializeGitHubSourceLinkUrl;_InitializeGitLabSourceLinkUrl") konum: C:\Program Files\dotnet\sdk\9.0.307\Sdks\Microsoft.SourceLink.AzureRepos.Git\build\Microsoft.SourceLink.AzureRepos.Git.targets (12,5)
       C:\Program Files\dotnet\sdk\9.0.307\Sdks\Microsoft.SourceLink.AzureRepos.Git\build\Microsoft.SourceLink.AzureRepos.Git.targets(13,5): message : Özellik yeniden ataması: $(SourceControlManagerUrlTranslationTargets)=";TranslateGitHubUrlsInSourceControlInformation;TranslateGitLabUrlsInSourceControlInformation;TranslateAzureReposGitUrlsInSourceControlInformation" (önceki değer: ";TranslateGitHubUrlsInSourceControlInformation;TranslateGitLabUrlsInSourceControlInformation") konum: C:\Program Files\dotnet\sdk\9.0.307\Sdks\Microsoft.SourceLink.AzureRepos.Git\build\Microsoft.SourceLink.AzureRepos.Git.targets (13,5)
       C:\Program Files\dotnet\sdk\9.0.307\Sdks\Microsoft.SourceLink.Bitbucket.Git\build\Microsoft.SourceLink.Bitbucket.Git.targets(12,5): message : Özellik yeniden ataması: $(SourceLinkUrlInitializerTargets)=";_InitializeGitHubSourceLinkUrl;_InitializeGitLabSourceLinkUrl;_InitializeAzureReposGitSourceLinkUrl;_InitializeBitbucketGitSourceLinkUrl" (önceki değer: ";_InitializeGitHubSourceLinkUrl;_InitializeGitLabSourceLinkUrl;_InitializeAzureReposGitSourceLinkUrl") konum: C:\Program Files\dotnet\sdk\9.0.307\Sdks\Microsoft.SourceLink.Bitbucket.Git\build\Microsoft.SourceLink.Bitbucket.Git.targets (12,5)
       C:\Program Files\dotnet\sdk\9.0.307\Sdks\Microsoft.SourceLink.Bitbucket.Git\build\Microsoft.SourceLink.Bitbucket.Git.targets(13,5): message : Özellik yeniden ataması: $(SourceControlManagerUrlTranslationTargets)=";TranslateGitHubUrlsInSourceControlInformation;TranslateGitLabUrlsInSourceControlInformation;TranslateAzureReposGitUrlsInSourceControlInformation;TranslateBitbucketGitUrlsInSourceControlInformation" (önceki değer: ";TranslateGitHubUrlsInSourceControlInformation;TranslateGitLabUrlsInSourceControlInformation;TranslateAzureReposGitUrlsInSourceControlInformation") konum: C:\Program Files\dotnet\sdk\9.0.307\Sdks\Microsoft.SourceLink.Bitbucket.Git\build\Microsoft.SourceLink.Bitbucket.Git.targets (13,5)
       C:\Program Files\dotnet\sdk\9.0.307\Sdks\Microsoft.NET.Sdk\targets\Microsoft.NET.DesignerSupport.targets(21,5): message : Özellik yeniden ataması: $(DesignerRuntimeImplementationProjectOutputGroupDependsOn)="
       C:\Program Files\dotnet\sdk\9.0.307\Sdks\Microsoft.NET.Sdk\targets\Microsoft.NET.DesignerSupport.targets(21,5): message :       
       C:\Program Files\dotnet\sdk\9.0.307\Sdks\Microsoft.NET.Sdk\targets\Microsoft.NET.DesignerSupport.targets(21,5): message :       ;
       C:\Program Files\dotnet\sdk\9.0.307\Sdks\Microsoft.NET.Sdk\targets\Microsoft.NET.DesignerSupport.targets(21,5): message :       
       C:\Program Files\dotnet\sdk\9.0.307\Sdks\Microsoft.NET.Sdk\targets\Microsoft.NET.DesignerSupport.targets(21,5): message :       ;
       C:\Program Files\dotnet\sdk\9.0.307\Sdks\Microsoft.NET.Sdk\targets\Microsoft.NET.DesignerSupport.targets(21,5): message :       BuildOnlySettings;
       C:\Program Files\dotnet\sdk\9.0.307\Sdks\Microsoft.NET.Sdk\targets\Microsoft.NET.DesignerSupport.targets(21,5): message :       PrepareForBuild;
       C:\Program Files\dotnet\sdk\9.0.307\Sdks\Microsoft.NET.Sdk\targets\Microsoft.NET.DesignerSupport.targets(21,5): message :       AssignTargetPaths;
       C:\Program Files\dotnet\sdk\9.0.307\Sdks\Microsoft.NET.Sdk\targets\Microsoft.NET.DesignerSupport.targets(21,5): message :       ResolveReferences
       C:\Program Files\dotnet\sdk\9.0.307\Sdks\Microsoft.NET.Sdk\targets\Microsoft.NET.DesignerSupport.targets(21,5): message :     
       C:\Program Files\dotnet\sdk\9.0.307\Sdks\Microsoft.NET.Sdk\targets\Microsoft.NET.DesignerSupport.targets(21,5): message :     ;
       C:\Program Files\dotnet\sdk\9.0.307\Sdks\Microsoft.NET.Sdk\targets\Microsoft.NET.DesignerSupport.targets(21,5): message :       _GenerateDesignerDepsFile;
       C:\Program Files\dotnet\sdk\9.0.307\Sdks\Microsoft.NET.Sdk\targets\Microsoft.NET.DesignerSupport.targets(21,5): message :       _GenerateDesignerRuntimeConfigFile;
       C:\Program Files\dotnet\sdk\9.0.307\Sdks\Microsoft.NET.Sdk\targets\Microsoft.NET.DesignerSupport.targets(21,5): message :       GetCopyToOutputDirectoryItems;
       C:\Program Files\dotnet\sdk\9.0.307\Sdks\Microsoft.NET.Sdk\targets\Microsoft.NET.DesignerSupport.targets(21,5): message :       _GatherDesignerShadowCopyFiles;
       C:\Program Files\dotnet\sdk\9.0.307\Sdks\Microsoft.NET.Sdk\targets\Microsoft.NET.DesignerSupport.targets(21,5): message :     " (önceki değer: "
       C:\Program Files\dotnet\sdk\9.0.307\Sdks\Microsoft.NET.Sdk\targets\Microsoft.NET.DesignerSupport.targets(21,5): message :       ;
       C:\Program Files\dotnet\sdk\9.0.307\Sdks\Microsoft.NET.Sdk\targets\Microsoft.NET.DesignerSupport.targets(21,5): message :       
       C:\Program Files\dotnet\sdk\9.0.307\Sdks\Microsoft.NET.Sdk\targets\Microsoft.NET.DesignerSupport.targets(21,5): message :       ;
       C:\Program Files\dotnet\sdk\9.0.307\Sdks\Microsoft.NET.Sdk\targets\Microsoft.NET.DesignerSupport.targets(21,5): message :       BuildOnlySettings;
       C:\Program Files\dotnet\sdk\9.0.307\Sdks\Microsoft.NET.Sdk\targets\Microsoft.NET.DesignerSupport.targets(21,5): message :       PrepareForBuild;
       C:\Program Files\dotnet\sdk\9.0.307\Sdks\Microsoft.NET.Sdk\targets\Microsoft.NET.DesignerSupport.targets(21,5): message :       AssignTargetPaths;
       C:\Program Files\dotnet\sdk\9.0.307\Sdks\Microsoft.NET.Sdk\targets\Microsoft.NET.DesignerSupport.targets(21,5): message :       ResolveReferences
       C:\Program Files\dotnet\sdk\9.0.307\Sdks\Microsoft.NET.Sdk\targets\Microsoft.NET.DesignerSupport.targets(21,5): message :     
       C:\Program Files\dotnet\sdk\9.0.307\Sdks\Microsoft.NET.Sdk\targets\Microsoft.NET.DesignerSupport.targets(21,5): message :     ") konum: C:\Program Files\dotnet\sdk\9.0.307\Sdks\Microsoft.NET.Sdk\targets\Microsoft.NET.DesignerSupport.targets (21,5)
       C:\Program Files\dotnet\sdk\9.0.307\Sdks\Microsoft.NET.Sdk\targets\Microsoft.NET.PackTool.targets(68,5): message : Özellik yeniden ataması: $(_GenerateToolsSettingsFileCacheFile)="C:\Users\alihe\OneDrive\Masaüstü\ForgeFlow Project\services\artifact\ForgeFlow.Artifact.Api\obj\Debug\net8.0\ForgeFlow.Artifact.Api.toolssettingsinput.cache" (önceki değer: "obj\Debug\net8.0\ForgeFlow.Artifact.Api.toolssettingsinput.cache") konum: C:\Program Files\dotnet\sdk\9.0.307\Sdks\Microsoft.NET.Sdk\targets\Microsoft.NET.PackTool.targets (68,5)
       C:\Program Files\dotnet\sdk\9.0.307\Sdks\Microsoft.NET.Sdk\targets\Microsoft.NET.PackTool.targets(137,5): message : Özellik yeniden ataması: $(_ShimInputCacheFile)="C:\Users\alihe\OneDrive\Masaüstü\ForgeFlow Project\services\artifact\ForgeFlow.Artifact.Api\obj\Debug\net8.0\ForgeFlow.Artifact.Api.shiminput.cache" (önceki değer: "obj\Debug\net8.0\ForgeFlow.Artifact.Api.shiminput.cache") konum: C:\Program Files\dotnet\sdk\9.0.307\Sdks\Microsoft.NET.Sdk\targets\Microsoft.NET.PackTool.targets (137,5)
       C:\Program Files\dotnet\sdk\9.0.307\Sdks\Microsoft.NET.Sdk\targets\Microsoft.NET.PackTool.targets(139,5): message : Özellik yeniden ataması: $(_ShimCreatedSentinelFile)="C:\Users\alihe\OneDrive\Masaüstü\ForgeFlow Project\services\artifact\ForgeFlow.Artifact.Api\obj\Debug\net8.0\ForgeFlow.Artifact.Api.shimcreated.sentinel" (önceki değer: "obj\Debug\net8.0\ForgeFlow.Artifact.Api.shimcreated.sentinel") konum: C:\Program Files\dotnet\sdk\9.0.307\Sdks\Microsoft.NET.Sdk\targets\Microsoft.NET.PackTool.targets (139,5)
       C:\Program Files\dotnet\sdk\9.0.307\Sdks\Microsoft.NET.Sdk\targets\Microsoft.NET.Sdk.CSharp.targets(31,5): message : Özellik yeniden ataması: $(DefineConstants)="TRACE;DEBUG" (önceki değer: "TRACE") konum: C:\Program Files\dotnet\sdk\9.0.307\Sdks\Microsoft.NET.Sdk\targets\Microsoft.NET.Sdk.CSharp.targets (31,5)
       C:\Program Files\dotnet\sdk\9.0.307\Sdks\Microsoft.NET.Sdk\targets\Microsoft.NET.Sdk.CSharp.targets(34,5): message : Özellik yeniden ataması: $(DefineConstants)="TRACE;DEBUG;NET;NET8_0;NETCOREAPP" (önceki değer: "TRACE;DEBUG") konum: C:\Program Files\dotnet\sdk\9.0.307\Sdks\Microsoft.NET.Sdk\targets\Microsoft.NET.Sdk.CSharp.targets (34,5)
       C:\Program Files\dotnet\sdk\9.0.307\Sdks\Microsoft.NET.Sdk\targets\Microsoft.NET.Sdk.CSharp.targets(48,5): message : Özellik yeniden ataması: $(WarningsAsErrors)=";NU1605;SYSLIB0011" (önceki değer: ";NU1605") konum: C:\Program Files\dotnet\sdk\9.0.307\Sdks\Microsoft.NET.Sdk\targets\Microsoft.NET.Sdk.CSharp.targets (48,5)
       C:\Program Files\dotnet\sdk\9.0.307\Sdks\NuGet.Build.Tasks.Pack\build\NuGet.Build.Tasks.Pack.targets(34,5): message : Özellik yeniden ataması: $(PackageDescription)="Package Description" (önceki değer: "") konum: C:\Program Files\dotnet\sdk\9.0.307\Sdks\NuGet.Build.Tasks.Pack\build\NuGet.Build.Tasks.Pack.targets (34,5)
       C:\Program Files\dotnet\sdk\9.0.307\Sdks\NuGet.Build.Tasks.Pack\build\NuGet.Build.Tasks.Pack.targets(59,5): message : Özellik yeniden ataması: $(GenerateNuspecDependsOn)="Build;_LoadPackInputItems; _GetTargetFrameworksOutput; _WalkEachTargetPerFramework; _GetPackageFiles; " (önceki değer: "_LoadPackInputItems; _GetTargetFrameworksOutput; _WalkEachTargetPerFramework; _GetPackageFiles; ") konum: C:\Program Files\dotnet\sdk\9.0.307\Sdks\NuGet.Build.Tasks.Pack\build\NuGet.Build.Tasks.Pack.targets (59,5)
       C:\Program Files\dotnet\sdk\9.0.307\Sdks\Microsoft.NET.Sdk\Sdk\Sdk.targets(60,5): message : Özellik yeniden ataması: $(_IsNotSetContainersTargetsDir)="true" (önceki değer: "false") konum: C:\Program Files\dotnet\sdk\9.0.307\Sdks\Microsoft.NET.Sdk\Sdk\Sdk.targets (60,5)
       C:\Program Files\dotnet\sdk\9.0.307\Containers\build\Microsoft.NET.Build.Containers.targets(5,5): message : Özellik yeniden ataması: $(_IsSDKContainerAllowedVersion)="true" (önceki değer: "false") konum: C:\Program Files\dotnet\sdk\9.0.307\Containers\build\Microsoft.NET.Build.Containers.targets (5,5)
       C:\Program Files\dotnet\sdk\9.0.307\Containers\build\Microsoft.NET.Build.Containers.targets(15,5): message : Özellik yeniden ataması: $(_ContainerIsTargetingNet8TFM)="true" (önceki değer: "false") konum: C:\Program Files\dotnet\sdk\9.0.307\Containers\build\Microsoft.NET.Build.Containers.targets (15,5)
       C:\Program Files\dotnet\sdk\9.0.307\Sdks\Microsoft.NET.Sdk.StaticWebAssets\targets\Sdk.StaticWebAssets.CurrentVersion.targets(37,18): message : 'C:\Program Files\dotnet\dotnet.exe' değerine sahip 'DOTNET_HOST_PATH' özelliği ortamdan genişletildi.
       C:\Program Files\dotnet\sdk\9.0.307\Sdks\Microsoft.NET.Sdk.StaticWebAssets\targets\Microsoft.NET.Sdk.StaticWebAssets.targets(286,5): message : Özellik yeniden ataması: $(PrepareForRunDependsOn)="StaticWebAssetsPrepareForRun;
       C:\Program Files\dotnet\sdk\9.0.307\Sdks\Microsoft.NET.Sdk.StaticWebAssets\targets\Microsoft.NET.Sdk.StaticWebAssets.targets(286,5): message :       CopyFilesToOutputDirectory
       C:\Program Files\dotnet\sdk\9.0.307\Sdks\Microsoft.NET.Sdk.StaticWebAssets\targets\Microsoft.NET.Sdk.StaticWebAssets.targets(286,5): message :     " (önceki değer: "
       C:\Program Files\dotnet\sdk\9.0.307\Sdks\Microsoft.NET.Sdk.StaticWebAssets\targets\Microsoft.NET.Sdk.StaticWebAssets.targets(286,5): message :       CopyFilesToOutputDirectory
       C:\Program Files\dotnet\sdk\9.0.307\Sdks\Microsoft.NET.Sdk.StaticWebAssets\targets\Microsoft.NET.Sdk.StaticWebAssets.targets(286,5): message :     ") konum: C:\Program Files\dotnet\sdk\9.0.307\Sdks\Microsoft.NET.Sdk.StaticWebAssets\targets\Microsoft.NET.Sdk.StaticWebAssets.targets (286,5)
       C:\Program Files\dotnet\sdk\9.0.307\Sdks\Microsoft.NET.Sdk.StaticWebAssets\targets\Microsoft.NET.Sdk.StaticWebAssets.targets(323,5): message : Özellik yeniden ataması: $(GetCopyToOutputDirectoryItemsDependsOn)="
       C:\Program Files\dotnet\sdk\9.0.307\Sdks\Microsoft.NET.Sdk.StaticWebAssets\targets\Microsoft.NET.Sdk.StaticWebAssets.targets(323,5): message :       AssignTargetPaths;
       C:\Program Files\dotnet\sdk\9.0.307\Sdks\Microsoft.NET.Sdk.StaticWebAssets\targets\Microsoft.NET.Sdk.StaticWebAssets.targets(323,5): message :       
       C:\Program Files\dotnet\sdk\9.0.307\Sdks\Microsoft.NET.Sdk.StaticWebAssets\targets\Microsoft.NET.Sdk.StaticWebAssets.targets(323,5): message :       AssignProjectConfiguration;
       C:\Program Files\dotnet\sdk\9.0.307\Sdks\Microsoft.NET.Sdk.StaticWebAssets\targets\Microsoft.NET.Sdk.StaticWebAssets.targets(323,5): message :       _SplitProjectReferencesByFileExistence
       C:\Program Files\dotnet\sdk\9.0.307\Sdks\Microsoft.NET.Sdk.StaticWebAssets\targets\Microsoft.NET.Sdk.StaticWebAssets.targets(323,5): message :     ;
       C:\Program Files\dotnet\sdk\9.0.307\Sdks\Microsoft.NET.Sdk.StaticWebAssets\targets\Microsoft.NET.Sdk.StaticWebAssets.targets(323,5): message :       _GetProjectReferenceTargetFrameworkProperties;
       C:\Program Files\dotnet\sdk\9.0.307\Sdks\Microsoft.NET.Sdk.StaticWebAssets\targets\Microsoft.NET.Sdk.StaticWebAssets.targets(323,5): message :       _PopulateCommonStateForGetCopyToOutputDirectoryItems
       C:\Program Files\dotnet\sdk\9.0.307\Sdks\Microsoft.NET.Sdk.StaticWebAssets\targets\Microsoft.NET.Sdk.StaticWebAssets.targets(323,5): message :     ;AddStaticWebAssetsManifest;AddStaticWebAssetEndpointsBuildManifest" (önceki değer: "
       C:\Program Files\dotnet\sdk\9.0.307\Sdks\Microsoft.NET.Sdk.StaticWebAssets\targets\Microsoft.NET.Sdk.StaticWebAssets.targets(323,5): message :       AssignTargetPaths;
       C:\Program Files\dotnet\sdk\9.0.307\Sdks\Microsoft.NET.Sdk.StaticWebAssets\targets\Microsoft.NET.Sdk.StaticWebAssets.targets(323,5): message :       
       C:\Program Files\dotnet\sdk\9.0.307\Sdks\Microsoft.NET.Sdk.StaticWebAssets\targets\Microsoft.NET.Sdk.StaticWebAssets.targets(323,5): message :       AssignProjectConfiguration;
       C:\Program Files\dotnet\sdk\9.0.307\Sdks\Microsoft.NET.Sdk.StaticWebAssets\targets\Microsoft.NET.Sdk.StaticWebAssets.targets(323,5): message :       _SplitProjectReferencesByFileExistence
       C:\Program Files\dotnet\sdk\9.0.307\Sdks\Microsoft.NET.Sdk.StaticWebAssets\targets\Microsoft.NET.Sdk.StaticWebAssets.targets(323,5): message :     ;
       C:\Program Files\dotnet\sdk\9.0.307\Sdks\Microsoft.NET.Sdk.StaticWebAssets\targets\Microsoft.NET.Sdk.StaticWebAssets.targets(323,5): message :       _GetProjectReferenceTargetFrameworkProperties;
       C:\Program Files\dotnet\sdk\9.0.307\Sdks\Microsoft.NET.Sdk.StaticWebAssets\targets\Microsoft.NET.Sdk.StaticWebAssets.targets(323,5): message :       _PopulateCommonStateForGetCopyToOutputDirectoryItems
       C:\Program Files\dotnet\sdk\9.0.307\Sdks\Microsoft.NET.Sdk.StaticWebAssets\targets\Microsoft.NET.Sdk.StaticWebAssets.targets(323,5): message :     ") konum: C:\Program Files\dotnet\sdk\9.0.307\Sdks\Microsoft.NET.Sdk.StaticWebAssets\targets\Microsoft.NET.Sdk.StaticWebAssets.targets (323,5)
       C:\Program Files\dotnet\sdk\9.0.307\Sdks\Microsoft.NET.Sdk.StaticWebAssets\targets\Microsoft.NET.Sdk.StaticWebAssets.Pack.targets(46,5): message : Özellik yeniden ataması: $(GenerateNuspecDependsOn)="
       C:\Program Files\dotnet\sdk\9.0.307\Sdks\Microsoft.NET.Sdk.StaticWebAssets\targets\Microsoft.NET.Sdk.StaticWebAssets.Pack.targets(46,5): message :       IncludeStaticWebAssetsPackItems;
       C:\Program Files\dotnet\sdk\9.0.307\Sdks\Microsoft.NET.Sdk.StaticWebAssets\targets\Microsoft.NET.Sdk.StaticWebAssets.Pack.targets(46,5): message :       Build;_LoadPackInputItems; _GetTargetFrameworksOutput; _WalkEachTargetPerFramework; _GetPackageFiles; ;
       C:\Program Files\dotnet\sdk\9.0.307\Sdks\Microsoft.NET.Sdk.StaticWebAssets\targets\Microsoft.NET.Sdk.StaticWebAssets.Pack.targets(46,5): message :     " (önceki değer: "Build;_LoadPackInputItems; _GetTargetFrameworksOutput; _WalkEachTargetPerFramework; _GetPackageFiles; ") konum: C:\Program Files\dotnet\sdk\9.0.307\Sdks\Microsoft.NET.Sdk.StaticWebAssets\targets\Microsoft.NET.Sdk.StaticWebAssets.Pack.targets (46,5)
       C:\Program Files\dotnet\sdk\9.0.307\Sdks\Microsoft.NET.Sdk.StaticWebAssets\targets\Microsoft.NET.Sdk.StaticWebAssets.Pack.targets(55,5): message : Özellik yeniden ataması: $(IncludeStaticWebAssetsPackItemsDependsOn)="
       C:\Program Files\dotnet\sdk\9.0.307\Sdks\Microsoft.NET.Sdk.StaticWebAssets\targets\Microsoft.NET.Sdk.StaticWebAssets.Pack.targets(55,5): message :       Build;
       C:\Program Files\dotnet\sdk\9.0.307\Sdks\Microsoft.NET.Sdk.StaticWebAssets\targets\Microsoft.NET.Sdk.StaticWebAssets.Pack.targets(55,5): message :       ResolveStaticWebAssetsConfiguration;LoadStaticWebAssetsBuildManifest
       C:\Program Files\dotnet\sdk\9.0.307\Sdks\Microsoft.NET.Sdk.StaticWebAssets\targets\Microsoft.NET.Sdk.StaticWebAssets.Pack.targets(55,5): message :     ;
       C:\Program Files\dotnet\sdk\9.0.307\Sdks\Microsoft.NET.Sdk.StaticWebAssets\targets\Microsoft.NET.Sdk.StaticWebAssets.Pack.targets(55,5): message :     " (önceki değer: "
       C:\Program Files\dotnet\sdk\9.0.307\Sdks\Microsoft.NET.Sdk.StaticWebAssets\targets\Microsoft.NET.Sdk.StaticWebAssets.Pack.targets(55,5): message :       ResolveStaticWebAssetsConfiguration;LoadStaticWebAssetsBuildManifest
       C:\Program Files\dotnet\sdk\9.0.307\Sdks\Microsoft.NET.Sdk.StaticWebAssets\targets\Microsoft.NET.Sdk.StaticWebAssets.Pack.targets(55,5): message :     ") konum: C:\Program Files\dotnet\sdk\9.0.307\Sdks\Microsoft.NET.Sdk.StaticWebAssets\targets\Microsoft.NET.Sdk.StaticWebAssets.Pack.targets (55,5)
       C:\Program Files\dotnet\sdk\9.0.307\Sdks\Microsoft.NET.Sdk.StaticWebAssets\targets\Microsoft.NET.Sdk.StaticWebAssets.ScopedCss.targets(55,3): message : Özellik yeniden ataması: $(ResolveStaticWebAssetsInputsDependsOn)="
       C:\Program Files\dotnet\sdk\9.0.307\Sdks\Microsoft.NET.Sdk.StaticWebAssets\targets\Microsoft.NET.Sdk.StaticWebAssets.ScopedCss.targets(55,3): message :     
       C:\Program Files\dotnet\sdk\9.0.307\Sdks\Microsoft.NET.Sdk.StaticWebAssets\targets\Microsoft.NET.Sdk.StaticWebAssets.ScopedCss.targets(55,3): message :       ResolveCoreStaticWebAssets;
       C:\Program Files\dotnet\sdk\9.0.307\Sdks\Microsoft.NET.Sdk.StaticWebAssets\targets\Microsoft.NET.Sdk.StaticWebAssets.ScopedCss.targets(55,3): message :       GenerateComputedBuildStaticWebAssets;
       C:\Program Files\dotnet\sdk\9.0.307\Sdks\Microsoft.NET.Sdk.StaticWebAssets\targets\Microsoft.NET.Sdk.StaticWebAssets.ScopedCss.targets(55,3): message :       
       C:\Program Files\dotnet\sdk\9.0.307\Sdks\Microsoft.NET.Sdk.StaticWebAssets\targets\Microsoft.NET.Sdk.StaticWebAssets.ScopedCss.targets(55,3): message :     ;
       C:\Program Files\dotnet\sdk\9.0.307\Sdks\Microsoft.NET.Sdk.StaticWebAssets\targets\Microsoft.NET.Sdk.StaticWebAssets.ScopedCss.targets(55,3): message :     ResolveScopedCssAssets;
       C:\Program Files\dotnet\sdk\9.0.307\Sdks\Microsoft.NET.Sdk.StaticWebAssets\targets\Microsoft.NET.Sdk.StaticWebAssets.ScopedCss.targets(55,3): message :   " (önceki değer: "
       C:\Program Files\dotnet\sdk\9.0.307\Sdks\Microsoft.NET.Sdk.StaticWebAssets\targets\Microsoft.NET.Sdk.StaticWebAssets.ScopedCss.targets(55,3): message :       ResolveCoreStaticWebAssets;
       C:\Program Files\dotnet\sdk\9.0.307\Sdks\Microsoft.NET.Sdk.StaticWebAssets\targets\Microsoft.NET.Sdk.StaticWebAssets.ScopedCss.targets(55,3): message :       GenerateComputedBuildStaticWebAssets;
       C:\Program Files\dotnet\sdk\9.0.307\Sdks\Microsoft.NET.Sdk.StaticWebAssets\targets\Microsoft.NET.Sdk.StaticWebAssets.ScopedCss.targets(55,3): message :       
       C:\Program Files\dotnet\sdk\9.0.307\Sdks\Microsoft.NET.Sdk.StaticWebAssets\targets\Microsoft.NET.Sdk.StaticWebAssets.ScopedCss.targets(55,3): message :     ") konum: C:\Program Files\dotnet\sdk\9.0.307\Sdks\Microsoft.NET.Sdk.StaticWebAssets\targets\Microsoft.NET.Sdk.StaticWebAssets.ScopedCss.targets (55,3)
       C:\Program Files\dotnet\sdk\9.0.307\Sdks\Microsoft.NET.Sdk.StaticWebAssets\targets\Microsoft.NET.Sdk.StaticWebAssets.ScopedCss.targets(88,3): message : Özellik yeniden ataması: $(GenerateComputedBuildStaticWebAssetsDependsOn)="
       C:\Program Files\dotnet\sdk\9.0.307\Sdks\Microsoft.NET.Sdk.StaticWebAssets\targets\Microsoft.NET.Sdk.StaticWebAssets.ScopedCss.targets(88,3): message :     ResolveCoreStaticWebAssets;;
       C:\Program Files\dotnet\sdk\9.0.307\Sdks\Microsoft.NET.Sdk.StaticWebAssets\targets\Microsoft.NET.Sdk.StaticWebAssets.ScopedCss.targets(88,3): message :     BundleScopedCssFiles;
       C:\Program Files\dotnet\sdk\9.0.307\Sdks\Microsoft.NET.Sdk.StaticWebAssets\targets\Microsoft.NET.Sdk.StaticWebAssets.ScopedCss.targets(88,3): message :   " (önceki değer: "ResolveCoreStaticWebAssets;") konum: C:\Program Files\dotnet\sdk\9.0.307\Sdks\Microsoft.NET.Sdk.StaticWebAssets\targets\Microsoft.NET.Sdk.StaticWebAssets.ScopedCss.targets (88,3)
       C:\Program Files\dotnet\sdk\9.0.307\Sdks\Microsoft.NET.Sdk.StaticWebAssets\targets\Microsoft.NET.Sdk.StaticWebAssets.JSModules.targets(37,5): message : Özellik yeniden ataması: $(ResolveCoreStaticWebAssetsDependsOn)="
       C:\Program Files\dotnet\sdk\9.0.307\Sdks\Microsoft.NET.Sdk.StaticWebAssets\targets\Microsoft.NET.Sdk.StaticWebAssets.JSModules.targets(37,5): message :       
       C:\Program Files\dotnet\sdk\9.0.307\Sdks\Microsoft.NET.Sdk.StaticWebAssets\targets\Microsoft.NET.Sdk.StaticWebAssets.JSModules.targets(37,5): message :       UpdateExistingPackageStaticWebAssets;
       C:\Program Files\dotnet\sdk\9.0.307\Sdks\Microsoft.NET.Sdk.StaticWebAssets\targets\Microsoft.NET.Sdk.StaticWebAssets.JSModules.targets(37,5): message :       ResolveProjectStaticWebAssets;
       C:\Program Files\dotnet\sdk\9.0.307\Sdks\Microsoft.NET.Sdk.StaticWebAssets\targets\Microsoft.NET.Sdk.StaticWebAssets.JSModules.targets(37,5): message :       ResolveEmbeddedProjectsStaticWebAssets;
       C:\Program Files\dotnet\sdk\9.0.307\Sdks\Microsoft.NET.Sdk.StaticWebAssets\targets\Microsoft.NET.Sdk.StaticWebAssets.JSModules.targets(37,5): message :       ResolveReferencedProjectsStaticWebAssets;
       C:\Program Files\dotnet\sdk\9.0.307\Sdks\Microsoft.NET.Sdk.StaticWebAssets\targets\Microsoft.NET.Sdk.StaticWebAssets.JSModules.targets(37,5): message :       ;
       C:\Program Files\dotnet\sdk\9.0.307\Sdks\Microsoft.NET.Sdk.StaticWebAssets\targets\Microsoft.NET.Sdk.StaticWebAssets.JSModules.targets(37,5): message :     ;
       C:\Program Files\dotnet\sdk\9.0.307\Sdks\Microsoft.NET.Sdk.StaticWebAssets\targets\Microsoft.NET.Sdk.StaticWebAssets.JSModules.targets(37,5): message :       ResolveJsInitializerModuleStaticWebAssets;
       C:\Program Files\dotnet\sdk\9.0.307\Sdks\Microsoft.NET.Sdk.StaticWebAssets\targets\Microsoft.NET.Sdk.StaticWebAssets.JSModules.targets(37,5): message :     " (önceki değer: "
       C:\Program Files\dotnet\sdk\9.0.307\Sdks\Microsoft.NET.Sdk.StaticWebAssets\targets\Microsoft.NET.Sdk.StaticWebAssets.JSModules.targets(37,5): message :       UpdateExistingPackageStaticWebAssets;
       C:\Program Files\dotnet\sdk\9.0.307\Sdks\Microsoft.NET.Sdk.StaticWebAssets\targets\Microsoft.NET.Sdk.StaticWebAssets.JSModules.targets(37,5): message :       ResolveProjectStaticWebAssets;
       C:\Program Files\dotnet\sdk\9.0.307\Sdks\Microsoft.NET.Sdk.StaticWebAssets\targets\Microsoft.NET.Sdk.StaticWebAssets.JSModules.targets(37,5): message :       ResolveEmbeddedProjectsStaticWebAssets;
       C:\Program Files\dotnet\sdk\9.0.307\Sdks\Microsoft.NET.Sdk.StaticWebAssets\targets\Microsoft.NET.Sdk.StaticWebAssets.JSModules.targets(37,5): message :       ResolveReferencedProjectsStaticWebAssets;
       C:\Program Files\dotnet\sdk\9.0.307\Sdks\Microsoft.NET.Sdk.StaticWebAssets\targets\Microsoft.NET.Sdk.StaticWebAssets.JSModules.targets(37,5): message :       ;
       C:\Program Files\dotnet\sdk\9.0.307\Sdks\Microsoft.NET.Sdk.StaticWebAssets\targets\Microsoft.NET.Sdk.StaticWebAssets.JSModules.targets(37,5): message :     ") konum: C:\Program Files\dotnet\sdk\9.0.307\Sdks\Microsoft.NET.Sdk.StaticWebAssets\targets\Microsoft.NET.Sdk.StaticWebAssets.JSModules.targets (37,5)
       C:\Program Files\dotnet\sdk\9.0.307\Sdks\Microsoft.NET.Sdk.StaticWebAssets\targets\Microsoft.NET.Sdk.StaticWebAssets.JSModules.targets(42,5): message : Özellik yeniden ataması: $(ResolveCoreStaticWebAssetsDependsOn)="
       C:\Program Files\dotnet\sdk\9.0.307\Sdks\Microsoft.NET.Sdk.StaticWebAssets\targets\Microsoft.NET.Sdk.StaticWebAssets.JSModules.targets(42,5): message :       
       C:\Program Files\dotnet\sdk\9.0.307\Sdks\Microsoft.NET.Sdk.StaticWebAssets\targets\Microsoft.NET.Sdk.StaticWebAssets.JSModules.targets(42,5): message :       
       C:\Program Files\dotnet\sdk\9.0.307\Sdks\Microsoft.NET.Sdk.StaticWebAssets\targets\Microsoft.NET.Sdk.StaticWebAssets.JSModules.targets(42,5): message :       UpdateExistingPackageStaticWebAssets;
       C:\Program Files\dotnet\sdk\9.0.307\Sdks\Microsoft.NET.Sdk.StaticWebAssets\targets\Microsoft.NET.Sdk.StaticWebAssets.JSModules.targets(42,5): message :       ResolveProjectStaticWebAssets;
       C:\Program Files\dotnet\sdk\9.0.307\Sdks\Microsoft.NET.Sdk.StaticWebAssets\targets\Microsoft.NET.Sdk.StaticWebAssets.JSModules.targets(42,5): message :       ResolveEmbeddedProjectsStaticWebAssets;
       C:\Program Files\dotnet\sdk\9.0.307\Sdks\Microsoft.NET.Sdk.StaticWebAssets\targets\Microsoft.NET.Sdk.StaticWebAssets.JSModules.targets(42,5): message :       ResolveReferencedProjectsStaticWebAssets;
       C:\Program Files\dotnet\sdk\9.0.307\Sdks\Microsoft.NET.Sdk.StaticWebAssets\targets\Microsoft.NET.Sdk.StaticWebAssets.JSModules.targets(42,5): message :       ;
       C:\Program Files\dotnet\sdk\9.0.307\Sdks\Microsoft.NET.Sdk.StaticWebAssets\targets\Microsoft.NET.Sdk.StaticWebAssets.JSModules.targets(42,5): message :     ;
       C:\Program Files\dotnet\sdk\9.0.307\Sdks\Microsoft.NET.Sdk.StaticWebAssets\targets\Microsoft.NET.Sdk.StaticWebAssets.JSModules.targets(42,5): message :       ResolveJsInitializerModuleStaticWebAssets;
       C:\Program Files\dotnet\sdk\9.0.307\Sdks\Microsoft.NET.Sdk.StaticWebAssets\targets\Microsoft.NET.Sdk.StaticWebAssets.JSModules.targets(42,5): message :     ;
       C:\Program Files\dotnet\sdk\9.0.307\Sdks\Microsoft.NET.Sdk.StaticWebAssets\targets\Microsoft.NET.Sdk.StaticWebAssets.JSModules.targets(42,5): message :       ResolveJSModuleStaticWebAssets;
       C:\Program Files\dotnet\sdk\9.0.307\Sdks\Microsoft.NET.Sdk.StaticWebAssets\targets\Microsoft.NET.Sdk.StaticWebAssets.JSModules.targets(42,5): message :     " (önceki değer: "
       C:\Program Files\dotnet\sdk\9.0.307\Sdks\Microsoft.NET.Sdk.StaticWebAssets\targets\Microsoft.NET.Sdk.StaticWebAssets.JSModules.targets(42,5): message :       
       C:\Program Files\dotnet\sdk\9.0.307\Sdks\Microsoft.NET.Sdk.StaticWebAssets\targets\Microsoft.NET.Sdk.StaticWebAssets.JSModules.targets(42,5): message :       UpdateExistingPackageStaticWebAssets;
       C:\Program Files\dotnet\sdk\9.0.307\Sdks\Microsoft.NET.Sdk.StaticWebAssets\targets\Microsoft.NET.Sdk.StaticWebAssets.JSModules.targets(42,5): message :       ResolveProjectStaticWebAssets;
       C:\Program Files\dotnet\sdk\9.0.307\Sdks\Microsoft.NET.Sdk.StaticWebAssets\targets\Microsoft.NET.Sdk.StaticWebAssets.JSModules.targets(42,5): message :       ResolveEmbeddedProjectsStaticWebAssets;
       C:\Program Files\dotnet\sdk\9.0.307\Sdks\Microsoft.NET.Sdk.StaticWebAssets\targets\Microsoft.NET.Sdk.StaticWebAssets.JSModules.targets(42,5): message :       ResolveReferencedProjectsStaticWebAssets;
       C:\Program Files\dotnet\sdk\9.0.307\Sdks\Microsoft.NET.Sdk.StaticWebAssets\targets\Microsoft.NET.Sdk.StaticWebAssets.JSModules.targets(42,5): message :       ;
       C:\Program Files\dotnet\sdk\9.0.307\Sdks\Microsoft.NET.Sdk.StaticWebAssets\targets\Microsoft.NET.Sdk.StaticWebAssets.JSModules.targets(42,5): message :     ;
       C:\Program Files\dotnet\sdk\9.0.307\Sdks\Microsoft.NET.Sdk.StaticWebAssets\targets\Microsoft.NET.Sdk.StaticWebAssets.JSModules.targets(42,5): message :       ResolveJsInitializerModuleStaticWebAssets;
       C:\Program Files\dotnet\sdk\9.0.307\Sdks\Microsoft.NET.Sdk.StaticWebAssets\targets\Microsoft.NET.Sdk.StaticWebAssets.JSModules.targets(42,5): message :     ") konum: C:\Program Files\dotnet\sdk\9.0.307\Sdks\Microsoft.NET.Sdk.StaticWebAssets\targets\Microsoft.NET.Sdk.StaticWebAssets.JSModules.targets (42,5)
       C:\Program Files\dotnet\sdk\9.0.307\Sdks\Microsoft.NET.Sdk.StaticWebAssets\targets\Microsoft.NET.Sdk.StaticWebAssets.JSModules.targets(57,5): message : Özellik yeniden ataması: $(ResolveStaticWebAssetsInputsDependsOn)="
       C:\Program Files\dotnet\sdk\9.0.307\Sdks\Microsoft.NET.Sdk.StaticWebAssets\targets\Microsoft.NET.Sdk.StaticWebAssets.JSModules.targets(57,5): message :       ResolveJSModuleManifestBuildStaticWebAssets;
       C:\Program Files\dotnet\sdk\9.0.307\Sdks\Microsoft.NET.Sdk.StaticWebAssets\targets\Microsoft.NET.Sdk.StaticWebAssets.JSModules.targets(57,5): message :       
       C:\Program Files\dotnet\sdk\9.0.307\Sdks\Microsoft.NET.Sdk.StaticWebAssets\targets\Microsoft.NET.Sdk.StaticWebAssets.JSModules.targets(57,5): message :     
       C:\Program Files\dotnet\sdk\9.0.307\Sdks\Microsoft.NET.Sdk.StaticWebAssets\targets\Microsoft.NET.Sdk.StaticWebAssets.JSModules.targets(57,5): message :       ResolveCoreStaticWebAssets;
       C:\Program Files\dotnet\sdk\9.0.307\Sdks\Microsoft.NET.Sdk.StaticWebAssets\targets\Microsoft.NET.Sdk.StaticWebAssets.JSModules.targets(57,5): message :       GenerateComputedBuildStaticWebAssets;
       C:\Program Files\dotnet\sdk\9.0.307\Sdks\Microsoft.NET.Sdk.StaticWebAssets\targets\Microsoft.NET.Sdk.StaticWebAssets.JSModules.targets(57,5): message :       
       C:\Program Files\dotnet\sdk\9.0.307\Sdks\Microsoft.NET.Sdk.StaticWebAssets\targets\Microsoft.NET.Sdk.StaticWebAssets.JSModules.targets(57,5): message :     ;
       C:\Program Files\dotnet\sdk\9.0.307\Sdks\Microsoft.NET.Sdk.StaticWebAssets\targets\Microsoft.NET.Sdk.StaticWebAssets.JSModules.targets(57,5): message :     ResolveScopedCssAssets;
       C:\Program Files\dotnet\sdk\9.0.307\Sdks\Microsoft.NET.Sdk.StaticWebAssets\targets\Microsoft.NET.Sdk.StaticWebAssets.JSModules.targets(57,5): message :   
       C:\Program Files\dotnet\sdk\9.0.307\Sdks\Microsoft.NET.Sdk.StaticWebAssets\targets\Microsoft.NET.Sdk.StaticWebAssets.JSModules.targets(57,5): message :     " (önceki değer: "
       C:\Program Files\dotnet\sdk\9.0.307\Sdks\Microsoft.NET.Sdk.StaticWebAssets\targets\Microsoft.NET.Sdk.StaticWebAssets.JSModules.targets(57,5): message :     
       C:\Program Files\dotnet\sdk\9.0.307\Sdks\Microsoft.NET.Sdk.StaticWebAssets\targets\Microsoft.NET.Sdk.StaticWebAssets.JSModules.targets(57,5): message :       ResolveCoreStaticWebAssets;
       C:\Program Files\dotnet\sdk\9.0.307\Sdks\Microsoft.NET.Sdk.StaticWebAssets\targets\Microsoft.NET.Sdk.StaticWebAssets.JSModules.targets(57,5): message :       GenerateComputedBuildStaticWebAssets;
       C:\Program Files\dotnet\sdk\9.0.307\Sdks\Microsoft.NET.Sdk.StaticWebAssets\targets\Microsoft.NET.Sdk.StaticWebAssets.JSModules.targets(57,5): message :       
       C:\Program Files\dotnet\sdk\9.0.307\Sdks\Microsoft.NET.Sdk.StaticWebAssets\targets\Microsoft.NET.Sdk.StaticWebAssets.JSModules.targets(57,5): message :     ;
       C:\Program Files\dotnet\sdk\9.0.307\Sdks\Microsoft.NET.Sdk.StaticWebAssets\targets\Microsoft.NET.Sdk.StaticWebAssets.JSModules.targets(57,5): message :     ResolveScopedCssAssets;
       C:\Program Files\dotnet\sdk\9.0.307\Sdks\Microsoft.NET.Sdk.StaticWebAssets\targets\Microsoft.NET.Sdk.StaticWebAssets.JSModules.targets(57,5): message :   ") konum: C:\Program Files\dotnet\sdk\9.0.307\Sdks\Microsoft.NET.Sdk.StaticWebAssets\targets\Microsoft.NET.Sdk.StaticWebAssets.JSModules.targets (57,5)
       C:\Program Files\dotnet\sdk\9.0.307\Sdks\Microsoft.NET.Sdk.StaticWebAssets\targets\Microsoft.NET.Sdk.StaticWebAssets.JSModules.targets(76,5): message : Özellik yeniden ataması: $(ResolvePublishStaticWebAssetsDependsOn)="
       C:\Program Files\dotnet\sdk\9.0.307\Sdks\Microsoft.NET.Sdk.StaticWebAssets\targets\Microsoft.NET.Sdk.StaticWebAssets.JSModules.targets(76,5): message :       ResolveJSModuleManifestPublishStaticWebAssets;
       C:\Program Files\dotnet\sdk\9.0.307\Sdks\Microsoft.NET.Sdk.StaticWebAssets\targets\Microsoft.NET.Sdk.StaticWebAssets.JSModules.targets(76,5): message :       
       C:\Program Files\dotnet\sdk\9.0.307\Sdks\Microsoft.NET.Sdk.StaticWebAssets\targets\Microsoft.NET.Sdk.StaticWebAssets.JSModules.targets(76,5): message :       ResolveCorePublishStaticWebAssets;
       C:\Program Files\dotnet\sdk\9.0.307\Sdks\Microsoft.NET.Sdk.StaticWebAssets\targets\Microsoft.NET.Sdk.StaticWebAssets.JSModules.targets(76,5): message :       GenerateComputedPublishStaticWebAssets;
       C:\Program Files\dotnet\sdk\9.0.307\Sdks\Microsoft.NET.Sdk.StaticWebAssets\targets\Microsoft.NET.Sdk.StaticWebAssets.JSModules.targets(76,5): message :       ;
       C:\Program Files\dotnet\sdk\9.0.307\Sdks\Microsoft.NET.Sdk.StaticWebAssets\targets\Microsoft.NET.Sdk.StaticWebAssets.JSModules.targets(76,5): message :     
       C:\Program Files\dotnet\sdk\9.0.307\Sdks\Microsoft.NET.Sdk.StaticWebAssets\targets\Microsoft.NET.Sdk.StaticWebAssets.JSModules.targets(76,5): message :     " (önceki değer: "
       C:\Program Files\dotnet\sdk\9.0.307\Sdks\Microsoft.NET.Sdk.StaticWebAssets\targets\Microsoft.NET.Sdk.StaticWebAssets.JSModules.targets(76,5): message :       ResolveCorePublishStaticWebAssets;
       C:\Program Files\dotnet\sdk\9.0.307\Sdks\Microsoft.NET.Sdk.StaticWebAssets\targets\Microsoft.NET.Sdk.StaticWebAssets.JSModules.targets(76,5): message :       GenerateComputedPublishStaticWebAssets;
       C:\Program Files\dotnet\sdk\9.0.307\Sdks\Microsoft.NET.Sdk.StaticWebAssets\targets\Microsoft.NET.Sdk.StaticWebAssets.JSModules.targets(76,5): message :       ;
       C:\Program Files\dotnet\sdk\9.0.307\Sdks\Microsoft.NET.Sdk.StaticWebAssets\targets\Microsoft.NET.Sdk.StaticWebAssets.JSModules.targets(76,5): message :     ") konum: C:\Program Files\dotnet\sdk\9.0.307\Sdks\Microsoft.NET.Sdk.StaticWebAssets\targets\Microsoft.NET.Sdk.StaticWebAssets.JSModules.targets (76,5)
       C:\Program Files\dotnet\sdk\9.0.307\Sdks\Microsoft.NET.Sdk.StaticWebAssets\targets\Microsoft.NET.Sdk.StaticWebAssets.Compression.targets(179,5): message : Özellik yeniden ataması: $(ResolveBuildRelatedStaticWebAssetsDependsOn)="
       C:\Program Files\dotnet\sdk\9.0.307\Sdks\Microsoft.NET.Sdk.StaticWebAssets\targets\Microsoft.NET.Sdk.StaticWebAssets.Compression.targets(179,5): message :       ResolveBuildCompressedStaticWebAssets;
       C:\Program Files\dotnet\sdk\9.0.307\Sdks\Microsoft.NET.Sdk.StaticWebAssets\targets\Microsoft.NET.Sdk.StaticWebAssets.Compression.targets(179,5): message :       
       C:\Program Files\dotnet\sdk\9.0.307\Sdks\Microsoft.NET.Sdk.StaticWebAssets\targets\Microsoft.NET.Sdk.StaticWebAssets.Compression.targets(179,5): message :       ResolveStaticWebAssetsInputs;
       C:\Program Files\dotnet\sdk\9.0.307\Sdks\Microsoft.NET.Sdk.StaticWebAssets\targets\Microsoft.NET.Sdk.StaticWebAssets.Compression.targets(179,5): message :       
       C:\Program Files\dotnet\sdk\9.0.307\Sdks\Microsoft.NET.Sdk.StaticWebAssets\targets\Microsoft.NET.Sdk.StaticWebAssets.Compression.targets(179,5): message :     
       C:\Program Files\dotnet\sdk\9.0.307\Sdks\Microsoft.NET.Sdk.StaticWebAssets\targets\Microsoft.NET.Sdk.StaticWebAssets.Compression.targets(179,5): message :     " (önceki değer: "
       C:\Program Files\dotnet\sdk\9.0.307\Sdks\Microsoft.NET.Sdk.StaticWebAssets\targets\Microsoft.NET.Sdk.StaticWebAssets.Compression.targets(179,5): message :       ResolveStaticWebAssetsInputs;
       C:\Program Files\dotnet\sdk\9.0.307\Sdks\Microsoft.NET.Sdk.StaticWebAssets\targets\Microsoft.NET.Sdk.StaticWebAssets.Compression.targets(179,5): message :       
       C:\Program Files\dotnet\sdk\9.0.307\Sdks\Microsoft.NET.Sdk.StaticWebAssets\targets\Microsoft.NET.Sdk.StaticWebAssets.Compression.targets(179,5): message :     ") konum: C:\Program Files\dotnet\sdk\9.0.307\Sdks\Microsoft.NET.Sdk.StaticWebAssets\targets\Microsoft.NET.Sdk.StaticWebAssets.Compression.targets (179,5)
       C:\Program Files\dotnet\sdk\9.0.307\Sdks\Microsoft.NET.Sdk.StaticWebAssets\targets\Microsoft.NET.Sdk.StaticWebAssets.Compression.targets(198,5): message : Özellik yeniden ataması: $(ResolvePublishRelatedStaticWebAssetsDependsOn)="
       C:\Program Files\dotnet\sdk\9.0.307\Sdks\Microsoft.NET.Sdk.StaticWebAssets\targets\Microsoft.NET.Sdk.StaticWebAssets.Compression.targets(198,5): message :       ResolvePublishCompressedStaticWebAssets;
       C:\Program Files\dotnet\sdk\9.0.307\Sdks\Microsoft.NET.Sdk.StaticWebAssets\targets\Microsoft.NET.Sdk.StaticWebAssets.Compression.targets(198,5): message :       
       C:\Program Files\dotnet\sdk\9.0.307\Sdks\Microsoft.NET.Sdk.StaticWebAssets\targets\Microsoft.NET.Sdk.StaticWebAssets.Compression.targets(198,5): message :     " (önceki değer: "") konum: C:\Program Files\dotnet\sdk\9.0.307\Sdks\Microsoft.NET.Sdk.StaticWebAssets\targets\Microsoft.NET.Sdk.StaticWebAssets.Compression.targets (198,5)
       C:\Program Files\dotnet\sdk\9.0.307\Sdks\Microsoft.NET.Sdk.Razor\targets\Sdk.Razor.CurrentVersion.targets(205,5): message : Özellik yeniden ataması: $(DebugSymbolsProjectOutputGroupDependsOn)="
       C:\Program Files\dotnet\sdk\9.0.307\Sdks\Microsoft.NET.Sdk.Razor\targets\Sdk.Razor.CurrentVersion.targets(205,5): message :       ;
       C:\Program Files\dotnet\sdk\9.0.307\Sdks\Microsoft.NET.Sdk.Razor\targets\Sdk.Razor.CurrentVersion.targets(205,5): message :       _RazorAddDebugSymbolsProjectOutputGroupOutput
       C:\Program Files\dotnet\sdk\9.0.307\Sdks\Microsoft.NET.Sdk.Razor\targets\Sdk.Razor.CurrentVersion.targets(205,5): message :     " (önceki değer: "") konum: C:\Program Files\dotnet\sdk\9.0.307\Sdks\Microsoft.NET.Sdk.Razor\targets\Sdk.Razor.CurrentVersion.targets (205,5)
       C:\Program Files\dotnet\sdk\9.0.307\Sdks\Microsoft.NET.Sdk.Razor\targets\Sdk.Razor.CurrentVersion.targets(210,5): message : Özellik yeniden ataması: $(PrepareForBuildDependsOn)="
       C:\Program Files\dotnet\sdk\9.0.307\Sdks\Microsoft.NET.Sdk.Razor\targets\Sdk.Razor.CurrentVersion.targets(210,5): message :       ;GetFrameworkPaths;GetReferenceAssemblyPaths;AssignLinkMetadata;
       C:\Program Files\dotnet\sdk\9.0.307\Sdks\Microsoft.NET.Sdk.Razor\targets\Sdk.Razor.CurrentVersion.targets(210,5): message :       ResolveRazorGenerateInputs
       C:\Program Files\dotnet\sdk\9.0.307\Sdks\Microsoft.NET.Sdk.Razor\targets\Sdk.Razor.CurrentVersion.targets(210,5): message :     " (önceki değer: ";GetFrameworkPaths;GetReferenceAssemblyPaths;AssignLinkMetadata") konum: C:\Program Files\dotnet\sdk\9.0.307\Sdks\Microsoft.NET.Sdk.Razor\targets\Sdk.Razor.CurrentVersion.targets (210,5)
       C:\Program Files\dotnet\sdk\9.0.307\Sdks\Microsoft.NET.Sdk.Razor\targets\Sdk.Razor.CurrentVersion.targets(215,5): message : Özellik yeniden ataması: $(GenerateNuspecDependsOn)="
       C:\Program Files\dotnet\sdk\9.0.307\Sdks\Microsoft.NET.Sdk.Razor\targets\Sdk.Razor.CurrentVersion.targets(215,5): message :       ResolveRazorGenerateInputs;
       C:\Program Files\dotnet\sdk\9.0.307\Sdks\Microsoft.NET.Sdk.Razor\targets\Sdk.Razor.CurrentVersion.targets(215,5): message :       
       C:\Program Files\dotnet\sdk\9.0.307\Sdks\Microsoft.NET.Sdk.Razor\targets\Sdk.Razor.CurrentVersion.targets(215,5): message :       IncludeStaticWebAssetsPackItems;
       C:\Program Files\dotnet\sdk\9.0.307\Sdks\Microsoft.NET.Sdk.Razor\targets\Sdk.Razor.CurrentVersion.targets(215,5): message :       Build;_LoadPackInputItems; _GetTargetFrameworksOutput; _WalkEachTargetPerFramework; _GetPackageFiles; ;
       C:\Program Files\dotnet\sdk\9.0.307\Sdks\Microsoft.NET.Sdk.Razor\targets\Sdk.Razor.CurrentVersion.targets(215,5): message :     
       C:\Program Files\dotnet\sdk\9.0.307\Sdks\Microsoft.NET.Sdk.Razor\targets\Sdk.Razor.CurrentVersion.targets(215,5): message :     " (önceki değer: "
       C:\Program Files\dotnet\sdk\9.0.307\Sdks\Microsoft.NET.Sdk.Razor\targets\Sdk.Razor.CurrentVersion.targets(215,5): message :       IncludeStaticWebAssetsPackItems;
       C:\Program Files\dotnet\sdk\9.0.307\Sdks\Microsoft.NET.Sdk.Razor\targets\Sdk.Razor.CurrentVersion.targets(215,5): message :       Build;_LoadPackInputItems; _GetTargetFrameworksOutput; _WalkEachTargetPerFramework; _GetPackageFiles; ;
       C:\Program Files\dotnet\sdk\9.0.307\Sdks\Microsoft.NET.Sdk.Razor\targets\Sdk.Razor.CurrentVersion.targets(215,5): message :     ") konum: C:\Program Files\dotnet\sdk\9.0.307\Sdks\Microsoft.NET.Sdk.Razor\targets\Sdk.Razor.CurrentVersion.targets (215,5)
       C:\Program Files\dotnet\sdk\9.0.307\Sdks\Microsoft.NET.Sdk.Razor\targets\Sdk.Razor.CurrentVersion.targets(220,5): message : Özellik yeniden ataması: $(PrepareForRunDependsOn)="
       C:\Program Files\dotnet\sdk\9.0.307\Sdks\Microsoft.NET.Sdk.Razor\targets\Sdk.Razor.CurrentVersion.targets(220,5): message :       _RazorPrepareForRun;
       C:\Program Files\dotnet\sdk\9.0.307\Sdks\Microsoft.NET.Sdk.Razor\targets\Sdk.Razor.CurrentVersion.targets(220,5): message :       StaticWebAssetsPrepareForRun;
       C:\Program Files\dotnet\sdk\9.0.307\Sdks\Microsoft.NET.Sdk.Razor\targets\Sdk.Razor.CurrentVersion.targets(220,5): message :       CopyFilesToOutputDirectory
       C:\Program Files\dotnet\sdk\9.0.307\Sdks\Microsoft.NET.Sdk.Razor\targets\Sdk.Razor.CurrentVersion.targets(220,5): message :     
       C:\Program Files\dotnet\sdk\9.0.307\Sdks\Microsoft.NET.Sdk.Razor\targets\Sdk.Razor.CurrentVersion.targets(220,5): message :     " (önceki değer: "StaticWebAssetsPrepareForRun;
       C:\Program Files\dotnet\sdk\9.0.307\Sdks\Microsoft.NET.Sdk.Razor\targets\Sdk.Razor.CurrentVersion.targets(220,5): message :       CopyFilesToOutputDirectory
       C:\Program Files\dotnet\sdk\9.0.307\Sdks\Microsoft.NET.Sdk.Razor\targets\Sdk.Razor.CurrentVersion.targets(220,5): message :     ") konum: C:\Program Files\dotnet\sdk\9.0.307\Sdks\Microsoft.NET.Sdk.Razor\targets\Sdk.Razor.CurrentVersion.targets (220,5)
       C:\Program Files\dotnet\sdk\9.0.307\Sdks\Microsoft.NET.Sdk.Razor\targets\Sdk.Razor.CurrentVersion.targets(311,5): message : Özellik yeniden ataması: $(UseRazorBuildServer)="true" (önceki değer: "") konum: C:\Program Files\dotnet\sdk\9.0.307\Sdks\Microsoft.NET.Sdk.Razor\targets\Sdk.Razor.CurrentVersion.targets (311,5)
       C:\Program Files\dotnet\sdk\9.0.307\Sdks\Microsoft.NET.Sdk.Razor\targets\Sdk.Razor.CurrentVersion.targets(317,5): message : Özellik yeniden ataması: $(_RazorDebugSymbolsProduced)="true" (önceki değer: "false") konum: C:\Program Files\dotnet\sdk\9.0.307\Sdks\Microsoft.NET.Sdk.Razor\targets\Sdk.Razor.CurrentVersion.targets (317,5)
       C:\Program Files\dotnet\sdk\9.0.307\Sdks\Microsoft.NET.Sdk.Razor\targets\Microsoft.NET.Sdk.Razor.GenerateAssemblyInfo.targets(36,5): message : Özellik yeniden ataması: $(GenerateRazorTargetAssemblyInfoDependsOn)="
       C:\Program Files\dotnet\sdk\9.0.307\Sdks\Microsoft.NET.Sdk.Razor\targets\Microsoft.NET.Sdk.Razor.GenerateAssemblyInfo.targets(36,5): message :       _ResolveMvcAssemblyAttributes;
       C:\Program Files\dotnet\sdk\9.0.307\Sdks\Microsoft.NET.Sdk.Razor\targets\Microsoft.NET.Sdk.Razor.GenerateAssemblyInfo.targets(36,5): message :       
       C:\Program Files\dotnet\sdk\9.0.307\Sdks\Microsoft.NET.Sdk.Razor\targets\Microsoft.NET.Sdk.Razor.GenerateAssemblyInfo.targets(36,5): message :       GetRazorTargetAssemblyAttributes;
       C:\Program Files\dotnet\sdk\9.0.307\Sdks\Microsoft.NET.Sdk.Razor\targets\Microsoft.NET.Sdk.Razor.GenerateAssemblyInfo.targets(36,5): message :       _CreateRazorTargetAssemblyInfoInputsCacheFile;
       C:\Program Files\dotnet\sdk\9.0.307\Sdks\Microsoft.NET.Sdk.Razor\targets\Microsoft.NET.Sdk.Razor.GenerateAssemblyInfo.targets(36,5): message :       CoreGenerateRazorTargetAssemblyInfo
       C:\Program Files\dotnet\sdk\9.0.307\Sdks\Microsoft.NET.Sdk.Razor\targets\Microsoft.NET.Sdk.Razor.GenerateAssemblyInfo.targets(36,5): message :     
       C:\Program Files\dotnet\sdk\9.0.307\Sdks\Microsoft.NET.Sdk.Razor\targets\Microsoft.NET.Sdk.Razor.GenerateAssemblyInfo.targets(36,5): message :     " (önceki değer: "
       C:\Program Files\dotnet\sdk\9.0.307\Sdks\Microsoft.NET.Sdk.Razor\targets\Microsoft.NET.Sdk.Razor.GenerateAssemblyInfo.targets(36,5): message :       GetRazorTargetAssemblyAttributes;
       C:\Program Files\dotnet\sdk\9.0.307\Sdks\Microsoft.NET.Sdk.Razor\targets\Microsoft.NET.Sdk.Razor.GenerateAssemblyInfo.targets(36,5): message :       _CreateRazorTargetAssemblyInfoInputsCacheFile;
       C:\Program Files\dotnet\sdk\9.0.307\Sdks\Microsoft.NET.Sdk.Razor\targets\Microsoft.NET.Sdk.Razor.GenerateAssemblyInfo.targets(36,5): message :       CoreGenerateRazorTargetAssemblyInfo
       C:\Program Files\dotnet\sdk\9.0.307\Sdks\Microsoft.NET.Sdk.Razor\targets\Microsoft.NET.Sdk.Razor.GenerateAssemblyInfo.targets(36,5): message :     ") konum: C:\Program Files\dotnet\sdk\9.0.307\Sdks\Microsoft.NET.Sdk.Razor\targets\Microsoft.NET.Sdk.Razor.GenerateAssemblyInfo.targets (36,5)
       C:\Program Files\dotnet\sdk\9.0.307\Sdks\Microsoft.NET.Sdk.Razor\targets\Microsoft.NET.Sdk.Razor.GenerateAssemblyInfo.targets(181,5): message : Özellik yeniden ataması: $(CoreCompileDependsOn)="
       C:\Program Files\dotnet\sdk\9.0.307\Sdks\Microsoft.NET.Sdk.Razor\targets\Microsoft.NET.Sdk.Razor.GenerateAssemblyInfo.targets(181,5): message :       ;_ComputeNonExistentFileProperty;ResolveCodeAnalysisRuleSet;
       C:\Program Files\dotnet\sdk\9.0.307\Sdks\Microsoft.NET.Sdk.Razor\targets\Microsoft.NET.Sdk.Razor.GenerateAssemblyInfo.targets(181,5): message :       _GenerateRazorAssemblyInfo
       C:\Program Files\dotnet\sdk\9.0.307\Sdks\Microsoft.NET.Sdk.Razor\targets\Microsoft.NET.Sdk.Razor.GenerateAssemblyInfo.targets(181,5): message :     " (önceki değer: ";_ComputeNonExistentFileProperty;ResolveCodeAnalysisRuleSet") konum: C:\Program Files\dotnet\sdk\9.0.307\Sdks\Microsoft.NET.Sdk.Razor\targets\Microsoft.NET.Sdk.Razor.GenerateAssemblyInfo.targets (181,5)
       C:\Program Files\dotnet\sdk\9.0.307\Sdks\Microsoft.NET.Sdk.Razor\targets\Microsoft.NET.Sdk.Razor.GenerateAssemblyInfo.targets(189,5): message : Özellik yeniden ataması: $(_GenerateRazorAssemblyInfoDependsOn)="
       C:\Program Files\dotnet\sdk\9.0.307\Sdks\Microsoft.NET.Sdk.Razor\targets\Microsoft.NET.Sdk.Razor.GenerateAssemblyInfo.targets(189,5): message :       _ResolveMvcAssemblyAttributes;
       C:\Program Files\dotnet\sdk\9.0.307\Sdks\Microsoft.NET.Sdk.Razor\targets\Microsoft.NET.Sdk.Razor.GenerateAssemblyInfo.targets(189,5): message :       RazorGetAssemblyAttributes;PrepareForBuild;_CoreGenerateRazorAssemblyInfo;
       C:\Program Files\dotnet\sdk\9.0.307\Sdks\Microsoft.NET.Sdk.Razor\targets\Microsoft.NET.Sdk.Razor.GenerateAssemblyInfo.targets(189,5): message :     " (önceki değer: "RazorGetAssemblyAttributes;PrepareForBuild;_CoreGenerateRazorAssemblyInfo") konum: C:\Program Files\dotnet\sdk\9.0.307\Sdks\Microsoft.NET.Sdk.Razor\targets\Microsoft.NET.Sdk.Razor.GenerateAssemblyInfo.targets (189,5)
       C:\Program Files\dotnet\sdk\9.0.307\Sdks\Microsoft.NET.Sdk.Razor\targets\Microsoft.NET.Sdk.Razor.MvcApplicationPartsDiscovery.targets(22,5): message : Özellik yeniden ataması: $(CoreCompileDependsOn)="
       C:\Program Files\dotnet\sdk\9.0.307\Sdks\Microsoft.NET.Sdk.Razor\targets\Microsoft.NET.Sdk.Razor.MvcApplicationPartsDiscovery.targets(22,5): message :       _DiscoverMvcApplicationParts;
       C:\Program Files\dotnet\sdk\9.0.307\Sdks\Microsoft.NET.Sdk.Razor\targets\Microsoft.NET.Sdk.Razor.MvcApplicationPartsDiscovery.targets(22,5): message :       
       C:\Program Files\dotnet\sdk\9.0.307\Sdks\Microsoft.NET.Sdk.Razor\targets\Microsoft.NET.Sdk.Razor.MvcApplicationPartsDiscovery.targets(22,5): message :       ;_ComputeNonExistentFileProperty;ResolveCodeAnalysisRuleSet;
       C:\Program Files\dotnet\sdk\9.0.307\Sdks\Microsoft.NET.Sdk.Razor\targets\Microsoft.NET.Sdk.Razor.MvcApplicationPartsDiscovery.targets(22,5): message :       _GenerateRazorAssemblyInfo
       C:\Program Files\dotnet\sdk\9.0.307\Sdks\Microsoft.NET.Sdk.Razor\targets\Microsoft.NET.Sdk.Razor.MvcApplicationPartsDiscovery.targets(22,5): message :     ;
       C:\Program Files\dotnet\sdk\9.0.307\Sdks\Microsoft.NET.Sdk.Razor\targets\Microsoft.NET.Sdk.Razor.MvcApplicationPartsDiscovery.targets(22,5): message :     " (önceki değer: "
       C:\Program Files\dotnet\sdk\9.0.307\Sdks\Microsoft.NET.Sdk.Razor\targets\Microsoft.NET.Sdk.Razor.MvcApplicationPartsDiscovery.targets(22,5): message :       ;_ComputeNonExistentFileProperty;ResolveCodeAnalysisRuleSet;
       C:\Program Files\dotnet\sdk\9.0.307\Sdks\Microsoft.NET.Sdk.Razor\targets\Microsoft.NET.Sdk.Razor.MvcApplicationPartsDiscovery.targets(22,5): message :       _GenerateRazorAssemblyInfo
       C:\Program Files\dotnet\sdk\9.0.307\Sdks\Microsoft.NET.Sdk.Razor\targets\Microsoft.NET.Sdk.Razor.MvcApplicationPartsDiscovery.targets(22,5): message :     ") konum: C:\Program Files\dotnet\sdk\9.0.307\Sdks\Microsoft.NET.Sdk.Razor\targets\Microsoft.NET.Sdk.Razor.MvcApplicationPartsDiscovery.targets (22,5)
       C:\Program Files\dotnet\sdk\9.0.307\Sdks\Microsoft.NET.Sdk.Razor\targets\Sdk.Razor.CurrentVersion.targets(791,5): message : Özellik yeniden ataması: $(RazorDesignTimeTargets)="C:\Program Files\dotnet\sdk\9.0.307\Sdks\Microsoft.NET.Sdk.Razor\targets\Microsoft.NET.Sdk.Razor.DesignTime.targets" (önceki değer: "C:\Program Files\dotnet\sdk\9.0.307\\Microsoft\VisualStudio\Razor\Microsoft.NET.Sdk.Razor.DesignTime.targets") konum: C:\Program Files\dotnet\sdk\9.0.307\Sdks\Microsoft.NET.Sdk.Razor\targets\Sdk.Razor.CurrentVersion.targets (791,5)
       C:\Program Files\dotnet\sdk\9.0.307\Sdks\Microsoft.NET.Sdk.Web.ProjectSystem\targets\Microsoft.NET.Sdk.Web.ProjectSystem.targets(21,5): message : Özellik yeniden ataması: $(RunWorkingDirectory)="C:\Users\alihe\OneDrive\Masaüstü\ForgeFlow Project\services\artifact\ForgeFlow.Artifact.Api" (önceki değer: "") konum: C:\Program Files\dotnet\sdk\9.0.307\Sdks\Microsoft.NET.Sdk.Web.ProjectSystem\targets\Microsoft.NET.Sdk.Web.ProjectSystem.targets (21,5)
       C:\Program Files\dotnet\sdk\9.0.307\Sdks\Microsoft.NET.Sdk.Publish\targets\Microsoft.NET.Sdk.Publish.targets(60,5): message : Özellik yeniden ataması: $(PublishProfileImported)="true" (önceki değer: "false") konum: C:\Program Files\dotnet\sdk\9.0.307\Sdks\Microsoft.NET.Sdk.Publish\targets\Microsoft.NET.Sdk.Publish.targets (60,5)
       C:\Program Files\dotnet\sdk\9.0.307\Sdks\Microsoft.NET.Sdk.Publish\targets\Microsoft.NET.Sdk.Publish.targets(81,5): message : Özellik yeniden ataması: $(PublishConfiguration)="Debug" (önceki değer: "") konum: C:\Program Files\dotnet\sdk\9.0.307\Sdks\Microsoft.NET.Sdk.Publish\targets\Microsoft.NET.Sdk.Publish.targets (81,5)
       C:\Program Files\dotnet\sdk\9.0.307\Sdks\Microsoft.NET.Sdk.Publish\targets\Microsoft.NET.Sdk.Publish.targets(87,5): message : Özellik yeniden ataması: $(BaseIntermediateOutputPath)="C:\Users\alihe\OneDrive\Masaüstü\ForgeFlow Project\services\artifact\ForgeFlow.Artifact.Api\obj\" (önceki değer: "obj\") konum: C:\Program Files\dotnet\sdk\9.0.307\Sdks\Microsoft.NET.Sdk.Publish\targets\Microsoft.NET.Sdk.Publish.targets (87,5)
       "C:\Program Files\dotnet\sdk\9.0.307\Sdks\Microsoft.NET.Sdk\targets\Microsoft.NET.Sdk.FrameworkReferenceResolution.targets" projesindeki "ResolveFrameworkReferences" hedefi kullanılarak "C:\Program Files\dotnet\sdk\9.0.307\Microsoft.Common.CurrentVersion.targets" projesindeki "ResolveFrameworkReferences" hedefinin üzerine yazılıyor.
       "C:\Program Files\dotnet\sdk\9.0.307\Sdks\Microsoft.NET.Sdk\targets\Microsoft.NET.Sdk.targets" projesindeki "Run" hedefi kullanılarak "C:\Program Files\dotnet\sdk\9.0.307\Microsoft.Common.CurrentVersion.targets" projesindeki "Run" hedefinin üzerine yazılıyor.
       "C:\Program Files\dotnet\sdk\9.0.307\Sdks\Microsoft.NET.Sdk\targets\Microsoft.NET.Sdk.targets" projesindeki "GenerateSupportedTargetFrameworkAlias" hedefi kullanılarak "C:\Program Files\dotnet\sdk\9.0.307\Microsoft.Common.CurrentVersion.targets" projesindeki "GenerateSupportedTargetFrameworkAlias" hedefinin üzerine yazılıyor.
       "C:\Program Files\dotnet\sdk\9.0.307\Sdks\Microsoft.NET.Sdk\targets\Microsoft.NET.DisableStandardFrameworkResolution.targets" projesindeki "GetReferenceAssemblyPaths" hedefi kullanılarak "C:\Program Files\dotnet\sdk\9.0.307\Microsoft.Common.CurrentVersion.targets" projesindeki "GetReferenceAssemblyPaths" hedefinin üzerine yazılıyor.
       "C:\Program Files\dotnet\sdk\9.0.307\Sdks\Microsoft.NET.Sdk\targets\Microsoft.NET.DisableStandardFrameworkResolution.targets" projesindeki "GetFrameworkPaths" hedefi kullanılarak "C:\Program Files\dotnet\sdk\9.0.307\Microsoft.Common.CurrentVersion.targets" projesindeki "GetFrameworkPaths" hedefinin üzerine yazılıyor.
       "C:\Program Files\dotnet\sdk\9.0.307\Sdks\Microsoft.NET.Sdk\targets\Microsoft.NET.DesignerSupport.targets" projesindeki "DesignerRuntimeImplementationProjectOutputGroup" hedefi kullanılarak "C:\Program Files\dotnet\sdk\9.0.307\Microsoft.Common.CurrentVersion.targets" projesindeki "DesignerRuntimeImplementationProjectOutputGroup" hedefinin üzerine yazılıyor.
       "C:\Program Files\dotnet\sdk\9.0.307\Sdks\Microsoft.NET.Sdk\targets\Microsoft.NET.Publish.targets" projesindeki "Publish" hedefi kullanılarak "C:\Program Files\dotnet\sdk\9.0.307\Microsoft.Common.CurrentVersion.targets" projesindeki "Publish" hedefinin üzerine yazılıyor.
       "C:\Program Files\dotnet\sdk\9.0.307\Sdks\Microsoft.NET.Sdk\targets\Microsoft.NET.Publish.targets" projesindeki "ResolveReadyToRunCompilers" hedefi kullanılarak "C:\Program Files\dotnet\sdk\9.0.307\Sdks\Microsoft.NET.Sdk\targets\Microsoft.NET.CrossGen.targets" projesindeki "ResolveReadyToRunCompilers" hedefinin üzerine yazılıyor.
       "C:\Program Files\dotnet\sdk\9.0.307\Sdks\Microsoft.NET.Sdk\targets\Microsoft.NET.Publish.targets" projesindeki "GetCopyToPublishDirectoryItems" hedefi kullanılarak "C:\Program Files\dotnet\sdk\9.0.307\Microsoft.Common.CurrentVersion.targets" projesindeki "GetCopyToPublishDirectoryItems" hedefinin üzerine yazılıyor.
       "C:\Program Files\dotnet\sdk\9.0.307\Sdks\Microsoft.NET.Sdk.Publish\targets\Microsoft.NET.Sdk.Publish.targets" projesindeki "BeforePublish" hedefi kullanılarak "C:\Program Files\dotnet\sdk\9.0.307\Microsoft.Common.CurrentVersion.targets" projesindeki "BeforePublish" hedefinin üzerine yazılıyor.
       "C:\Program Files\dotnet\sdk\9.0.307\Sdks\Microsoft.NET.Sdk.Publish\targets\Microsoft.NET.Sdk.Publish.targets" projesindeki "AfterPublish" hedefi kullanılarak "C:\Program Files\dotnet\sdk\9.0.307\Microsoft.Common.CurrentVersion.targets" projesindeki "AfterPublish" hedefinin üzerine yazılıyor.
       "CollectUpToDateCheckInputDesignTime" konumundaki bir BeforeTargets özniteliğinde listelenen "C:\Program Files\dotnet\sdk\9.0.307\Sdks\Microsoft.NET.Sdk.StaticWebAssets\targets\Microsoft.NET.Sdk.StaticWebAssets.ScopedCss.targets (171,5)" hedefi projede yok ve göz ardı edilecek.
       "CollectUpToDateCheckBuiltDesignTime" konumundaki bir BeforeTargets özniteliğinde listelenen "C:\Program Files\dotnet\sdk\9.0.307\Sdks\Microsoft.NET.Sdk.StaticWebAssets\targets\Microsoft.NET.Sdk.StaticWebAssets.ScopedCss.targets (171,5)" hedefi projede yok ve göz ardı edilecek.
       "RazorGenerateComponentDeclaration" konumundaki bir AfterTargets özniteliğinde listelenen "C:\Program Files\dotnet\sdk\9.0.307\Sdks\Microsoft.NET.Sdk.Razor\targets\Microsoft.NET.Sdk.Razor.DesignTime.targets (55,53)" hedefi projede yok ve göz ardı edilecek.
     1>1 düğümünde "C:\Users\alihe\OneDrive\Masaüstü\ForgeFlow Project\services\artifact\ForgeFlow.Artifact.Api\ForgeFlow.Artifact.Api.csproj" projesi (Restore hedef).
     1>"C:\Users\alihe\OneDrive\Masaüstü\ForgeFlow Project\services\artifact\ForgeFlow.Artifact.Api\ForgeFlow.Artifact.Api.csproj" projesinin "C:\Program Files\dotnet\sdk\9.0.307\NuGet.targets" dosyasındaki "_LoadRestoreGraphEntryPoints" hedefi ("_FilterRestoreGraphProjectInputItems" hedefi buna bağımlı):
     1>Yanlış koşul nedeniyle "GetRestoreSolutionProjectsTask" görevi atlandı; ( $(MSBuildProjectFullPath.EndsWith('.metaproj')) == 'true' AND @(RestoreGraphProjectInputItems) == '' ), ( False == 'true' AND C:\Users\alihe\OneDrive\Masaüstü\ForgeFlow Project\services\artifact\ForgeFlow.Artifact.Api\ForgeFlow.Artifact.Api.csproj == '' ) olarak değerlendirildi.
     1>"ForgeFlow.Artifact.Api.csproj" projesinde "_LoadRestoreGraphEntryPoints" hedefini oluşturma tamamlandı.
     1>"C:\Users\alihe\OneDrive\Masaüstü\ForgeFlow Project\services\artifact\ForgeFlow.Artifact.Api\ForgeFlow.Artifact.Api.csproj" projesinin "C:\Program Files\dotnet\sdk\9.0.307\NuGet.targets" dosyasındaki "_FilterRestoreGraphProjectInputItems" hedefi ("_GenerateRestoreGraph" hedefi buna bağımlı):
       "Microsoft.Build.Tasks.Core, Version=15.1.0.0, Culture=neutral, PublicKeyToken=b03f5f7f11d50a3a" derlemesindeki "RemoveDuplicates" görevi kullanılıyor.
       "RemoveDuplicates" görevi
       "RemoveDuplicates" görevini yürütme tamamlandı.
       "Microsoft.Build.Tasks.Core, Version=15.1.0.0, Culture=neutral, PublicKeyToken=b03f5f7f11d50a3a" derlemesindeki "MSBuild" görevi kullanılıyor.
       "MSBuild" görevi
         Genel Özellikler:
           ExcludeRestorePackageImports=true
     0>C:\Program Files\dotnet\sdk\9.0.307\Sdks\Microsoft.NET.Sdk\Sdk\Sdk.props(49,11): message : 'C:\Program Files\dotnet\sdk\9.0.307\' değerine sahip 'MSBuildExtensionsPath' özelliği ortamdan genişletildi.
       C:\Program Files\dotnet\sdk\9.0.307\Current\Microsoft.Common.props(60,5): message : Özellik yeniden ataması: $(MSBuildProjectExtensionsPath)="C:\Users\alihe\OneDrive\Masaüstü\ForgeFlow Project\services\artifact\ForgeFlow.Artifact.Api\obj\" (önceki değer: "obj\") konum: C:\Program Files\dotnet\sdk\9.0.307\Current\Microsoft.Common.props (60,5)
       C:\Program Files\dotnet\sdk\9.0.307\Current\Microsoft.Common.props(84,119): message : 'C:\Users\alihe\AppData\Local\Microsoft\MSBuild' değerine sahip 'MSBuildUserExtensionsPath' özelliği ortamdan genişletildi.
       C:\Program Files\dotnet\sdk\9.0.307\Sdks\Microsoft.NET.Sdk\targets\Microsoft.NET.Sdk.props(90,5): message : Özellik yeniden ataması: $(AssemblySearchPaths)="{CandidateAssemblyFiles};{HintPathFromItem}" (önceki değer: "{CandidateAssemblyFiles}") konum: C:\Program Files\dotnet\sdk\9.0.307\Sdks\Microsoft.NET.Sdk\targets\Microsoft.NET.Sdk.props (90,5)
       C:\Program Files\dotnet\sdk\9.0.307\Sdks\Microsoft.NET.Sdk\targets\Microsoft.NET.Sdk.props(91,5): message : Özellik yeniden ataması: $(AssemblySearchPaths)="{CandidateAssemblyFiles};{HintPathFromItem};{TargetFrameworkDirectory}" (önceki değer: "{CandidateAssemblyFiles};{HintPathFromItem}") konum: C:\Program Files\dotnet\sdk\9.0.307\Sdks\Microsoft.NET.Sdk\targets\Microsoft.NET.Sdk.props (91,5)
       C:\Program Files\dotnet\sdk\9.0.307\Sdks\Microsoft.NET.Sdk\targets\Microsoft.NET.Sdk.props(92,5): message : Özellik yeniden ataması: $(AssemblySearchPaths)="{CandidateAssemblyFiles};{HintPathFromItem};{TargetFrameworkDirectory};{RawFileName}" (önceki değer: "{CandidateAssemblyFiles};{HintPathFromItem};{TargetFrameworkDirectory}") konum: C:\Program Files\dotnet\sdk\9.0.307\Sdks\Microsoft.NET.Sdk\targets\Microsoft.NET.Sdk.props (92,5)
       C:\Program Files\dotnet\sdk\9.0.307\Sdks\Microsoft.NET.Sdk\targets\Microsoft.NET.PackProjectTool.props(15,5): message : Özellik yeniden ataması: $(TargetsForTfmSpecificContentInPackage)=";PackTool;_PackProjectToolValidation" (önceki değer: ";PackTool") konum: C:\Program Files\dotnet\sdk\9.0.307\Sdks\Microsoft.NET.Sdk\targets\Microsoft.NET.PackProjectTool.props (15,5)
       C:\Program Files\dotnet\sdk\9.0.307\Sdks\Microsoft.NET.Sdk.StaticWebAssets\Sdk\Sdk.StaticWebAssets.StaticAssets.ProjectSystem.props(23,5): message : Özellik yeniden ataması: $(DefaultItemExcludes)=";**\node_modules\**;node_modules\**;**\jspm_packages\**;jspm_packages\**" (önceki değer: ";**\node_modules\**;node_modules\**") konum: C:\Program Files\dotnet\sdk\9.0.307\Sdks\Microsoft.NET.Sdk.StaticWebAssets\Sdk\Sdk.StaticWebAssets.StaticAssets.ProjectSystem.props (23,5)
       C:\Program Files\dotnet\sdk\9.0.307\Sdks\Microsoft.NET.Sdk.StaticWebAssets\Sdk\Sdk.StaticWebAssets.StaticAssets.ProjectSystem.props(24,5): message : Özellik yeniden ataması: $(DefaultItemExcludes)=";**\node_modules\**;node_modules\**;**\jspm_packages\**;jspm_packages\**;**\bower_components\**;bower_components\**" (önceki değer: ";**\node_modules\**;node_modules\**;**\jspm_packages\**;jspm_packages\**") konum: C:\Program Files\dotnet\sdk\9.0.307\Sdks\Microsoft.NET.Sdk.StaticWebAssets\Sdk\Sdk.StaticWebAssets.StaticAssets.ProjectSystem.props (24,5)
       C:\Program Files\dotnet\sdk\9.0.307\Sdks\Microsoft.NET.Sdk.StaticWebAssets\Sdk\Sdk.StaticWebAssets.StaticAssets.ProjectSystem.props(25,5): message : Özellik yeniden ataması: $(DefaultItemExcludes)=";**\node_modules\**;node_modules\**;**\jspm_packages\**;jspm_packages\**;**\bower_components\**;bower_components\**;**\packages.lock.json" (önceki değer: ";**\node_modules\**;node_modules\**;**\jspm_packages\**;jspm_packages\**;**\bower_components\**;bower_components\**") konum: C:\Program Files\dotnet\sdk\9.0.307\Sdks\Microsoft.NET.Sdk.StaticWebAssets\Sdk\Sdk.StaticWebAssets.StaticAssets.ProjectSystem.props (25,5)
       C:\Program Files\dotnet\sdk\9.0.307\Sdks\Microsoft.NET.Sdk.Web.ProjectSystem\targets\Microsoft.NET.Sdk.Web.ProjectSystem.props(16,5): message : Özellik yeniden ataması: $(OutputType)="Exe" (önceki değer: "Library") konum: C:\Program Files\dotnet\sdk\9.0.307\Sdks\Microsoft.NET.Sdk.Web.ProjectSystem\targets\Microsoft.NET.Sdk.Web.ProjectSystem.props (16,5)
       C:\Program Files\dotnet\sdk\9.0.307\Sdks\Microsoft.NET.Sdk\targets\Microsoft.NET.Sdk.ImportPublishProfile.targets(28,5): message : Özellik yeniden ataması: $(PublishProfileImported)="false" (önceki değer: "true") konum: C:\Program Files\dotnet\sdk\9.0.307\Sdks\Microsoft.NET.Sdk\targets\Microsoft.NET.Sdk.ImportPublishProfile.targets (28,5)
       C:\Program Files\dotnet\sdk\9.0.307\Sdks\Microsoft.NET.Sdk\targets\Microsoft.NET.TargetFrameworkInference.targets(69,5): message : Özellik yeniden ataması: $(TargetPlatformVersion)="" (önceki değer: "0.0") konum: C:\Program Files\dotnet\sdk\9.0.307\Sdks\Microsoft.NET.Sdk\targets\Microsoft.NET.TargetFrameworkInference.targets (69,5)
       C:\Program Files\dotnet\sdk\9.0.307\Sdks\Microsoft.NET.Sdk\targets\Microsoft.NET.DefaultOutputPaths.targets(121,5): message : Özellik yeniden ataması: $(DefaultItemExcludes)=";**\node_modules\**;node_modules\**;**\jspm_packages\**;jspm_packages\**;**\bower_components\**;bower_components\**;**\packages.lock.json;bin\Debug\/**" (önceki değer: ";**\node_modules\**;node_modules\**;**\jspm_packages\**;jspm_packages\**;**\bower_components\**;bower_components\**;**\packages.lock.json") konum: C:\Program Files\dotnet\sdk\9.0.307\Sdks\Microsoft.NET.Sdk\targets\Microsoft.NET.DefaultOutputPaths.targets (121,5)
       C:\Program Files\dotnet\sdk\9.0.307\Sdks\Microsoft.NET.Sdk\targets\Microsoft.NET.DefaultOutputPaths.targets(122,5): message : Özellik yeniden ataması: $(DefaultItemExcludes)=";**\node_modules\**;node_modules\**;**\jspm_packages\**;jspm_packages\**;**\bower_components\**;bower_components\**;**\packages.lock.json;bin\Debug\/**;obj\Debug\/**" (önceki değer: ";**\node_modules\**;node_modules\**;**\jspm_packages\**;jspm_packages\**;**\bower_components\**;bower_components\**;**\packages.lock.json;bin\Debug\/**") konum: C:\Program Files\dotnet\sdk\9.0.307\Sdks\Microsoft.NET.Sdk\targets\Microsoft.NET.DefaultOutputPaths.targets (122,5)
       C:\Program Files\dotnet\sdk\9.0.307\Sdks\Microsoft.NET.Sdk\targets\Microsoft.NET.DefaultOutputPaths.targets(137,5): message : Özellik yeniden ataması: $(OutputPath)="bin\Debug\net8.0\" (önceki değer: "bin\Debug\") konum: C:\Program Files\dotnet\sdk\9.0.307\Sdks\Microsoft.NET.Sdk\targets\Microsoft.NET.DefaultOutputPaths.targets (137,5)
       C:\Program Files\dotnet\sdk\9.0.307\Sdks\Microsoft.NET.Sdk\targets\Microsoft.NET.DefaultOutputPaths.targets(142,5): message : Özellik yeniden ataması: $(IntermediateOutputPath)="obj\Debug\net8.0\" (önceki değer: "obj\Debug\") konum: C:\Program Files\dotnet\sdk\9.0.307\Sdks\Microsoft.NET.Sdk\targets\Microsoft.NET.DefaultOutputPaths.targets (142,5)
       C:\Program Files\dotnet\sdk\9.0.307\Sdks\Microsoft.NET.Sdk\targets\Microsoft.NET.Sdk.BeforeCommon.targets(187,5): message : Özellik yeniden ataması: $(_FrameworkIdentifierForImplicitDefine)="NET" (önceki değer: "NETCOREAPP") konum: C:\Program Files\dotnet\sdk\9.0.307\Sdks\Microsoft.NET.Sdk\targets\Microsoft.NET.Sdk.BeforeCommon.targets (187,5)
       C:\Program Files\dotnet\sdk\9.0.307\Sdks\Microsoft.NET.Sdk\targets\Microsoft.NET.Sdk.BeforeCommon.targets(192,5): message : Özellik yeniden ataması: $(_FrameworkVersionForImplicitDefine)="8_0" (önceki değer: "8.0") konum: C:\Program Files\dotnet\sdk\9.0.307\Sdks\Microsoft.NET.Sdk\targets\Microsoft.NET.Sdk.BeforeCommon.targets (192,5)
       C:\Program Files\dotnet\sdk\9.0.307\Roslyn\Microsoft.CSharp.Core.targets(200,5): message : Özellik yeniden ataması: $(CommandLineArgsForDesignTimeEvaluation)="-langversion:12.0 -define:TRACE" (önceki değer: "-langversion:12.0") konum: C:\Program Files\dotnet\sdk\9.0.307\Roslyn\Microsoft.CSharp.Core.targets (200,5)
       C:\Program Files\dotnet\sdk\9.0.307\Microsoft.Common.CurrentVersion.targets(175,5): message : Özellik yeniden ataması: $(_DebugSymbolsProduced)="true" (önceki değer: "false") konum: C:\Program Files\dotnet\sdk\9.0.307\Microsoft.Common.CurrentVersion.targets (175,5)
       C:\Program Files\dotnet\sdk\9.0.307\Microsoft.Common.CurrentVersion.targets(185,5): message : Özellik yeniden ataması: $(_DocumentationFileProduced)="false" (önceki değer: "true") konum: C:\Program Files\dotnet\sdk\9.0.307\Microsoft.Common.CurrentVersion.targets (185,5)
       C:\Program Files\dotnet\sdk\9.0.307\Microsoft.Common.CurrentVersion.targets(392,5): message : Özellik yeniden ataması: $(MSBuildCopyMarkerName)="ForgeFlo.F143C5D0" (önceki değer: "ForgeFlow.Artifact.Api.csproj") konum: C:\Program Files\dotnet\sdk\9.0.307\Microsoft.Common.CurrentVersion.targets (392,5)
       C:\Program Files\dotnet\sdk\9.0.307\Microsoft.Common.CurrentVersion.targets(393,5): message : Özellik yeniden ataması: $(MSBuildCopyMarkerName)="ForgeFlo.F143C5D0.Up2Date" (önceki değer: "ForgeFlo.F143C5D0") konum: C:\Program Files\dotnet\sdk\9.0.307\Microsoft.Common.CurrentVersion.targets (393,5)
       C:\Program Files\dotnet\sdk\9.0.307\Microsoft.Common.CurrentVersion.targets(541,5): message : Özellik yeniden ataması: $(ProcessorArchitecture)="msil" (önceki değer: "") konum: C:\Program Files\dotnet\sdk\9.0.307\Microsoft.Common.CurrentVersion.targets (541,5)
       C:\Program Files\dotnet\sdk\9.0.307\Microsoft.Common.CurrentVersion.targets(580,5): message : Özellik yeniden ataması: $(DelaySign)="" (önceki değer: "false") konum: C:\Program Files\dotnet\sdk\9.0.307\Microsoft.Common.CurrentVersion.targets (580,5)
       C:\Program Files\dotnet\sdk\9.0.307\Microsoft.Common.CurrentVersion.targets(2619,5): message : 'C:\Users\alihe\AppData\Local' değerine sahip 'LOCALAPPDATA' özelliği ortamdan genişletildi.
       C:\Program Files\dotnet\sdk\9.0.307\Microsoft.Common.CurrentVersion.targets(3947,5): message : Özellik yeniden ataması: $(_SGenGenerateSerializationAssembliesConfig)="Auto" (önceki değer: "") konum: C:\Program Files\dotnet\sdk\9.0.307\Microsoft.Common.CurrentVersion.targets (3947,5)
       C:\Program Files\dotnet\sdk\9.0.307\Microsoft.Common.CurrentVersion.targets(3948,5): message : Özellik yeniden ataması: $(_SGenGenerateSerializationAssembliesConfig)="Off" (önceki değer: "Auto") konum: C:\Program Files\dotnet\sdk\9.0.307\Microsoft.Common.CurrentVersion.targets (3948,5)
       C:\Program Files\dotnet\sdk\9.0.307\Microsoft.Common.CurrentVersion.targets(5159,5): message : Özellik yeniden ataması: $(_TargetsThatPrepareProjectReferences)="
       C:\Program Files\dotnet\sdk\9.0.307\Microsoft.Common.CurrentVersion.targets(5159,5): message :       AssignProjectConfiguration;
       C:\Program Files\dotnet\sdk\9.0.307\Microsoft.Common.CurrentVersion.targets(5159,5): message :       _SplitProjectReferencesByFileExistence
       C:\Program Files\dotnet\sdk\9.0.307\Microsoft.Common.CurrentVersion.targets(5159,5): message :     " (önceki değer: "_SplitProjectReferencesByFileExistence") konum: C:\Program Files\dotnet\sdk\9.0.307\Microsoft.Common.CurrentVersion.targets (5159,5)
       C:\Program Files\dotnet\sdk\9.0.307\Microsoft.Common.CurrentVersion.targets(6954,5): message : 'C:\Program Files\dotnet\sdk\9.0.307' değerine sahip 'MSBuildExtensionsPath32' özelliği ortamdan genişletildi.
       C:\Program Files\dotnet\sdk\9.0.307\Sdks\Microsoft.NET.Sdk\targets\Microsoft.PackageDependencyResolution.targets(24,5): message : Özellik yeniden ataması: $(ProjectAssetsFile)="C:\Users\alihe\OneDrive\Masaüstü\ForgeFlow Project\services\artifact\ForgeFlow.Artifact.Api\obj\project.assets.json" (önceki değer: "C:\Users\alihe\OneDrive\Masaüstü\ForgeFlow Project\services\artifact\ForgeFlow.Artifact.Api\obj\/project.assets.json") konum: C:\Program Files\dotnet\sdk\9.0.307\Sdks\Microsoft.NET.Sdk\targets\Microsoft.PackageDependencyResolution.targets (24,5)
       C:\Program Files\dotnet\sdk\9.0.307\Sdks\Microsoft.NET.Sdk\targets\Microsoft.PackageDependencyResolution.targets(29,5): message : Özellik yeniden ataması: $(ProjectAssetsCacheFile)="C:\Users\alihe\OneDrive\Masaüstü\ForgeFlow Project\services\artifact\ForgeFlow.Artifact.Api\obj\Debug\net8.0\ForgeFlow.Artifact.Api.assets.cache" (önceki değer: "obj\Debug\net8.0\ForgeFlow.Artifact.Api.assets.cache") konum: C:\Program Files\dotnet\sdk\9.0.307\Sdks\Microsoft.NET.Sdk\targets\Microsoft.PackageDependencyResolution.targets (29,5)
       C:\Program Files\dotnet\sdk\9.0.307\Sdks\Microsoft.NET.Sdk\targets\Microsoft.PackageDependencyResolution.targets(80,5): message : Özellik yeniden ataması: $(ResolveAssemblyReferencesDependsOn)="
       C:\Program Files\dotnet\sdk\9.0.307\Sdks\Microsoft.NET.Sdk\targets\Microsoft.PackageDependencyResolution.targets(80,5): message :       
       C:\Program Files\dotnet\sdk\9.0.307\Sdks\Microsoft.NET.Sdk\targets\Microsoft.PackageDependencyResolution.targets(80,5): message :       ResolveProjectReferences;
       C:\Program Files\dotnet\sdk\9.0.307\Sdks\Microsoft.NET.Sdk\targets\Microsoft.PackageDependencyResolution.targets(80,5): message :       FindInvalidProjectReferences;
       C:\Program Files\dotnet\sdk\9.0.307\Sdks\Microsoft.NET.Sdk\targets\Microsoft.PackageDependencyResolution.targets(80,5): message :       GetFrameworkPaths;
       C:\Program Files\dotnet\sdk\9.0.307\Sdks\Microsoft.NET.Sdk\targets\Microsoft.PackageDependencyResolution.targets(80,5): message :       GetReferenceAssemblyPaths;
       C:\Program Files\dotnet\sdk\9.0.307\Sdks\Microsoft.NET.Sdk\targets\Microsoft.PackageDependencyResolution.targets(80,5): message :       PrepareForBuild;
       C:\Program Files\dotnet\sdk\9.0.307\Sdks\Microsoft.NET.Sdk\targets\Microsoft.PackageDependencyResolution.targets(80,5): message :       ResolveSDKReferences;
       C:\Program Files\dotnet\sdk\9.0.307\Sdks\Microsoft.NET.Sdk\targets\Microsoft.PackageDependencyResolution.targets(80,5): message :       ExpandSDKReferences;
       C:\Program Files\dotnet\sdk\9.0.307\Sdks\Microsoft.NET.Sdk\targets\Microsoft.PackageDependencyResolution.targets(80,5): message :     ;
       C:\Program Files\dotnet\sdk\9.0.307\Sdks\Microsoft.NET.Sdk\targets\Microsoft.PackageDependencyResolution.targets(80,5): message :       ResolvePackageDependenciesForBuild;
       C:\Program Files\dotnet\sdk\9.0.307\Sdks\Microsoft.NET.Sdk\targets\Microsoft.PackageDependencyResolution.targets(80,5): message :       _HandlePackageFileConflicts;
       C:\Program Files\dotnet\sdk\9.0.307\Sdks\Microsoft.NET.Sdk\targets\Microsoft.PackageDependencyResolution.targets(80,5): message :     " (önceki değer: "
       C:\Program Files\dotnet\sdk\9.0.307\Sdks\Microsoft.NET.Sdk\targets\Microsoft.PackageDependencyResolution.targets(80,5): message :       ResolveProjectReferences;
       C:\Program Files\dotnet\sdk\9.0.307\Sdks\Microsoft.NET.Sdk\targets\Microsoft.PackageDependencyResolution.targets(80,5): message :       FindInvalidProjectReferences;
       C:\Program Files\dotnet\sdk\9.0.307\Sdks\Microsoft.NET.Sdk\targets\Microsoft.PackageDependencyResolution.targets(80,5): message :       GetFrameworkPaths;
       C:\Program Files\dotnet\sdk\9.0.307\Sdks\Microsoft.NET.Sdk\targets\Microsoft.PackageDependencyResolution.targets(80,5): message :       GetReferenceAssemblyPaths;
       C:\Program Files\dotnet\sdk\9.0.307\Sdks\Microsoft.NET.Sdk\targets\Microsoft.PackageDependencyResolution.targets(80,5): message :       PrepareForBuild;
       C:\Program Files\dotnet\sdk\9.0.307\Sdks\Microsoft.NET.Sdk\targets\Microsoft.PackageDependencyResolution.targets(80,5): message :       ResolveSDKReferences;
       C:\Program Files\dotnet\sdk\9.0.307\Sdks\Microsoft.NET.Sdk\targets\Microsoft.PackageDependencyResolution.targets(80,5): message :       ExpandSDKReferences;
       C:\Program Files\dotnet\sdk\9.0.307\Sdks\Microsoft.NET.Sdk\targets\Microsoft.PackageDependencyResolution.targets(80,5): message :     ") konum: C:\Program Files\dotnet\sdk\9.0.307\Sdks\Microsoft.NET.Sdk\targets\Microsoft.PackageDependencyResolution.targets (80,5)
       C:\Program Files\dotnet\sdk\9.0.307\Sdks\Microsoft.NET.Sdk\targets\Microsoft.PackageDependencyResolution.targets(86,5): message : Özellik yeniden ataması: $(PrepareResourcesDependsOn)="
       C:\Program Files\dotnet\sdk\9.0.307\Sdks\Microsoft.NET.Sdk\targets\Microsoft.PackageDependencyResolution.targets(86,5): message :       ResolvePackageDependenciesForBuild;
       C:\Program Files\dotnet\sdk\9.0.307\Sdks\Microsoft.NET.Sdk\targets\Microsoft.PackageDependencyResolution.targets(86,5): message :       _HandlePackageFileConflicts;
       C:\Program Files\dotnet\sdk\9.0.307\Sdks\Microsoft.NET.Sdk\targets\Microsoft.PackageDependencyResolution.targets(86,5): message :       
       C:\Program Files\dotnet\sdk\9.0.307\Sdks\Microsoft.NET.Sdk\targets\Microsoft.PackageDependencyResolution.targets(86,5): message :       ;
       C:\Program Files\dotnet\sdk\9.0.307\Sdks\Microsoft.NET.Sdk\targets\Microsoft.PackageDependencyResolution.targets(86,5): message :       PrepareResourceNames;
       C:\Program Files\dotnet\sdk\9.0.307\Sdks\Microsoft.NET.Sdk\targets\Microsoft.PackageDependencyResolution.targets(86,5): message :       ResGen;
       C:\Program Files\dotnet\sdk\9.0.307\Sdks\Microsoft.NET.Sdk\targets\Microsoft.PackageDependencyResolution.targets(86,5): message :       CompileLicxFiles
       C:\Program Files\dotnet\sdk\9.0.307\Sdks\Microsoft.NET.Sdk\targets\Microsoft.PackageDependencyResolution.targets(86,5): message :     
       C:\Program Files\dotnet\sdk\9.0.307\Sdks\Microsoft.NET.Sdk\targets\Microsoft.PackageDependencyResolution.targets(86,5): message :     " (önceki değer: "
       C:\Program Files\dotnet\sdk\9.0.307\Sdks\Microsoft.NET.Sdk\targets\Microsoft.PackageDependencyResolution.targets(86,5): message :       ;
       C:\Program Files\dotnet\sdk\9.0.307\Sdks\Microsoft.NET.Sdk\targets\Microsoft.PackageDependencyResolution.targets(86,5): message :       PrepareResourceNames;
       C:\Program Files\dotnet\sdk\9.0.307\Sdks\Microsoft.NET.Sdk\targets\Microsoft.PackageDependencyResolution.targets(86,5): message :       ResGen;
       C:\Program Files\dotnet\sdk\9.0.307\Sdks\Microsoft.NET.Sdk\targets\Microsoft.PackageDependencyResolution.targets(86,5): message :       CompileLicxFiles
       C:\Program Files\dotnet\sdk\9.0.307\Sdks\Microsoft.NET.Sdk\targets\Microsoft.PackageDependencyResolution.targets(86,5): message :     ") konum: C:\Program Files\dotnet\sdk\9.0.307\Sdks\Microsoft.NET.Sdk\targets\Microsoft.PackageDependencyResolution.targets (86,5)
       C:\Program Files\dotnet\sdk\9.0.307\Sdks\Microsoft.NET.Sdk\targets\Microsoft.NET.Sdk.DefaultItems.targets(27,5): message : Özellik yeniden ataması: $(DefaultItemExcludes)=";**\node_modules\**;node_modules\**;**\jspm_packages\**;jspm_packages\**;**\bower_components\**;bower_components\**;**\packages.lock.json;bin\Debug\/**;obj\Debug\/**;bin\/**" (önceki değer: ";**\node_modules\**;node_modules\**;**\jspm_packages\**;jspm_packages\**;**\bower_components\**;bower_components\**;**\packages.lock.json;bin\Debug\/**;obj\Debug\/**") konum: C:\Program Files\dotnet\sdk\9.0.307\Sdks\Microsoft.NET.Sdk\targets\Microsoft.NET.Sdk.DefaultItems.targets (27,5)
       C:\Program Files\dotnet\sdk\9.0.307\Sdks\Microsoft.NET.Sdk\targets\Microsoft.NET.Sdk.DefaultItems.targets(29,5): message : Özellik yeniden ataması: $(DefaultItemExcludes)=";**\node_modules\**;node_modules\**;**\jspm_packages\**;jspm_packages\**;**\bower_components\**;bower_components\**;**\packages.lock.json;bin\Debug\/**;obj\Debug\/**;bin\/**;obj\/**" (önceki değer: ";**\node_modules\**;node_modules\**;**\jspm_packages\**;jspm_packages\**;**\bower_components\**;bower_components\**;**\packages.lock.json;bin\Debug\/**;obj\Debug\/**;bin\/**") konum: C:\Program Files\dotnet\sdk\9.0.307\Sdks\Microsoft.NET.Sdk\targets\Microsoft.NET.Sdk.DefaultItems.targets (29,5)
       C:\Program Files\dotnet\sdk\9.0.307\Sdks\Microsoft.NET.Sdk\targets\Microsoft.NET.Sdk.DefaultItems.targets(32,5): message : Özellik yeniden ataması: $(DefaultItemExcludes)=";**\node_modules\**;node_modules\**;**\jspm_packages\**;jspm_packages\**;**\bower_components\**;bower_components\**;**\packages.lock.json;bin\Debug\/**;obj\Debug\/**;bin\/**;obj\/**;**/*.user" (önceki değer: ";**\node_modules\**;node_modules\**;**\jspm_packages\**;jspm_packages\**;**\bower_components\**;bower_components\**;**\packages.lock.json;bin\Debug\/**;obj\Debug\/**;bin\/**;obj\/**") konum: C:\Program Files\dotnet\sdk\9.0.307\Sdks\Microsoft.NET.Sdk\targets\Microsoft.NET.Sdk.DefaultItems.targets (32,5)
       C:\Program Files\dotnet\sdk\9.0.307\Sdks\Microsoft.NET.Sdk\targets\Microsoft.NET.Sdk.DefaultItems.targets(33,5): message : Özellik yeniden ataması: $(DefaultItemExcludes)=";**\node_modules\**;node_modules\**;**\jspm_packages\**;jspm_packages\**;**\bower_components\**;bower_components\**;**\packages.lock.json;bin\Debug\/**;obj\Debug\/**;bin\/**;obj\/**;**/*.user;**/*.*proj" (önceki değer: ";**\node_modules\**;node_modules\**;**\jspm_packages\**;jspm_packages\**;**\bower_components\**;bower_components\**;**\packages.lock.json;bin\Debug\/**;obj\Debug\/**;bin\/**;obj\/**;**/*.user") konum: C:\Program Files\dotnet\sdk\9.0.307\Sdks\Microsoft.NET.Sdk\targets\Microsoft.NET.Sdk.DefaultItems.targets (33,5)
       C:\Program Files\dotnet\sdk\9.0.307\Sdks\Microsoft.NET.Sdk\targets\Microsoft.NET.Sdk.DefaultItems.targets(34,5): message : Özellik yeniden ataması: $(DefaultItemExcludes)=";**\node_modules\**;node_modules\**;**\jspm_packages\**;jspm_packages\**;**\bower_components\**;bower_components\**;**\packages.lock.json;bin\Debug\/**;obj\Debug\/**;bin\/**;obj\/**;**/*.user;**/*.*proj;**/*.sln" (önceki değer: ";**\node_modules\**;node_modules\**;**\jspm_packages\**;jspm_packages\**;**\bower_components\**;bower_components\**;**\packages.lock.json;bin\Debug\/**;obj\Debug\/**;bin\/**;obj\/**;**/*.user;**/*.*proj") konum: C:\Program Files\dotnet\sdk\9.0.307\Sdks\Microsoft.NET.Sdk\targets\Microsoft.NET.Sdk.DefaultItems.targets (34,5)
       C:\Program Files\dotnet\sdk\9.0.307\Sdks\Microsoft.NET.Sdk\targets\Microsoft.NET.Sdk.DefaultItems.targets(35,5): message : Özellik yeniden ataması: $(DefaultItemExcludes)=";**\node_modules\**;node_modules\**;**\jspm_packages\**;jspm_packages\**;**\bower_components\**;bower_components\**;**\packages.lock.json;bin\Debug\/**;obj\Debug\/**;bin\/**;obj\/**;**/*.user;**/*.*proj;**/*.sln;**/*.slnx" (önceki değer: ";**\node_modules\**;node_modules\**;**\jspm_packages\**;jspm_packages\**;**\bower_components\**;bower_components\**;**\packages.lock.json;bin\Debug\/**;obj\Debug\/**;bin\/**;obj\/**;**/*.user;**/*.*proj;**/*.sln") konum: C:\Program Files\dotnet\sdk\9.0.307\Sdks\Microsoft.NET.Sdk\targets\Microsoft.NET.Sdk.DefaultItems.targets (35,5)
       C:\Program Files\dotnet\sdk\9.0.307\Sdks\Microsoft.NET.Sdk\targets\Microsoft.NET.Sdk.DefaultItems.targets(36,5): message : Özellik yeniden ataması: $(DefaultItemExcludes)=";**\node_modules\**;node_modules\**;**\jspm_packages\**;jspm_packages\**;**\bower_components\**;bower_components\**;**\packages.lock.json;bin\Debug\/**;obj\Debug\/**;bin\/**;obj\/**;**/*.user;**/*.*proj;**/*.sln;**/*.slnx;**/*.vssscc" (önceki değer: ";**\node_modules\**;node_modules\**;**\jspm_packages\**;jspm_packages\**;**\bower_components\**;bower_components\**;**\packages.lock.json;bin\Debug\/**;obj\Debug\/**;bin\/**;obj\/**;**/*.user;**/*.*proj;**/*.sln;**/*.slnx") konum: C:\Program Files\dotnet\sdk\9.0.307\Sdks\Microsoft.NET.Sdk\targets\Microsoft.NET.Sdk.DefaultItems.targets (36,5)
       C:\Program Files\dotnet\sdk\9.0.307\Sdks\Microsoft.NET.Sdk\targets\Microsoft.NET.Sdk.DefaultItems.targets(37,5): message : Özellik yeniden ataması: $(DefaultItemExcludes)=";**\node_modules\**;node_modules\**;**\jspm_packages\**;jspm_packages\**;**\bower_components\**;bower_components\**;**\packages.lock.json;bin\Debug\/**;obj\Debug\/**;bin\/**;obj\/**;**/*.user;**/*.*proj;**/*.sln;**/*.slnx;**/*.vssscc;**/.DS_Store" (önceki değer: ";**\node_modules\**;node_modules\**;**\jspm_packages\**;jspm_packages\**;**\bower_components\**;bower_components\**;**\packages.lock.json;bin\Debug\/**;obj\Debug\/**;bin\/**;obj\/**;**/*.user;**/*.*proj;**/*.sln;**/*.slnx;**/*.vssscc") konum: C:\Program Files\dotnet\sdk\9.0.307\Sdks\Microsoft.NET.Sdk\targets\Microsoft.NET.Sdk.DefaultItems.targets (37,5)
       C:\Program Files\dotnet\sdk\9.0.307\Sdks\Microsoft.NET.Sdk\targets\Microsoft.NET.Sdk.FrameworkReferenceResolution.targets(14,5): message : Özellik yeniden ataması: $(ResolveAssemblyReferencesDependsOn)="
       C:\Program Files\dotnet\sdk\9.0.307\Sdks\Microsoft.NET.Sdk\targets\Microsoft.NET.Sdk.FrameworkReferenceResolution.targets(14,5): message :       
       C:\Program Files\dotnet\sdk\9.0.307\Sdks\Microsoft.NET.Sdk\targets\Microsoft.NET.Sdk.FrameworkReferenceResolution.targets(14,5): message :       
       C:\Program Files\dotnet\sdk\9.0.307\Sdks\Microsoft.NET.Sdk\targets\Microsoft.NET.Sdk.FrameworkReferenceResolution.targets(14,5): message :       ResolveProjectReferences;
       C:\Program Files\dotnet\sdk\9.0.307\Sdks\Microsoft.NET.Sdk\targets\Microsoft.NET.Sdk.FrameworkReferenceResolution.targets(14,5): message :       FindInvalidProjectReferences;
       C:\Program Files\dotnet\sdk\9.0.307\Sdks\Microsoft.NET.Sdk\targets\Microsoft.NET.Sdk.FrameworkReferenceResolution.targets(14,5): message :       GetFrameworkPaths;
       C:\Program Files\dotnet\sdk\9.0.307\Sdks\Microsoft.NET.Sdk\targets\Microsoft.NET.Sdk.FrameworkReferenceResolution.targets(14,5): message :       GetReferenceAssemblyPaths;
       C:\Program Files\dotnet\sdk\9.0.307\Sdks\Microsoft.NET.Sdk\targets\Microsoft.NET.Sdk.FrameworkReferenceResolution.targets(14,5): message :       PrepareForBuild;
       C:\Program Files\dotnet\sdk\9.0.307\Sdks\Microsoft.NET.Sdk\targets\Microsoft.NET.Sdk.FrameworkReferenceResolution.targets(14,5): message :       ResolveSDKReferences;
       C:\Program Files\dotnet\sdk\9.0.307\Sdks\Microsoft.NET.Sdk\targets\Microsoft.NET.Sdk.FrameworkReferenceResolution.targets(14,5): message :       ExpandSDKReferences;
       C:\Program Files\dotnet\sdk\9.0.307\Sdks\Microsoft.NET.Sdk\targets\Microsoft.NET.Sdk.FrameworkReferenceResolution.targets(14,5): message :     ;
       C:\Program Files\dotnet\sdk\9.0.307\Sdks\Microsoft.NET.Sdk\targets\Microsoft.NET.Sdk.FrameworkReferenceResolution.targets(14,5): message :       ResolvePackageDependenciesForBuild;
       C:\Program Files\dotnet\sdk\9.0.307\Sdks\Microsoft.NET.Sdk\targets\Microsoft.NET.Sdk.FrameworkReferenceResolution.targets(14,5): message :       _HandlePackageFileConflicts;
       C:\Program Files\dotnet\sdk\9.0.307\Sdks\Microsoft.NET.Sdk\targets\Microsoft.NET.Sdk.FrameworkReferenceResolution.targets(14,5): message :     ;
       C:\Program Files\dotnet\sdk\9.0.307\Sdks\Microsoft.NET.Sdk\targets\Microsoft.NET.Sdk.FrameworkReferenceResolution.targets(14,5): message :       ResolveTargetingPackAssets;
       C:\Program Files\dotnet\sdk\9.0.307\Sdks\Microsoft.NET.Sdk\targets\Microsoft.NET.Sdk.FrameworkReferenceResolution.targets(14,5): message :     " (önceki değer: "
       C:\Program Files\dotnet\sdk\9.0.307\Sdks\Microsoft.NET.Sdk\targets\Microsoft.NET.Sdk.FrameworkReferenceResolution.targets(14,5): message :       
       C:\Program Files\dotnet\sdk\9.0.307\Sdks\Microsoft.NET.Sdk\targets\Microsoft.NET.Sdk.FrameworkReferenceResolution.targets(14,5): message :       ResolveProjectReferences;
       C:\Program Files\dotnet\sdk\9.0.307\Sdks\Microsoft.NET.Sdk\targets\Microsoft.NET.Sdk.FrameworkReferenceResolution.targets(14,5): message :       FindInvalidProjectReferences;
       C:\Program Files\dotnet\sdk\9.0.307\Sdks\Microsoft.NET.Sdk\targets\Microsoft.NET.Sdk.FrameworkReferenceResolution.targets(14,5): message :       GetFrameworkPaths;
       C:\Program Files\dotnet\sdk\9.0.307\Sdks\Microsoft.NET.Sdk\targets\Microsoft.NET.Sdk.FrameworkReferenceResolution.targets(14,5): message :       GetReferenceAssemblyPaths;
       C:\Program Files\dotnet\sdk\9.0.307\Sdks\Microsoft.NET.Sdk\targets\Microsoft.NET.Sdk.FrameworkReferenceResolution.targets(14,5): message :       PrepareForBuild;
       C:\Program Files\dotnet\sdk\9.0.307\Sdks\Microsoft.NET.Sdk\targets\Microsoft.NET.Sdk.FrameworkReferenceResolution.targets(14,5): message :       ResolveSDKReferences;
       C:\Program Files\dotnet\sdk\9.0.307\Sdks\Microsoft.NET.Sdk\targets\Microsoft.NET.Sdk.FrameworkReferenceResolution.targets(14,5): message :       ExpandSDKReferences;
       C:\Program Files\dotnet\sdk\9.0.307\Sdks\Microsoft.NET.Sdk\targets\Microsoft.NET.Sdk.FrameworkReferenceResolution.targets(14,5): message :     ;
       C:\Program Files\dotnet\sdk\9.0.307\Sdks\Microsoft.NET.Sdk\targets\Microsoft.NET.Sdk.FrameworkReferenceResolution.targets(14,5): message :       ResolvePackageDependenciesForBuild;
       C:\Program Files\dotnet\sdk\9.0.307\Sdks\Microsoft.NET.Sdk\targets\Microsoft.NET.Sdk.FrameworkReferenceResolution.targets(14,5): message :       _HandlePackageFileConflicts;
       C:\Program Files\dotnet\sdk\9.0.307\Sdks\Microsoft.NET.Sdk\targets\Microsoft.NET.Sdk.FrameworkReferenceResolution.targets(14,5): message :     ") konum: C:\Program Files\dotnet\sdk\9.0.307\Sdks\Microsoft.NET.Sdk\targets\Microsoft.NET.Sdk.FrameworkReferenceResolution.targets (14,5)
       C:\Program Files\dotnet\sdk\9.0.307\Sdks\Microsoft.NET.Sdk\targets\Microsoft.NET.Sdk.targets(44,5): message : Özellik yeniden ataması: $(_GenerateRuntimeConfigurationPropertyInputsCache)="C:\Users\alihe\OneDrive\Masaüstü\ForgeFlow Project\services\artifact\ForgeFlow.Artifact.Api\obj\Debug\net8.0\ForgeFlow.Artifact.Api.genruntimeconfig.cache" (önceki değer: "obj\Debug\net8.0\ForgeFlow.Artifact.Api.genruntimeconfig.cache") konum: C:\Program Files\dotnet\sdk\9.0.307\Sdks\Microsoft.NET.Sdk\targets\Microsoft.NET.Sdk.targets (44,5)
       C:\Program Files\dotnet\sdk\9.0.307\Sdks\Microsoft.NET.Sdk\targets\Microsoft.NET.Sdk.targets(46,5): message : Özellik yeniden ataması: $(_GeneratePublishDependencyFilePropertyInputsCache)="C:\Users\alihe\OneDrive\Masaüstü\ForgeFlow Project\services\artifact\ForgeFlow.Artifact.Api\obj\Debug\net8.0\ForgeFlow.Artifact.Api.genpublishdeps.cache" (önceki değer: "obj\Debug\net8.0\ForgeFlow.Artifact.Api.genpublishdeps.cache") konum: C:\Program Files\dotnet\sdk\9.0.307\Sdks\Microsoft.NET.Sdk\targets\Microsoft.NET.Sdk.targets (46,5)
       C:\Program Files\dotnet\sdk\9.0.307\Sdks\Microsoft.NET.Sdk\targets\Microsoft.NET.Sdk.targets(48,5): message : Özellik yeniden ataması: $(_GenerateSingleFileBundlePropertyInputsCache)="C:\Users\alihe\OneDrive\Masaüstü\ForgeFlow Project\services\artifact\ForgeFlow.Artifact.Api\obj\Debug\net8.0\ForgeFlow.Artifact.Api.genbundle.cache" (önceki değer: "obj\Debug\net8.0\ForgeFlow.Artifact.Api.genbundle.cache") konum: C:\Program Files\dotnet\sdk\9.0.307\Sdks\Microsoft.NET.Sdk\targets\Microsoft.NET.Sdk.targets (48,5)
       C:\Program Files\dotnet\sdk\9.0.307\Sdks\Microsoft.NET.Sdk\targets\Microsoft.NET.Sdk.targets(81,5): message : Özellik yeniden ataması: $(GenerateRuntimeConfigDevFile)="false" (önceki değer: "true") konum: C:\Program Files\dotnet\sdk\9.0.307\Sdks\Microsoft.NET.Sdk\targets\Microsoft.NET.Sdk.targets (81,5)
       C:\Program Files\dotnet\sdk\9.0.307\Sdks\Microsoft.NET.Sdk\targets\Microsoft.NET.Sdk.targets(97,5): message : 'C:\Users\alihe' değerine sahip 'USERPROFILE' özelliği ortamdan genişletildi.
       C:\Program Files\dotnet\sdk\9.0.307\Sdks\Microsoft.NET.Sdk\targets\Microsoft.NET.Sdk.targets(97,5): message : Özellik yeniden ataması: $(_DefaultUserProfileRuntimeStorePath)="C:\Users\alihe" (önceki değer: "") konum: C:\Program Files\dotnet\sdk\9.0.307\Sdks\Microsoft.NET.Sdk\targets\Microsoft.NET.Sdk.targets (97,5)
       C:\Program Files\dotnet\sdk\9.0.307\Sdks\Microsoft.NET.Sdk\targets\Microsoft.NET.Sdk.targets(98,5): message : Özellik yeniden ataması: $(_DefaultUserProfileRuntimeStorePath)="C:\Users\alihe\.dotnet\store" (önceki değer: "C:\Users\alihe") konum: C:\Program Files\dotnet\sdk\9.0.307\Sdks\Microsoft.NET.Sdk\targets\Microsoft.NET.Sdk.targets (98,5)
       C:\Program Files\dotnet\sdk\9.0.307\Sdks\Microsoft.NET.Sdk\targets\Microsoft.NET.Sdk.targets(140,5): message : Özellik yeniden ataması: $(AvailablePlatforms)="Any CPU,x86,x64,ARM32" (önceki değer: "Any CPU,x86,x64") konum: C:\Program Files\dotnet\sdk\9.0.307\Sdks\Microsoft.NET.Sdk\targets\Microsoft.NET.Sdk.targets (140,5)
       C:\Program Files\dotnet\sdk\9.0.307\Sdks\Microsoft.NET.Sdk\targets\Microsoft.NET.Sdk.targets(144,5): message : Özellik yeniden ataması: $(AvailablePlatforms)="Any CPU,x86,x64,ARM32,ARM64" (önceki değer: "Any CPU,x86,x64,ARM32") konum: C:\Program Files\dotnet\sdk\9.0.307\Sdks\Microsoft.NET.Sdk\targets\Microsoft.NET.Sdk.targets (144,5)
       C:\Program Files\dotnet\sdk\9.0.307\Sdks\Microsoft.NET.Sdk\targets\Microsoft.NET.Sdk.targets(201,5): message : Özellik yeniden ataması: $(CoreBuildDependsOn)="
       C:\Program Files\dotnet\sdk\9.0.307\Sdks\Microsoft.NET.Sdk\targets\Microsoft.NET.Sdk.targets(201,5): message :       _CheckForBuildWithNoBuild;
       C:\Program Files\dotnet\sdk\9.0.307\Sdks\Microsoft.NET.Sdk\targets\Microsoft.NET.Sdk.targets(201,5): message :       
       C:\Program Files\dotnet\sdk\9.0.307\Sdks\Microsoft.NET.Sdk\targets\Microsoft.NET.Sdk.targets(201,5): message :       BuildOnlySettings;
       C:\Program Files\dotnet\sdk\9.0.307\Sdks\Microsoft.NET.Sdk\targets\Microsoft.NET.Sdk.targets(201,5): message :       PrepareForBuild;
       C:\Program Files\dotnet\sdk\9.0.307\Sdks\Microsoft.NET.Sdk\targets\Microsoft.NET.Sdk.targets(201,5): message :       PreBuildEvent;
       C:\Program Files\dotnet\sdk\9.0.307\Sdks\Microsoft.NET.Sdk\targets\Microsoft.NET.Sdk.targets(201,5): message :       ResolveReferences;
       C:\Program Files\dotnet\sdk\9.0.307\Sdks\Microsoft.NET.Sdk\targets\Microsoft.NET.Sdk.targets(201,5): message :       PrepareResources;
       C:\Program Files\dotnet\sdk\9.0.307\Sdks\Microsoft.NET.Sdk\targets\Microsoft.NET.Sdk.targets(201,5): message :       ResolveKeySource;
       C:\Program Files\dotnet\sdk\9.0.307\Sdks\Microsoft.NET.Sdk\targets\Microsoft.NET.Sdk.targets(201,5): message :       Compile;
       C:\Program Files\dotnet\sdk\9.0.307\Sdks\Microsoft.NET.Sdk\targets\Microsoft.NET.Sdk.targets(201,5): message :       ExportWindowsMDFile;
       C:\Program Files\dotnet\sdk\9.0.307\Sdks\Microsoft.NET.Sdk\targets\Microsoft.NET.Sdk.targets(201,5): message :       UnmanagedUnregistration;
       C:\Program Files\dotnet\sdk\9.0.307\Sdks\Microsoft.NET.Sdk\targets\Microsoft.NET.Sdk.targets(201,5): message :       GenerateSerializationAssemblies;
       C:\Program Files\dotnet\sdk\9.0.307\Sdks\Microsoft.NET.Sdk\targets\Microsoft.NET.Sdk.targets(201,5): message :       CreateSatelliteAssemblies;
       C:\Program Files\dotnet\sdk\9.0.307\Sdks\Microsoft.NET.Sdk\targets\Microsoft.NET.Sdk.targets(201,5): message :       GenerateManifests;
       C:\Program Files\dotnet\sdk\9.0.307\Sdks\Microsoft.NET.Sdk\targets\Microsoft.NET.Sdk.targets(201,5): message :       GetTargetPath;
       C:\Program Files\dotnet\sdk\9.0.307\Sdks\Microsoft.NET.Sdk\targets\Microsoft.NET.Sdk.targets(201,5): message :       PrepareForRun;
       C:\Program Files\dotnet\sdk\9.0.307\Sdks\Microsoft.NET.Sdk\targets\Microsoft.NET.Sdk.targets(201,5): message :       UnmanagedRegistration;
       C:\Program Files\dotnet\sdk\9.0.307\Sdks\Microsoft.NET.Sdk\targets\Microsoft.NET.Sdk.targets(201,5): message :       IncrementalClean;
       C:\Program Files\dotnet\sdk\9.0.307\Sdks\Microsoft.NET.Sdk\targets\Microsoft.NET.Sdk.targets(201,5): message :       PostBuildEvent
       C:\Program Files\dotnet\sdk\9.0.307\Sdks\Microsoft.NET.Sdk\targets\Microsoft.NET.Sdk.targets(201,5): message :     ;
       C:\Program Files\dotnet\sdk\9.0.307\Sdks\Microsoft.NET.Sdk\targets\Microsoft.NET.Sdk.targets(201,5): message :       GenerateBuildDependencyFile;
       C:\Program Files\dotnet\sdk\9.0.307\Sdks\Microsoft.NET.Sdk\targets\Microsoft.NET.Sdk.targets(201,5): message :       GenerateBuildRuntimeConfigurationFiles
       C:\Program Files\dotnet\sdk\9.0.307\Sdks\Microsoft.NET.Sdk\targets\Microsoft.NET.Sdk.targets(201,5): message :     " (önceki değer: "
       C:\Program Files\dotnet\sdk\9.0.307\Sdks\Microsoft.NET.Sdk\targets\Microsoft.NET.Sdk.targets(201,5): message :       BuildOnlySettings;
       C:\Program Files\dotnet\sdk\9.0.307\Sdks\Microsoft.NET.Sdk\targets\Microsoft.NET.Sdk.targets(201,5): message :       PrepareForBuild;
       C:\Program Files\dotnet\sdk\9.0.307\Sdks\Microsoft.NET.Sdk\targets\Microsoft.NET.Sdk.targets(201,5): message :       PreBuildEvent;
       C:\Program Files\dotnet\sdk\9.0.307\Sdks\Microsoft.NET.Sdk\targets\Microsoft.NET.Sdk.targets(201,5): message :       ResolveReferences;
       C:\Program Files\dotnet\sdk\9.0.307\Sdks\Microsoft.NET.Sdk\targets\Microsoft.NET.Sdk.targets(201,5): message :       PrepareResources;
       C:\Program Files\dotnet\sdk\9.0.307\Sdks\Microsoft.NET.Sdk\targets\Microsoft.NET.Sdk.targets(201,5): message :       ResolveKeySource;
       C:\Program Files\dotnet\sdk\9.0.307\Sdks\Microsoft.NET.Sdk\targets\Microsoft.NET.Sdk.targets(201,5): message :       Compile;
       C:\Program Files\dotnet\sdk\9.0.307\Sdks\Microsoft.NET.Sdk\targets\Microsoft.NET.Sdk.targets(201,5): message :       ExportWindowsMDFile;
       C:\Program Files\dotnet\sdk\9.0.307\Sdks\Microsoft.NET.Sdk\targets\Microsoft.NET.Sdk.targets(201,5): message :       UnmanagedUnregistration;
       C:\Program Files\dotnet\sdk\9.0.307\Sdks\Microsoft.NET.Sdk\targets\Microsoft.NET.Sdk.targets(201,5): message :       GenerateSerializationAssemblies;
       C:\Program Files\dotnet\sdk\9.0.307\Sdks\Microsoft.NET.Sdk\targets\Microsoft.NET.Sdk.targets(201,5): message :       CreateSatelliteAssemblies;
       C:\Program Files\dotnet\sdk\9.0.307\Sdks\Microsoft.NET.Sdk\targets\Microsoft.NET.Sdk.targets(201,5): message :       GenerateManifests;
       C:\Program Files\dotnet\sdk\9.0.307\Sdks\Microsoft.NET.Sdk\targets\Microsoft.NET.Sdk.targets(201,5): message :       GetTargetPath;
       C:\Program Files\dotnet\sdk\9.0.307\Sdks\Microsoft.NET.Sdk\targets\Microsoft.NET.Sdk.targets(201,5): message :       PrepareForRun;
       C:\Program Files\dotnet\sdk\9.0.307\Sdks\Microsoft.NET.Sdk\targets\Microsoft.NET.Sdk.targets(201,5): message :       UnmanagedRegistration;
       C:\Program Files\dotnet\sdk\9.0.307\Sdks\Microsoft.NET.Sdk\targets\Microsoft.NET.Sdk.targets(201,5): message :       IncrementalClean;
       C:\Program Files\dotnet\sdk\9.0.307\Sdks\Microsoft.NET.Sdk\targets\Microsoft.NET.Sdk.targets(201,5): message :       PostBuildEvent
       C:\Program Files\dotnet\sdk\9.0.307\Sdks\Microsoft.NET.Sdk\targets\Microsoft.NET.Sdk.targets(201,5): message :     ") konum: C:\Program Files\dotnet\sdk\9.0.307\Sdks\Microsoft.NET.Sdk\targets\Microsoft.NET.Sdk.targets (201,5)
       C:\Program Files\dotnet\sdk\9.0.307\Sdks\Microsoft.NET.Sdk\targets\Microsoft.NET.Sdk.targets(210,5): message : Özellik yeniden ataması: $(CoreCleanDependsOn)="
       C:\Program Files\dotnet\sdk\9.0.307\Sdks\Microsoft.NET.Sdk\targets\Microsoft.NET.Sdk.targets(210,5): message :       _SdkBeforeClean;
       C:\Program Files\dotnet\sdk\9.0.307\Sdks\Microsoft.NET.Sdk\targets\Microsoft.NET.Sdk.targets(210,5): message :       
       C:\Program Files\dotnet\sdk\9.0.307\Sdks\Microsoft.NET.Sdk\targets\Microsoft.NET.Sdk.targets(210,5): message :     " (önceki değer: "") konum: C:\Program Files\dotnet\sdk\9.0.307\Sdks\Microsoft.NET.Sdk\targets\Microsoft.NET.Sdk.targets (210,5)
       C:\Program Files\dotnet\sdk\9.0.307\Sdks\Microsoft.NET.Sdk\targets\Microsoft.NET.Sdk.targets(217,5): message : Özellik yeniden ataması: $(RebuildDependsOn)="
       C:\Program Files\dotnet\sdk\9.0.307\Sdks\Microsoft.NET.Sdk\targets\Microsoft.NET.Sdk.targets(217,5): message :       _SdkBeforeRebuild;
       C:\Program Files\dotnet\sdk\9.0.307\Sdks\Microsoft.NET.Sdk\targets\Microsoft.NET.Sdk.targets(217,5): message :       
       C:\Program Files\dotnet\sdk\9.0.307\Sdks\Microsoft.NET.Sdk\targets\Microsoft.NET.Sdk.targets(217,5): message :       BeforeRebuild;
       C:\Program Files\dotnet\sdk\9.0.307\Sdks\Microsoft.NET.Sdk\targets\Microsoft.NET.Sdk.targets(217,5): message :       Clean;
       C:\Program Files\dotnet\sdk\9.0.307\Sdks\Microsoft.NET.Sdk\targets\Microsoft.NET.Sdk.targets(217,5): message :       Build;
       C:\Program Files\dotnet\sdk\9.0.307\Sdks\Microsoft.NET.Sdk\targets\Microsoft.NET.Sdk.targets(217,5): message :       AfterRebuild;
       C:\Program Files\dotnet\sdk\9.0.307\Sdks\Microsoft.NET.Sdk\targets\Microsoft.NET.Sdk.targets(217,5): message :     
       C:\Program Files\dotnet\sdk\9.0.307\Sdks\Microsoft.NET.Sdk\targets\Microsoft.NET.Sdk.targets(217,5): message :     " (önceki değer: "
       C:\Program Files\dotnet\sdk\9.0.307\Sdks\Microsoft.NET.Sdk\targets\Microsoft.NET.Sdk.targets(217,5): message :       BeforeRebuild;
       C:\Program Files\dotnet\sdk\9.0.307\Sdks\Microsoft.NET.Sdk\targets\Microsoft.NET.Sdk.targets(217,5): message :       Clean;
       C:\Program Files\dotnet\sdk\9.0.307\Sdks\Microsoft.NET.Sdk\targets\Microsoft.NET.Sdk.targets(217,5): message :       Build;
       C:\Program Files\dotnet\sdk\9.0.307\Sdks\Microsoft.NET.Sdk\targets\Microsoft.NET.Sdk.targets(217,5): message :       AfterRebuild;
       C:\Program Files\dotnet\sdk\9.0.307\Sdks\Microsoft.NET.Sdk\targets\Microsoft.NET.Sdk.targets(217,5): message :     ") konum: C:\Program Files\dotnet\sdk\9.0.307\Sdks\Microsoft.NET.Sdk\targets\Microsoft.NET.Sdk.targets (217,5)
       C:\Program Files\dotnet\sdk\9.0.307\Sdks\Microsoft.NET.Sdk\targets\Microsoft.NET.Sdk.targets(784,5): message : Özellik yeniden ataması: $(CompileDependsOn)="
       C:\Program Files\dotnet\sdk\9.0.307\Sdks\Microsoft.NET.Sdk\targets\Microsoft.NET.Sdk.targets(784,5): message :       
       C:\Program Files\dotnet\sdk\9.0.307\Sdks\Microsoft.NET.Sdk\targets\Microsoft.NET.Sdk.targets(784,5): message :       ResolveReferences;
       C:\Program Files\dotnet\sdk\9.0.307\Sdks\Microsoft.NET.Sdk\targets\Microsoft.NET.Sdk.targets(784,5): message :       ResolveKeySource;
       C:\Program Files\dotnet\sdk\9.0.307\Sdks\Microsoft.NET.Sdk\targets\Microsoft.NET.Sdk.targets(784,5): message :       SetWin32ManifestProperties;
       C:\Program Files\dotnet\sdk\9.0.307\Sdks\Microsoft.NET.Sdk\targets\Microsoft.NET.Sdk.targets(784,5): message :       _SetPreferNativeArm64Win32ManifestProperties;
       C:\Program Files\dotnet\sdk\9.0.307\Sdks\Microsoft.NET.Sdk\targets\Microsoft.NET.Sdk.targets(784,5): message :       FindReferenceAssembliesForReferences;
       C:\Program Files\dotnet\sdk\9.0.307\Sdks\Microsoft.NET.Sdk\targets\Microsoft.NET.Sdk.targets(784,5): message :       _GenerateCompileInputs;
       C:\Program Files\dotnet\sdk\9.0.307\Sdks\Microsoft.NET.Sdk\targets\Microsoft.NET.Sdk.targets(784,5): message :       BeforeCompile;
       C:\Program Files\dotnet\sdk\9.0.307\Sdks\Microsoft.NET.Sdk\targets\Microsoft.NET.Sdk.targets(784,5): message :       _TimeStampBeforeCompile;
       C:\Program Files\dotnet\sdk\9.0.307\Sdks\Microsoft.NET.Sdk\targets\Microsoft.NET.Sdk.targets(784,5): message :       _GenerateCompileDependencyCache;
       C:\Program Files\dotnet\sdk\9.0.307\Sdks\Microsoft.NET.Sdk\targets\Microsoft.NET.Sdk.targets(784,5): message :       CoreCompile;
       C:\Program Files\dotnet\sdk\9.0.307\Sdks\Microsoft.NET.Sdk\targets\Microsoft.NET.Sdk.targets(784,5): message :       _TimeStampAfterCompile;
       C:\Program Files\dotnet\sdk\9.0.307\Sdks\Microsoft.NET.Sdk\targets\Microsoft.NET.Sdk.targets(784,5): message :       AfterCompile;
       C:\Program Files\dotnet\sdk\9.0.307\Sdks\Microsoft.NET.Sdk\targets\Microsoft.NET.Sdk.targets(784,5): message :     ;
       C:\Program Files\dotnet\sdk\9.0.307\Sdks\Microsoft.NET.Sdk\targets\Microsoft.NET.Sdk.targets(784,5): message :       _CreateAppHost;
       C:\Program Files\dotnet\sdk\9.0.307\Sdks\Microsoft.NET.Sdk\targets\Microsoft.NET.Sdk.targets(784,5): message :       _CreateComHost;
       C:\Program Files\dotnet\sdk\9.0.307\Sdks\Microsoft.NET.Sdk\targets\Microsoft.NET.Sdk.targets(784,5): message :       _GetIjwHostPaths;
       C:\Program Files\dotnet\sdk\9.0.307\Sdks\Microsoft.NET.Sdk\targets\Microsoft.NET.Sdk.targets(784,5): message :     " (önceki değer: "
       C:\Program Files\dotnet\sdk\9.0.307\Sdks\Microsoft.NET.Sdk\targets\Microsoft.NET.Sdk.targets(784,5): message :       ResolveReferences;
       C:\Program Files\dotnet\sdk\9.0.307\Sdks\Microsoft.NET.Sdk\targets\Microsoft.NET.Sdk.targets(784,5): message :       ResolveKeySource;
       C:\Program Files\dotnet\sdk\9.0.307\Sdks\Microsoft.NET.Sdk\targets\Microsoft.NET.Sdk.targets(784,5): message :       SetWin32ManifestProperties;
       C:\Program Files\dotnet\sdk\9.0.307\Sdks\Microsoft.NET.Sdk\targets\Microsoft.NET.Sdk.targets(784,5): message :       _SetPreferNativeArm64Win32ManifestProperties;
       C:\Program Files\dotnet\sdk\9.0.307\Sdks\Microsoft.NET.Sdk\targets\Microsoft.NET.Sdk.targets(784,5): message :       FindReferenceAssembliesForReferences;
       C:\Program Files\dotnet\sdk\9.0.307\Sdks\Microsoft.NET.Sdk\targets\Microsoft.NET.Sdk.targets(784,5): message :       _GenerateCompileInputs;
       C:\Program Files\dotnet\sdk\9.0.307\Sdks\Microsoft.NET.Sdk\targets\Microsoft.NET.Sdk.targets(784,5): message :       BeforeCompile;
       C:\Program Files\dotnet\sdk\9.0.307\Sdks\Microsoft.NET.Sdk\targets\Microsoft.NET.Sdk.targets(784,5): message :       _TimeStampBeforeCompile;
       C:\Program Files\dotnet\sdk\9.0.307\Sdks\Microsoft.NET.Sdk\targets\Microsoft.NET.Sdk.targets(784,5): message :       _GenerateCompileDependencyCache;
       C:\Program Files\dotnet\sdk\9.0.307\Sdks\Microsoft.NET.Sdk\targets\Microsoft.NET.Sdk.targets(784,5): message :       CoreCompile;
       C:\Program Files\dotnet\sdk\9.0.307\Sdks\Microsoft.NET.Sdk\targets\Microsoft.NET.Sdk.targets(784,5): message :       _TimeStampAfterCompile;
       C:\Program Files\dotnet\sdk\9.0.307\Sdks\Microsoft.NET.Sdk\targets\Microsoft.NET.Sdk.targets(784,5): message :       AfterCompile;
       C:\Program Files\dotnet\sdk\9.0.307\Sdks\Microsoft.NET.Sdk\targets\Microsoft.NET.Sdk.targets(784,5): message :     ") konum: C:\Program Files\dotnet\sdk\9.0.307\Sdks\Microsoft.NET.Sdk\targets\Microsoft.NET.Sdk.targets (784,5)
       C:\Program Files\dotnet\sdk\9.0.307\Sdks\Microsoft.NET.Sdk\targets\Microsoft.NET.Sdk.targets(1184,5): message : Özellik yeniden ataması: $(CreateSatelliteAssembliesDependsOn)="
       C:\Program Files\dotnet\sdk\9.0.307\Sdks\Microsoft.NET.Sdk\targets\Microsoft.NET.Sdk.targets(1184,5): message :       
       C:\Program Files\dotnet\sdk\9.0.307\Sdks\Microsoft.NET.Sdk\targets\Microsoft.NET.Sdk.targets(1184,5): message :       ;
       C:\Program Files\dotnet\sdk\9.0.307\Sdks\Microsoft.NET.Sdk\targets\Microsoft.NET.Sdk.targets(1184,5): message :       _GenerateSatelliteAssemblyInputs;
       C:\Program Files\dotnet\sdk\9.0.307\Sdks\Microsoft.NET.Sdk\targets\Microsoft.NET.Sdk.targets(1184,5): message :       ComputeIntermediateSatelliteAssemblies;
       C:\Program Files\dotnet\sdk\9.0.307\Sdks\Microsoft.NET.Sdk\targets\Microsoft.NET.Sdk.targets(1184,5): message :       GenerateSatelliteAssemblies
       C:\Program Files\dotnet\sdk\9.0.307\Sdks\Microsoft.NET.Sdk\targets\Microsoft.NET.Sdk.targets(1184,5): message :     ;
       C:\Program Files\dotnet\sdk\9.0.307\Sdks\Microsoft.NET.Sdk\targets\Microsoft.NET.Sdk.targets(1184,5): message :       CoreGenerateSatelliteAssemblies
       C:\Program Files\dotnet\sdk\9.0.307\Sdks\Microsoft.NET.Sdk\targets\Microsoft.NET.Sdk.targets(1184,5): message :     " (önceki değer: "
       C:\Program Files\dotnet\sdk\9.0.307\Sdks\Microsoft.NET.Sdk\targets\Microsoft.NET.Sdk.targets(1184,5): message :       ;
       C:\Program Files\dotnet\sdk\9.0.307\Sdks\Microsoft.NET.Sdk\targets\Microsoft.NET.Sdk.targets(1184,5): message :       _GenerateSatelliteAssemblyInputs;
       C:\Program Files\dotnet\sdk\9.0.307\Sdks\Microsoft.NET.Sdk\targets\Microsoft.NET.Sdk.targets(1184,5): message :       ComputeIntermediateSatelliteAssemblies;
       C:\Program Files\dotnet\sdk\9.0.307\Sdks\Microsoft.NET.Sdk\targets\Microsoft.NET.Sdk.targets(1184,5): message :       GenerateSatelliteAssemblies
       C:\Program Files\dotnet\sdk\9.0.307\Sdks\Microsoft.NET.Sdk\targets\Microsoft.NET.Sdk.targets(1184,5): message :     ") konum: C:\Program Files\dotnet\sdk\9.0.307\Sdks\Microsoft.NET.Sdk\targets\Microsoft.NET.Sdk.targets (1184,5)
       C:\Program Files\dotnet\sdk\9.0.307\Sdks\Microsoft.SourceLink.GitLab\build\Microsoft.SourceLink.GitLab.targets(12,5): message : Özellik yeniden ataması: $(SourceLinkUrlInitializerTargets)=";_InitializeGitHubSourceLinkUrl;_InitializeGitLabSourceLinkUrl" (önceki değer: ";_InitializeGitHubSourceLinkUrl") konum: C:\Program Files\dotnet\sdk\9.0.307\Sdks\Microsoft.SourceLink.GitLab\build\Microsoft.SourceLink.GitLab.targets (12,5)
       C:\Program Files\dotnet\sdk\9.0.307\Sdks\Microsoft.SourceLink.GitLab\build\Microsoft.SourceLink.GitLab.targets(13,5): message : Özellik yeniden ataması: $(SourceControlManagerUrlTranslationTargets)=";TranslateGitHubUrlsInSourceControlInformation;TranslateGitLabUrlsInSourceControlInformation" (önceki değer: ";TranslateGitHubUrlsInSourceControlInformation") konum: C:\Program Files\dotnet\sdk\9.0.307\Sdks\Microsoft.SourceLink.GitLab\build\Microsoft.SourceLink.GitLab.targets (13,5)
       C:\Program Files\dotnet\sdk\9.0.307\Sdks\Microsoft.SourceLink.AzureRepos.Git\build\Microsoft.SourceLink.AzureRepos.Git.targets(12,5): message : Özellik yeniden ataması: $(SourceLinkUrlInitializerTargets)=";_InitializeGitHubSourceLinkUrl;_InitializeGitLabSourceLinkUrl;_InitializeAzureReposGitSourceLinkUrl" (önceki değer: ";_InitializeGitHubSourceLinkUrl;_InitializeGitLabSourceLinkUrl") konum: C:\Program Files\dotnet\sdk\9.0.307\Sdks\Microsoft.SourceLink.AzureRepos.Git\build\Microsoft.SourceLink.AzureRepos.Git.targets (12,5)
       C:\Program Files\dotnet\sdk\9.0.307\Sdks\Microsoft.SourceLink.AzureRepos.Git\build\Microsoft.SourceLink.AzureRepos.Git.targets(13,5): message : Özellik yeniden ataması: $(SourceControlManagerUrlTranslationTargets)=";TranslateGitHubUrlsInSourceControlInformation;TranslateGitLabUrlsInSourceControlInformation;TranslateAzureReposGitUrlsInSourceControlInformation" (önceki değer: ";TranslateGitHubUrlsInSourceControlInformation;TranslateGitLabUrlsInSourceControlInformation") konum: C:\Program Files\dotnet\sdk\9.0.307\Sdks\Microsoft.SourceLink.AzureRepos.Git\build\Microsoft.SourceLink.AzureRepos.Git.targets (13,5)
       C:\Program Files\dotnet\sdk\9.0.307\Sdks\Microsoft.SourceLink.Bitbucket.Git\build\Microsoft.SourceLink.Bitbucket.Git.targets(12,5): message : Özellik yeniden ataması: $(SourceLinkUrlInitializerTargets)=";_InitializeGitHubSourceLinkUrl;_InitializeGitLabSourceLinkUrl;_InitializeAzureReposGitSourceLinkUrl;_InitializeBitbucketGitSourceLinkUrl" (önceki değer: ";_InitializeGitHubSourceLinkUrl;_InitializeGitLabSourceLinkUrl;_InitializeAzureReposGitSourceLinkUrl") konum: C:\Program Files\dotnet\sdk\9.0.307\Sdks\Microsoft.SourceLink.Bitbucket.Git\build\Microsoft.SourceLink.Bitbucket.Git.targets (12,5)
       C:\Program Files\dotnet\sdk\9.0.307\Sdks\Microsoft.SourceLink.Bitbucket.Git\build\Microsoft.SourceLink.Bitbucket.Git.targets(13,5): message : Özellik yeniden ataması: $(SourceControlManagerUrlTranslationTargets)=";TranslateGitHubUrlsInSourceControlInformation;TranslateGitLabUrlsInSourceControlInformation;TranslateAzureReposGitUrlsInSourceControlInformation;TranslateBitbucketGitUrlsInSourceControlInformation" (önceki değer: ";TranslateGitHubUrlsInSourceControlInformation;TranslateGitLabUrlsInSourceControlInformation;TranslateAzureReposGitUrlsInSourceControlInformation") konum: C:\Program Files\dotnet\sdk\9.0.307\Sdks\Microsoft.SourceLink.Bitbucket.Git\build\Microsoft.SourceLink.Bitbucket.Git.targets (13,5)
       C:\Program Files\dotnet\sdk\9.0.307\Sdks\Microsoft.NET.Sdk\targets\Microsoft.NET.DesignerSupport.targets(21,5): message : Özellik yeniden ataması: $(DesignerRuntimeImplementationProjectOutputGroupDependsOn)="
       C:\Program Files\dotnet\sdk\9.0.307\Sdks\Microsoft.NET.Sdk\targets\Microsoft.NET.DesignerSupport.targets(21,5): message :       
       C:\Program Files\dotnet\sdk\9.0.307\Sdks\Microsoft.NET.Sdk\targets\Microsoft.NET.DesignerSupport.targets(21,5): message :       ;
       C:\Program Files\dotnet\sdk\9.0.307\Sdks\Microsoft.NET.Sdk\targets\Microsoft.NET.DesignerSupport.targets(21,5): message :       
       C:\Program Files\dotnet\sdk\9.0.307\Sdks\Microsoft.NET.Sdk\targets\Microsoft.NET.DesignerSupport.targets(21,5): message :       ;
       C:\Program Files\dotnet\sdk\9.0.307\Sdks\Microsoft.NET.Sdk\targets\Microsoft.NET.DesignerSupport.targets(21,5): message :       BuildOnlySettings;
       C:\Program Files\dotnet\sdk\9.0.307\Sdks\Microsoft.NET.Sdk\targets\Microsoft.NET.DesignerSupport.targets(21,5): message :       PrepareForBuild;
       C:\Program Files\dotnet\sdk\9.0.307\Sdks\Microsoft.NET.Sdk\targets\Microsoft.NET.DesignerSupport.targets(21,5): message :       AssignTargetPaths;
       C:\Program Files\dotnet\sdk\9.0.307\Sdks\Microsoft.NET.Sdk\targets\Microsoft.NET.DesignerSupport.targets(21,5): message :       ResolveReferences
       C:\Program Files\dotnet\sdk\9.0.307\Sdks\Microsoft.NET.Sdk\targets\Microsoft.NET.DesignerSupport.targets(21,5): message :     
       C:\Program Files\dotnet\sdk\9.0.307\Sdks\Microsoft.NET.Sdk\targets\Microsoft.NET.DesignerSupport.targets(21,5): message :     ;
       C:\Program Files\dotnet\sdk\9.0.307\Sdks\Microsoft.NET.Sdk\targets\Microsoft.NET.DesignerSupport.targets(21,5): message :       _GenerateDesignerDepsFile;
       C:\Program Files\dotnet\sdk\9.0.307\Sdks\Microsoft.NET.Sdk\targets\Microsoft.NET.DesignerSupport.targets(21,5): message :       _GenerateDesignerRuntimeConfigFile;
       C:\Program Files\dotnet\sdk\9.0.307\Sdks\Microsoft.NET.Sdk\targets\Microsoft.NET.DesignerSupport.targets(21,5): message :       GetCopyToOutputDirectoryItems;
       C:\Program Files\dotnet\sdk\9.0.307\Sdks\Microsoft.NET.Sdk\targets\Microsoft.NET.DesignerSupport.targets(21,5): message :       _GatherDesignerShadowCopyFiles;
       C:\Program Files\dotnet\sdk\9.0.307\Sdks\Microsoft.NET.Sdk\targets\Microsoft.NET.DesignerSupport.targets(21,5): message :     " (önceki değer: "
       C:\Program Files\dotnet\sdk\9.0.307\Sdks\Microsoft.NET.Sdk\targets\Microsoft.NET.DesignerSupport.targets(21,5): message :       ;
       C:\Program Files\dotnet\sdk\9.0.307\Sdks\Microsoft.NET.Sdk\targets\Microsoft.NET.DesignerSupport.targets(21,5): message :       
       C:\Program Files\dotnet\sdk\9.0.307\Sdks\Microsoft.NET.Sdk\targets\Microsoft.NET.DesignerSupport.targets(21,5): message :       ;
       C:\Program Files\dotnet\sdk\9.0.307\Sdks\Microsoft.NET.Sdk\targets\Microsoft.NET.DesignerSupport.targets(21,5): message :       BuildOnlySettings;
       C:\Program Files\dotnet\sdk\9.0.307\Sdks\Microsoft.NET.Sdk\targets\Microsoft.NET.DesignerSupport.targets(21,5): message :       PrepareForBuild;
       C:\Program Files\dotnet\sdk\9.0.307\Sdks\Microsoft.NET.Sdk\targets\Microsoft.NET.DesignerSupport.targets(21,5): message :       AssignTargetPaths;
       C:\Program Files\dotnet\sdk\9.0.307\Sdks\Microsoft.NET.Sdk\targets\Microsoft.NET.DesignerSupport.targets(21,5): message :       ResolveReferences
       C:\Program Files\dotnet\sdk\9.0.307\Sdks\Microsoft.NET.Sdk\targets\Microsoft.NET.DesignerSupport.targets(21,5): message :     
       C:\Program Files\dotnet\sdk\9.0.307\Sdks\Microsoft.NET.Sdk\targets\Microsoft.NET.DesignerSupport.targets(21,5): message :     ") konum: C:\Program Files\dotnet\sdk\9.0.307\Sdks\Microsoft.NET.Sdk\targets\Microsoft.NET.DesignerSupport.targets (21,5)
       C:\Program Files\dotnet\sdk\9.0.307\Sdks\Microsoft.NET.Sdk\targets\Microsoft.NET.PackTool.targets(68,5): message : Özellik yeniden ataması: $(_GenerateToolsSettingsFileCacheFile)="C:\Users\alihe\OneDrive\Masaüstü\ForgeFlow Project\services\artifact\ForgeFlow.Artifact.Api\obj\Debug\net8.0\ForgeFlow.Artifact.Api.toolssettingsinput.cache" (önceki değer: "obj\Debug\net8.0\ForgeFlow.Artifact.Api.toolssettingsinput.cache") konum: C:\Program Files\dotnet\sdk\9.0.307\Sdks\Microsoft.NET.Sdk\targets\Microsoft.NET.PackTool.targets (68,5)
       C:\Program Files\dotnet\sdk\9.0.307\Sdks\Microsoft.NET.Sdk\targets\Microsoft.NET.PackTool.targets(137,5): message : Özellik yeniden ataması: $(_ShimInputCacheFile)="C:\Users\alihe\OneDrive\Masaüstü\ForgeFlow Project\services\artifact\ForgeFlow.Artifact.Api\obj\Debug\net8.0\ForgeFlow.Artifact.Api.shiminput.cache" (önceki değer: "obj\Debug\net8.0\ForgeFlow.Artifact.Api.shiminput.cache") konum: C:\Program Files\dotnet\sdk\9.0.307\Sdks\Microsoft.NET.Sdk\targets\Microsoft.NET.PackTool.targets (137,5)
       C:\Program Files\dotnet\sdk\9.0.307\Sdks\Microsoft.NET.Sdk\targets\Microsoft.NET.PackTool.targets(139,5): message : Özellik yeniden ataması: $(_ShimCreatedSentinelFile)="C:\Users\alihe\OneDrive\Masaüstü\ForgeFlow Project\services\artifact\ForgeFlow.Artifact.Api\obj\Debug\net8.0\ForgeFlow.Artifact.Api.shimcreated.sentinel" (önceki değer: "obj\Debug\net8.0\ForgeFlow.Artifact.Api.shimcreated.sentinel") konum: C:\Program Files\dotnet\sdk\9.0.307\Sdks\Microsoft.NET.Sdk\targets\Microsoft.NET.PackTool.targets (139,5)
       C:\Program Files\dotnet\sdk\9.0.307\Sdks\Microsoft.NET.Sdk\targets\Microsoft.NET.Sdk.CSharp.targets(31,5): message : Özellik yeniden ataması: $(DefineConstants)="TRACE;DEBUG" (önceki değer: "TRACE") konum: C:\Program Files\dotnet\sdk\9.0.307\Sdks\Microsoft.NET.Sdk\targets\Microsoft.NET.Sdk.CSharp.targets (31,5)
       C:\Program Files\dotnet\sdk\9.0.307\Sdks\Microsoft.NET.Sdk\targets\Microsoft.NET.Sdk.CSharp.targets(34,5): message : Özellik yeniden ataması: $(DefineConstants)="TRACE;DEBUG;NET;NET8_0;NETCOREAPP" (önceki değer: "TRACE;DEBUG") konum: C:\Program Files\dotnet\sdk\9.0.307\Sdks\Microsoft.NET.Sdk\targets\Microsoft.NET.Sdk.CSharp.targets (34,5)
       C:\Program Files\dotnet\sdk\9.0.307\Sdks\Microsoft.NET.Sdk\targets\Microsoft.NET.Sdk.CSharp.targets(48,5): message : Özellik yeniden ataması: $(WarningsAsErrors)=";NU1605;SYSLIB0011" (önceki değer: ";NU1605") konum: C:\Program Files\dotnet\sdk\9.0.307\Sdks\Microsoft.NET.Sdk\targets\Microsoft.NET.Sdk.CSharp.targets (48,5)
       C:\Program Files\dotnet\sdk\9.0.307\Sdks\NuGet.Build.Tasks.Pack\build\NuGet.Build.Tasks.Pack.targets(34,5): message : Özellik yeniden ataması: $(PackageDescription)="Package Description" (önceki değer: "") konum: C:\Program Files\dotnet\sdk\9.0.307\Sdks\NuGet.Build.Tasks.Pack\build\NuGet.Build.Tasks.Pack.targets (34,5)
       C:\Program Files\dotnet\sdk\9.0.307\Sdks\NuGet.Build.Tasks.Pack\build\NuGet.Build.Tasks.Pack.targets(59,5): message : Özellik yeniden ataması: $(GenerateNuspecDependsOn)="Build;_LoadPackInputItems; _GetTargetFrameworksOutput; _WalkEachTargetPerFramework; _GetPackageFiles; " (önceki değer: "_LoadPackInputItems; _GetTargetFrameworksOutput; _WalkEachTargetPerFramework; _GetPackageFiles; ") konum: C:\Program Files\dotnet\sdk\9.0.307\Sdks\NuGet.Build.Tasks.Pack\build\NuGet.Build.Tasks.Pack.targets (59,5)
       C:\Program Files\dotnet\sdk\9.0.307\Sdks\Microsoft.NET.Sdk\Sdk\Sdk.targets(60,5): message : Özellik yeniden ataması: $(_IsNotSetContainersTargetsDir)="true" (önceki değer: "false") konum: C:\Program Files\dotnet\sdk\9.0.307\Sdks\Microsoft.NET.Sdk\Sdk\Sdk.targets (60,5)
       C:\Program Files\dotnet\sdk\9.0.307\Containers\build\Microsoft.NET.Build.Containers.targets(5,5): message : Özellik yeniden ataması: $(_IsSDKContainerAllowedVersion)="true" (önceki değer: "false") konum: C:\Program Files\dotnet\sdk\9.0.307\Containers\build\Microsoft.NET.Build.Containers.targets (5,5)
       C:\Program Files\dotnet\sdk\9.0.307\Containers\build\Microsoft.NET.Build.Containers.targets(15,5): message : Özellik yeniden ataması: $(_ContainerIsTargetingNet8TFM)="true" (önceki değer: "false") konum: C:\Program Files\dotnet\sdk\9.0.307\Containers\build\Microsoft.NET.Build.Containers.targets (15,5)
       C:\Program Files\dotnet\sdk\9.0.307\Sdks\Microsoft.NET.Sdk.StaticWebAssets\targets\Sdk.StaticWebAssets.CurrentVersion.targets(37,18): message : 'C:\Program Files\dotnet\dotnet.exe' değerine sahip 'DOTNET_HOST_PATH' özelliği ortamdan genişletildi.
       C:\Program Files\dotnet\sdk\9.0.307\Sdks\Microsoft.NET.Sdk.StaticWebAssets\targets\Microsoft.NET.Sdk.StaticWebAssets.targets(286,5): message : Özellik yeniden ataması: $(PrepareForRunDependsOn)="StaticWebAssetsPrepareForRun;
       C:\Program Files\dotnet\sdk\9.0.307\Sdks\Microsoft.NET.Sdk.StaticWebAssets\targets\Microsoft.NET.Sdk.StaticWebAssets.targets(286,5): message :       CopyFilesToOutputDirectory
       C:\Program Files\dotnet\sdk\9.0.307\Sdks\Microsoft.NET.Sdk.StaticWebAssets\targets\Microsoft.NET.Sdk.StaticWebAssets.targets(286,5): message :     " (önceki değer: "
       C:\Program Files\dotnet\sdk\9.0.307\Sdks\Microsoft.NET.Sdk.StaticWebAssets\targets\Microsoft.NET.Sdk.StaticWebAssets.targets(286,5): message :       CopyFilesToOutputDirectory
       C:\Program Files\dotnet\sdk\9.0.307\Sdks\Microsoft.NET.Sdk.StaticWebAssets\targets\Microsoft.NET.Sdk.StaticWebAssets.targets(286,5): message :     ") konum: C:\Program Files\dotnet\sdk\9.0.307\Sdks\Microsoft.NET.Sdk.StaticWebAssets\targets\Microsoft.NET.Sdk.StaticWebAssets.targets (286,5)
       C:\Program Files\dotnet\sdk\9.0.307\Sdks\Microsoft.NET.Sdk.StaticWebAssets\targets\Microsoft.NET.Sdk.StaticWebAssets.targets(323,5): message : Özellik yeniden ataması: $(GetCopyToOutputDirectoryItemsDependsOn)="
       C:\Program Files\dotnet\sdk\9.0.307\Sdks\Microsoft.NET.Sdk.StaticWebAssets\targets\Microsoft.NET.Sdk.StaticWebAssets.targets(323,5): message :       AssignTargetPaths;
       C:\Program Files\dotnet\sdk\9.0.307\Sdks\Microsoft.NET.Sdk.StaticWebAssets\targets\Microsoft.NET.Sdk.StaticWebAssets.targets(323,5): message :       
       C:\Program Files\dotnet\sdk\9.0.307\Sdks\Microsoft.NET.Sdk.StaticWebAssets\targets\Microsoft.NET.Sdk.StaticWebAssets.targets(323,5): message :       AssignProjectConfiguration;
       C:\Program Files\dotnet\sdk\9.0.307\Sdks\Microsoft.NET.Sdk.StaticWebAssets\targets\Microsoft.NET.Sdk.StaticWebAssets.targets(323,5): message :       _SplitProjectReferencesByFileExistence
       C:\Program Files\dotnet\sdk\9.0.307\Sdks\Microsoft.NET.Sdk.StaticWebAssets\targets\Microsoft.NET.Sdk.StaticWebAssets.targets(323,5): message :     ;
       C:\Program Files\dotnet\sdk\9.0.307\Sdks\Microsoft.NET.Sdk.StaticWebAssets\targets\Microsoft.NET.Sdk.StaticWebAssets.targets(323,5): message :       _GetProjectReferenceTargetFrameworkProperties;
       C:\Program Files\dotnet\sdk\9.0.307\Sdks\Microsoft.NET.Sdk.StaticWebAssets\targets\Microsoft.NET.Sdk.StaticWebAssets.targets(323,5): message :       _PopulateCommonStateForGetCopyToOutputDirectoryItems
       C:\Program Files\dotnet\sdk\9.0.307\Sdks\Microsoft.NET.Sdk.StaticWebAssets\targets\Microsoft.NET.Sdk.StaticWebAssets.targets(323,5): message :     ;AddStaticWebAssetsManifest;AddStaticWebAssetEndpointsBuildManifest" (önceki değer: "
       C:\Program Files\dotnet\sdk\9.0.307\Sdks\Microsoft.NET.Sdk.StaticWebAssets\targets\Microsoft.NET.Sdk.StaticWebAssets.targets(323,5): message :       AssignTargetPaths;
       C:\Program Files\dotnet\sdk\9.0.307\Sdks\Microsoft.NET.Sdk.StaticWebAssets\targets\Microsoft.NET.Sdk.StaticWebAssets.targets(323,5): message :       
       C:\Program Files\dotnet\sdk\9.0.307\Sdks\Microsoft.NET.Sdk.StaticWebAssets\targets\Microsoft.NET.Sdk.StaticWebAssets.targets(323,5): message :       AssignProjectConfiguration;
       C:\Program Files\dotnet\sdk\9.0.307\Sdks\Microsoft.NET.Sdk.StaticWebAssets\targets\Microsoft.NET.Sdk.StaticWebAssets.targets(323,5): message :       _SplitProjectReferencesByFileExistence
       C:\Program Files\dotnet\sdk\9.0.307\Sdks\Microsoft.NET.Sdk.StaticWebAssets\targets\Microsoft.NET.Sdk.StaticWebAssets.targets(323,5): message :     ;
       C:\Program Files\dotnet\sdk\9.0.307\Sdks\Microsoft.NET.Sdk.StaticWebAssets\targets\Microsoft.NET.Sdk.StaticWebAssets.targets(323,5): message :       _GetProjectReferenceTargetFrameworkProperties;
       C:\Program Files\dotnet\sdk\9.0.307\Sdks\Microsoft.NET.Sdk.StaticWebAssets\targets\Microsoft.NET.Sdk.StaticWebAssets.targets(323,5): message :       _PopulateCommonStateForGetCopyToOutputDirectoryItems
       C:\Program Files\dotnet\sdk\9.0.307\Sdks\Microsoft.NET.Sdk.StaticWebAssets\targets\Microsoft.NET.Sdk.StaticWebAssets.targets(323,5): message :     ") konum: C:\Program Files\dotnet\sdk\9.0.307\Sdks\Microsoft.NET.Sdk.StaticWebAssets\targets\Microsoft.NET.Sdk.StaticWebAssets.targets (323,5)
       C:\Program Files\dotnet\sdk\9.0.307\Sdks\Microsoft.NET.Sdk.StaticWebAssets\targets\Microsoft.NET.Sdk.StaticWebAssets.Pack.targets(46,5): message : Özellik yeniden ataması: $(GenerateNuspecDependsOn)="
       C:\Program Files\dotnet\sdk\9.0.307\Sdks\Microsoft.NET.Sdk.StaticWebAssets\targets\Microsoft.NET.Sdk.StaticWebAssets.Pack.targets(46,5): message :       IncludeStaticWebAssetsPackItems;
       C:\Program Files\dotnet\sdk\9.0.307\Sdks\Microsoft.NET.Sdk.StaticWebAssets\targets\Microsoft.NET.Sdk.StaticWebAssets.Pack.targets(46,5): message :       Build;_LoadPackInputItems; _GetTargetFrameworksOutput; _WalkEachTargetPerFramework; _GetPackageFiles; ;
       C:\Program Files\dotnet\sdk\9.0.307\Sdks\Microsoft.NET.Sdk.StaticWebAssets\targets\Microsoft.NET.Sdk.StaticWebAssets.Pack.targets(46,5): message :     " (önceki değer: "Build;_LoadPackInputItems; _GetTargetFrameworksOutput; _WalkEachTargetPerFramework; _GetPackageFiles; ") konum: C:\Program Files\dotnet\sdk\9.0.307\Sdks\Microsoft.NET.Sdk.StaticWebAssets\targets\Microsoft.NET.Sdk.StaticWebAssets.Pack.targets (46,5)
       C:\Program Files\dotnet\sdk\9.0.307\Sdks\Microsoft.NET.Sdk.StaticWebAssets\targets\Microsoft.NET.Sdk.StaticWebAssets.Pack.targets(55,5): message : Özellik yeniden ataması: $(IncludeStaticWebAssetsPackItemsDependsOn)="
       C:\Program Files\dotnet\sdk\9.0.307\Sdks\Microsoft.NET.Sdk.StaticWebAssets\targets\Microsoft.NET.Sdk.StaticWebAssets.Pack.targets(55,5): message :       Build;
       C:\Program Files\dotnet\sdk\9.0.307\Sdks\Microsoft.NET.Sdk.StaticWebAssets\targets\Microsoft.NET.Sdk.StaticWebAssets.Pack.targets(55,5): message :       ResolveStaticWebAssetsConfiguration;LoadStaticWebAssetsBuildManifest
       C:\Program Files\dotnet\sdk\9.0.307\Sdks\Microsoft.NET.Sdk.StaticWebAssets\targets\Microsoft.NET.Sdk.StaticWebAssets.Pack.targets(55,5): message :     ;
       C:\Program Files\dotnet\sdk\9.0.307\Sdks\Microsoft.NET.Sdk.StaticWebAssets\targets\Microsoft.NET.Sdk.StaticWebAssets.Pack.targets(55,5): message :     " (önceki değer: "
       C:\Program Files\dotnet\sdk\9.0.307\Sdks\Microsoft.NET.Sdk.StaticWebAssets\targets\Microsoft.NET.Sdk.StaticWebAssets.Pack.targets(55,5): message :       ResolveStaticWebAssetsConfiguration;LoadStaticWebAssetsBuildManifest
       C:\Program Files\dotnet\sdk\9.0.307\Sdks\Microsoft.NET.Sdk.StaticWebAssets\targets\Microsoft.NET.Sdk.StaticWebAssets.Pack.targets(55,5): message :     ") konum: C:\Program Files\dotnet\sdk\9.0.307\Sdks\Microsoft.NET.Sdk.StaticWebAssets\targets\Microsoft.NET.Sdk.StaticWebAssets.Pack.targets (55,5)
       C:\Program Files\dotnet\sdk\9.0.307\Sdks\Microsoft.NET.Sdk.StaticWebAssets\targets\Microsoft.NET.Sdk.StaticWebAssets.ScopedCss.targets(55,3): message : Özellik yeniden ataması: $(ResolveStaticWebAssetsInputsDependsOn)="
       C:\Program Files\dotnet\sdk\9.0.307\Sdks\Microsoft.NET.Sdk.StaticWebAssets\targets\Microsoft.NET.Sdk.StaticWebAssets.ScopedCss.targets(55,3): message :     
       C:\Program Files\dotnet\sdk\9.0.307\Sdks\Microsoft.NET.Sdk.StaticWebAssets\targets\Microsoft.NET.Sdk.StaticWebAssets.ScopedCss.targets(55,3): message :       ResolveCoreStaticWebAssets;
       C:\Program Files\dotnet\sdk\9.0.307\Sdks\Microsoft.NET.Sdk.StaticWebAssets\targets\Microsoft.NET.Sdk.StaticWebAssets.ScopedCss.targets(55,3): message :       GenerateComputedBuildStaticWebAssets;
       C:\Program Files\dotnet\sdk\9.0.307\Sdks\Microsoft.NET.Sdk.StaticWebAssets\targets\Microsoft.NET.Sdk.StaticWebAssets.ScopedCss.targets(55,3): message :       
       C:\Program Files\dotnet\sdk\9.0.307\Sdks\Microsoft.NET.Sdk.StaticWebAssets\targets\Microsoft.NET.Sdk.StaticWebAssets.ScopedCss.targets(55,3): message :     ;
       C:\Program Files\dotnet\sdk\9.0.307\Sdks\Microsoft.NET.Sdk.StaticWebAssets\targets\Microsoft.NET.Sdk.StaticWebAssets.ScopedCss.targets(55,3): message :     ResolveScopedCssAssets;
       C:\Program Files\dotnet\sdk\9.0.307\Sdks\Microsoft.NET.Sdk.StaticWebAssets\targets\Microsoft.NET.Sdk.StaticWebAssets.ScopedCss.targets(55,3): message :   " (önceki değer: "
       C:\Program Files\dotnet\sdk\9.0.307\Sdks\Microsoft.NET.Sdk.StaticWebAssets\targets\Microsoft.NET.Sdk.StaticWebAssets.ScopedCss.targets(55,3): message :       ResolveCoreStaticWebAssets;
       C:\Program Files\dotnet\sdk\9.0.307\Sdks\Microsoft.NET.Sdk.StaticWebAssets\targets\Microsoft.NET.Sdk.StaticWebAssets.ScopedCss.targets(55,3): message :       GenerateComputedBuildStaticWebAssets;
       C:\Program Files\dotnet\sdk\9.0.307\Sdks\Microsoft.NET.Sdk.StaticWebAssets\targets\Microsoft.NET.Sdk.StaticWebAssets.ScopedCss.targets(55,3): message :       
       C:\Program Files\dotnet\sdk\9.0.307\Sdks\Microsoft.NET.Sdk.StaticWebAssets\targets\Microsoft.NET.Sdk.StaticWebAssets.ScopedCss.targets(55,3): message :     ") konum: C:\Program Files\dotnet\sdk\9.0.307\Sdks\Microsoft.NET.Sdk.StaticWebAssets\targets\Microsoft.NET.Sdk.StaticWebAssets.ScopedCss.targets (55,3)
       C:\Program Files\dotnet\sdk\9.0.307\Sdks\Microsoft.NET.Sdk.StaticWebAssets\targets\Microsoft.NET.Sdk.StaticWebAssets.ScopedCss.targets(88,3): message : Özellik yeniden ataması: $(GenerateComputedBuildStaticWebAssetsDependsOn)="
       C:\Program Files\dotnet\sdk\9.0.307\Sdks\Microsoft.NET.Sdk.StaticWebAssets\targets\Microsoft.NET.Sdk.StaticWebAssets.ScopedCss.targets(88,3): message :     ResolveCoreStaticWebAssets;;
       C:\Program Files\dotnet\sdk\9.0.307\Sdks\Microsoft.NET.Sdk.StaticWebAssets\targets\Microsoft.NET.Sdk.StaticWebAssets.ScopedCss.targets(88,3): message :     BundleScopedCssFiles;
       C:\Program Files\dotnet\sdk\9.0.307\Sdks\Microsoft.NET.Sdk.StaticWebAssets\targets\Microsoft.NET.Sdk.StaticWebAssets.ScopedCss.targets(88,3): message :   " (önceki değer: "ResolveCoreStaticWebAssets;") konum: C:\Program Files\dotnet\sdk\9.0.307\Sdks\Microsoft.NET.Sdk.StaticWebAssets\targets\Microsoft.NET.Sdk.StaticWebAssets.ScopedCss.targets (88,3)
       C:\Program Files\dotnet\sdk\9.0.307\Sdks\Microsoft.NET.Sdk.StaticWebAssets\targets\Microsoft.NET.Sdk.StaticWebAssets.JSModules.targets(37,5): message : Özellik yeniden ataması: $(ResolveCoreStaticWebAssetsDependsOn)="
       C:\Program Files\dotnet\sdk\9.0.307\Sdks\Microsoft.NET.Sdk.StaticWebAssets\targets\Microsoft.NET.Sdk.StaticWebAssets.JSModules.targets(37,5): message :       
       C:\Program Files\dotnet\sdk\9.0.307\Sdks\Microsoft.NET.Sdk.StaticWebAssets\targets\Microsoft.NET.Sdk.StaticWebAssets.JSModules.targets(37,5): message :       UpdateExistingPackageStaticWebAssets;
       C:\Program Files\dotnet\sdk\9.0.307\Sdks\Microsoft.NET.Sdk.StaticWebAssets\targets\Microsoft.NET.Sdk.StaticWebAssets.JSModules.targets(37,5): message :       ResolveProjectStaticWebAssets;
       C:\Program Files\dotnet\sdk\9.0.307\Sdks\Microsoft.NET.Sdk.StaticWebAssets\targets\Microsoft.NET.Sdk.StaticWebAssets.JSModules.targets(37,5): message :       ResolveEmbeddedProjectsStaticWebAssets;
       C:\Program Files\dotnet\sdk\9.0.307\Sdks\Microsoft.NET.Sdk.StaticWebAssets\targets\Microsoft.NET.Sdk.StaticWebAssets.JSModules.targets(37,5): message :       ResolveReferencedProjectsStaticWebAssets;
       C:\Program Files\dotnet\sdk\9.0.307\Sdks\Microsoft.NET.Sdk.StaticWebAssets\targets\Microsoft.NET.Sdk.StaticWebAssets.JSModules.targets(37,5): message :       ;
       C:\Program Files\dotnet\sdk\9.0.307\Sdks\Microsoft.NET.Sdk.StaticWebAssets\targets\Microsoft.NET.Sdk.StaticWebAssets.JSModules.targets(37,5): message :     ;
       C:\Program Files\dotnet\sdk\9.0.307\Sdks\Microsoft.NET.Sdk.StaticWebAssets\targets\Microsoft.NET.Sdk.StaticWebAssets.JSModules.targets(37,5): message :       ResolveJsInitializerModuleStaticWebAssets;
       C:\Program Files\dotnet\sdk\9.0.307\Sdks\Microsoft.NET.Sdk.StaticWebAssets\targets\Microsoft.NET.Sdk.StaticWebAssets.JSModules.targets(37,5): message :     " (önceki değer: "
       C:\Program Files\dotnet\sdk\9.0.307\Sdks\Microsoft.NET.Sdk.StaticWebAssets\targets\Microsoft.NET.Sdk.StaticWebAssets.JSModules.targets(37,5): message :       UpdateExistingPackageStaticWebAssets;
       C:\Program Files\dotnet\sdk\9.0.307\Sdks\Microsoft.NET.Sdk.StaticWebAssets\targets\Microsoft.NET.Sdk.StaticWebAssets.JSModules.targets(37,5): message :       ResolveProjectStaticWebAssets;
       C:\Program Files\dotnet\sdk\9.0.307\Sdks\Microsoft.NET.Sdk.StaticWebAssets\targets\Microsoft.NET.Sdk.StaticWebAssets.JSModules.targets(37,5): message :       ResolveEmbeddedProjectsStaticWebAssets;
       C:\Program Files\dotnet\sdk\9.0.307\Sdks\Microsoft.NET.Sdk.StaticWebAssets\targets\Microsoft.NET.Sdk.StaticWebAssets.JSModules.targets(37,5): message :       ResolveReferencedProjectsStaticWebAssets;
       C:\Program Files\dotnet\sdk\9.0.307\Sdks\Microsoft.NET.Sdk.StaticWebAssets\targets\Microsoft.NET.Sdk.StaticWebAssets.JSModules.targets(37,5): message :       ;
       C:\Program Files\dotnet\sdk\9.0.307\Sdks\Microsoft.NET.Sdk.StaticWebAssets\targets\Microsoft.NET.Sdk.StaticWebAssets.JSModules.targets(37,5): message :     ") konum: C:\Program Files\dotnet\sdk\9.0.307\Sdks\Microsoft.NET.Sdk.StaticWebAssets\targets\Microsoft.NET.Sdk.StaticWebAssets.JSModules.targets (37,5)
       C:\Program Files\dotnet\sdk\9.0.307\Sdks\Microsoft.NET.Sdk.StaticWebAssets\targets\Microsoft.NET.Sdk.StaticWebAssets.JSModules.targets(42,5): message : Özellik yeniden ataması: $(ResolveCoreStaticWebAssetsDependsOn)="
       C:\Program Files\dotnet\sdk\9.0.307\Sdks\Microsoft.NET.Sdk.StaticWebAssets\targets\Microsoft.NET.Sdk.StaticWebAssets.JSModules.targets(42,5): message :       
       C:\Program Files\dotnet\sdk\9.0.307\Sdks\Microsoft.NET.Sdk.StaticWebAssets\targets\Microsoft.NET.Sdk.StaticWebAssets.JSModules.targets(42,5): message :       
       C:\Program Files\dotnet\sdk\9.0.307\Sdks\Microsoft.NET.Sdk.StaticWebAssets\targets\Microsoft.NET.Sdk.StaticWebAssets.JSModules.targets(42,5): message :       UpdateExistingPackageStaticWebAssets;
       C:\Program Files\dotnet\sdk\9.0.307\Sdks\Microsoft.NET.Sdk.StaticWebAssets\targets\Microsoft.NET.Sdk.StaticWebAssets.JSModules.targets(42,5): message :       ResolveProjectStaticWebAssets;
       C:\Program Files\dotnet\sdk\9.0.307\Sdks\Microsoft.NET.Sdk.StaticWebAssets\targets\Microsoft.NET.Sdk.StaticWebAssets.JSModules.targets(42,5): message :       ResolveEmbeddedProjectsStaticWebAssets;
       C:\Program Files\dotnet\sdk\9.0.307\Sdks\Microsoft.NET.Sdk.StaticWebAssets\targets\Microsoft.NET.Sdk.StaticWebAssets.JSModules.targets(42,5): message :       ResolveReferencedProjectsStaticWebAssets;
       C:\Program Files\dotnet\sdk\9.0.307\Sdks\Microsoft.NET.Sdk.StaticWebAssets\targets\Microsoft.NET.Sdk.StaticWebAssets.JSModules.targets(42,5): message :       ;
       C:\Program Files\dotnet\sdk\9.0.307\Sdks\Microsoft.NET.Sdk.StaticWebAssets\targets\Microsoft.NET.Sdk.StaticWebAssets.JSModules.targets(42,5): message :     ;
       C:\Program Files\dotnet\sdk\9.0.307\Sdks\Microsoft.NET.Sdk.StaticWebAssets\targets\Microsoft.NET.Sdk.StaticWebAssets.JSModules.targets(42,5): message :       ResolveJsInitializerModuleStaticWebAssets;
       C:\Program Files\dotnet\sdk\9.0.307\Sdks\Microsoft.NET.Sdk.StaticWebAssets\targets\Microsoft.NET.Sdk.StaticWebAssets.JSModules.targets(42,5): message :     ;
       C:\Program Files\dotnet\sdk\9.0.307\Sdks\Microsoft.NET.Sdk.StaticWebAssets\targets\Microsoft.NET.Sdk.StaticWebAssets.JSModules.targets(42,5): message :       ResolveJSModuleStaticWebAssets;
       C:\Program Files\dotnet\sdk\9.0.307\Sdks\Microsoft.NET.Sdk.StaticWebAssets\targets\Microsoft.NET.Sdk.StaticWebAssets.JSModules.targets(42,5): message :     " (önceki değer: "
       C:\Program Files\dotnet\sdk\9.0.307\Sdks\Microsoft.NET.Sdk.StaticWebAssets\targets\Microsoft.NET.Sdk.StaticWebAssets.JSModules.targets(42,5): message :       
       C:\Program Files\dotnet\sdk\9.0.307\Sdks\Microsoft.NET.Sdk.StaticWebAssets\targets\Microsoft.NET.Sdk.StaticWebAssets.JSModules.targets(42,5): message :       UpdateExistingPackageStaticWebAssets;
       C:\Program Files\dotnet\sdk\9.0.307\Sdks\Microsoft.NET.Sdk.StaticWebAssets\targets\Microsoft.NET.Sdk.StaticWebAssets.JSModules.targets(42,5): message :       ResolveProjectStaticWebAssets;
       C:\Program Files\dotnet\sdk\9.0.307\Sdks\Microsoft.NET.Sdk.StaticWebAssets\targets\Microsoft.NET.Sdk.StaticWebAssets.JSModules.targets(42,5): message :       ResolveEmbeddedProjectsStaticWebAssets;
       C:\Program Files\dotnet\sdk\9.0.307\Sdks\Microsoft.NET.Sdk.StaticWebAssets\targets\Microsoft.NET.Sdk.StaticWebAssets.JSModules.targets(42,5): message :       ResolveReferencedProjectsStaticWebAssets;
       C:\Program Files\dotnet\sdk\9.0.307\Sdks\Microsoft.NET.Sdk.StaticWebAssets\targets\Microsoft.NET.Sdk.StaticWebAssets.JSModules.targets(42,5): message :       ;
       C:\Program Files\dotnet\sdk\9.0.307\Sdks\Microsoft.NET.Sdk.StaticWebAssets\targets\Microsoft.NET.Sdk.StaticWebAssets.JSModules.targets(42,5): message :     ;
       C:\Program Files\dotnet\sdk\9.0.307\Sdks\Microsoft.NET.Sdk.StaticWebAssets\targets\Microsoft.NET.Sdk.StaticWebAssets.JSModules.targets(42,5): message :       ResolveJsInitializerModuleStaticWebAssets;
       C:\Program Files\dotnet\sdk\9.0.307\Sdks\Microsoft.NET.Sdk.StaticWebAssets\targets\Microsoft.NET.Sdk.StaticWebAssets.JSModules.targets(42,5): message :     ") konum: C:\Program Files\dotnet\sdk\9.0.307\Sdks\Microsoft.NET.Sdk.StaticWebAssets\targets\Microsoft.NET.Sdk.StaticWebAssets.JSModules.targets (42,5)
       C:\Program Files\dotnet\sdk\9.0.307\Sdks\Microsoft.NET.Sdk.StaticWebAssets\targets\Microsoft.NET.Sdk.StaticWebAssets.JSModules.targets(57,5): message : Özellik yeniden ataması: $(ResolveStaticWebAssetsInputsDependsOn)="
       C:\Program Files\dotnet\sdk\9.0.307\Sdks\Microsoft.NET.Sdk.StaticWebAssets\targets\Microsoft.NET.Sdk.StaticWebAssets.JSModules.targets(57,5): message :       ResolveJSModuleManifestBuildStaticWebAssets;
       C:\Program Files\dotnet\sdk\9.0.307\Sdks\Microsoft.NET.Sdk.StaticWebAssets\targets\Microsoft.NET.Sdk.StaticWebAssets.JSModules.targets(57,5): message :       
       C:\Program Files\dotnet\sdk\9.0.307\Sdks\Microsoft.NET.Sdk.StaticWebAssets\targets\Microsoft.NET.Sdk.StaticWebAssets.JSModules.targets(57,5): message :     
       C:\Program Files\dotnet\sdk\9.0.307\Sdks\Microsoft.NET.Sdk.StaticWebAssets\targets\Microsoft.NET.Sdk.StaticWebAssets.JSModules.targets(57,5): message :       ResolveCoreStaticWebAssets;
       C:\Program Files\dotnet\sdk\9.0.307\Sdks\Microsoft.NET.Sdk.StaticWebAssets\targets\Microsoft.NET.Sdk.StaticWebAssets.JSModules.targets(57,5): message :       GenerateComputedBuildStaticWebAssets;
       C:\Program Files\dotnet\sdk\9.0.307\Sdks\Microsoft.NET.Sdk.StaticWebAssets\targets\Microsoft.NET.Sdk.StaticWebAssets.JSModules.targets(57,5): message :       
       C:\Program Files\dotnet\sdk\9.0.307\Sdks\Microsoft.NET.Sdk.StaticWebAssets\targets\Microsoft.NET.Sdk.StaticWebAssets.JSModules.targets(57,5): message :     ;
       C:\Program Files\dotnet\sdk\9.0.307\Sdks\Microsoft.NET.Sdk.StaticWebAssets\targets\Microsoft.NET.Sdk.StaticWebAssets.JSModules.targets(57,5): message :     ResolveScopedCssAssets;
       C:\Program Files\dotnet\sdk\9.0.307\Sdks\Microsoft.NET.Sdk.StaticWebAssets\targets\Microsoft.NET.Sdk.StaticWebAssets.JSModules.targets(57,5): message :   
       C:\Program Files\dotnet\sdk\9.0.307\Sdks\Microsoft.NET.Sdk.StaticWebAssets\targets\Microsoft.NET.Sdk.StaticWebAssets.JSModules.targets(57,5): message :     " (önceki değer: "
       C:\Program Files\dotnet\sdk\9.0.307\Sdks\Microsoft.NET.Sdk.StaticWebAssets\targets\Microsoft.NET.Sdk.StaticWebAssets.JSModules.targets(57,5): message :     
       C:\Program Files\dotnet\sdk\9.0.307\Sdks\Microsoft.NET.Sdk.StaticWebAssets\targets\Microsoft.NET.Sdk.StaticWebAssets.JSModules.targets(57,5): message :       ResolveCoreStaticWebAssets;
       C:\Program Files\dotnet\sdk\9.0.307\Sdks\Microsoft.NET.Sdk.StaticWebAssets\targets\Microsoft.NET.Sdk.StaticWebAssets.JSModules.targets(57,5): message :       GenerateComputedBuildStaticWebAssets;
       C:\Program Files\dotnet\sdk\9.0.307\Sdks\Microsoft.NET.Sdk.StaticWebAssets\targets\Microsoft.NET.Sdk.StaticWebAssets.JSModules.targets(57,5): message :       
       C:\Program Files\dotnet\sdk\9.0.307\Sdks\Microsoft.NET.Sdk.StaticWebAssets\targets\Microsoft.NET.Sdk.StaticWebAssets.JSModules.targets(57,5): message :     ;
       C:\Program Files\dotnet\sdk\9.0.307\Sdks\Microsoft.NET.Sdk.StaticWebAssets\targets\Microsoft.NET.Sdk.StaticWebAssets.JSModules.targets(57,5): message :     ResolveScopedCssAssets;
       C:\Program Files\dotnet\sdk\9.0.307\Sdks\Microsoft.NET.Sdk.StaticWebAssets\targets\Microsoft.NET.Sdk.StaticWebAssets.JSModules.targets(57,5): message :   ") konum: C:\Program Files\dotnet\sdk\9.0.307\Sdks\Microsoft.NET.Sdk.StaticWebAssets\targets\Microsoft.NET.Sdk.StaticWebAssets.JSModules.targets (57,5)
       C:\Program Files\dotnet\sdk\9.0.307\Sdks\Microsoft.NET.Sdk.StaticWebAssets\targets\Microsoft.NET.Sdk.StaticWebAssets.JSModules.targets(76,5): message : Özellik yeniden ataması: $(ResolvePublishStaticWebAssetsDependsOn)="
       C:\Program Files\dotnet\sdk\9.0.307\Sdks\Microsoft.NET.Sdk.StaticWebAssets\targets\Microsoft.NET.Sdk.StaticWebAssets.JSModules.targets(76,5): message :       ResolveJSModuleManifestPublishStaticWebAssets;
       C:\Program Files\dotnet\sdk\9.0.307\Sdks\Microsoft.NET.Sdk.StaticWebAssets\targets\Microsoft.NET.Sdk.StaticWebAssets.JSModules.targets(76,5): message :       
       C:\Program Files\dotnet\sdk\9.0.307\Sdks\Microsoft.NET.Sdk.StaticWebAssets\targets\Microsoft.NET.Sdk.StaticWebAssets.JSModules.targets(76,5): message :       ResolveCorePublishStaticWebAssets;
       C:\Program Files\dotnet\sdk\9.0.307\Sdks\Microsoft.NET.Sdk.StaticWebAssets\targets\Microsoft.NET.Sdk.StaticWebAssets.JSModules.targets(76,5): message :       GenerateComputedPublishStaticWebAssets;
       C:\Program Files\dotnet\sdk\9.0.307\Sdks\Microsoft.NET.Sdk.StaticWebAssets\targets\Microsoft.NET.Sdk.StaticWebAssets.JSModules.targets(76,5): message :       ;
       C:\Program Files\dotnet\sdk\9.0.307\Sdks\Microsoft.NET.Sdk.StaticWebAssets\targets\Microsoft.NET.Sdk.StaticWebAssets.JSModules.targets(76,5): message :     
       C:\Program Files\dotnet\sdk\9.0.307\Sdks\Microsoft.NET.Sdk.StaticWebAssets\targets\Microsoft.NET.Sdk.StaticWebAssets.JSModules.targets(76,5): message :     " (önceki değer: "
       C:\Program Files\dotnet\sdk\9.0.307\Sdks\Microsoft.NET.Sdk.StaticWebAssets\targets\Microsoft.NET.Sdk.StaticWebAssets.JSModules.targets(76,5): message :       ResolveCorePublishStaticWebAssets;
       C:\Program Files\dotnet\sdk\9.0.307\Sdks\Microsoft.NET.Sdk.StaticWebAssets\targets\Microsoft.NET.Sdk.StaticWebAssets.JSModules.targets(76,5): message :       GenerateComputedPublishStaticWebAssets;
       C:\Program Files\dotnet\sdk\9.0.307\Sdks\Microsoft.NET.Sdk.StaticWebAssets\targets\Microsoft.NET.Sdk.StaticWebAssets.JSModules.targets(76,5): message :       ;
       C:\Program Files\dotnet\sdk\9.0.307\Sdks\Microsoft.NET.Sdk.StaticWebAssets\targets\Microsoft.NET.Sdk.StaticWebAssets.JSModules.targets(76,5): message :     ") konum: C:\Program Files\dotnet\sdk\9.0.307\Sdks\Microsoft.NET.Sdk.StaticWebAssets\targets\Microsoft.NET.Sdk.StaticWebAssets.JSModules.targets (76,5)
       C:\Program Files\dotnet\sdk\9.0.307\Sdks\Microsoft.NET.Sdk.StaticWebAssets\targets\Microsoft.NET.Sdk.StaticWebAssets.Compression.targets(179,5): message : Özellik yeniden ataması: $(ResolveBuildRelatedStaticWebAssetsDependsOn)="
       C:\Program Files\dotnet\sdk\9.0.307\Sdks\Microsoft.NET.Sdk.StaticWebAssets\targets\Microsoft.NET.Sdk.StaticWebAssets.Compression.targets(179,5): message :       ResolveBuildCompressedStaticWebAssets;
       C:\Program Files\dotnet\sdk\9.0.307\Sdks\Microsoft.NET.Sdk.StaticWebAssets\targets\Microsoft.NET.Sdk.StaticWebAssets.Compression.targets(179,5): message :       
       C:\Program Files\dotnet\sdk\9.0.307\Sdks\Microsoft.NET.Sdk.StaticWebAssets\targets\Microsoft.NET.Sdk.StaticWebAssets.Compression.targets(179,5): message :       ResolveStaticWebAssetsInputs;
       C:\Program Files\dotnet\sdk\9.0.307\Sdks\Microsoft.NET.Sdk.StaticWebAssets\targets\Microsoft.NET.Sdk.StaticWebAssets.Compression.targets(179,5): message :       
       C:\Program Files\dotnet\sdk\9.0.307\Sdks\Microsoft.NET.Sdk.StaticWebAssets\targets\Microsoft.NET.Sdk.StaticWebAssets.Compression.targets(179,5): message :     
       C:\Program Files\dotnet\sdk\9.0.307\Sdks\Microsoft.NET.Sdk.StaticWebAssets\targets\Microsoft.NET.Sdk.StaticWebAssets.Compression.targets(179,5): message :     " (önceki değer: "
       C:\Program Files\dotnet\sdk\9.0.307\Sdks\Microsoft.NET.Sdk.StaticWebAssets\targets\Microsoft.NET.Sdk.StaticWebAssets.Compression.targets(179,5): message :       ResolveStaticWebAssetsInputs;
       C:\Program Files\dotnet\sdk\9.0.307\Sdks\Microsoft.NET.Sdk.StaticWebAssets\targets\Microsoft.NET.Sdk.StaticWebAssets.Compression.targets(179,5): message :       
       C:\Program Files\dotnet\sdk\9.0.307\Sdks\Microsoft.NET.Sdk.StaticWebAssets\targets\Microsoft.NET.Sdk.StaticWebAssets.Compression.targets(179,5): message :     ") konum: C:\Program Files\dotnet\sdk\9.0.307\Sdks\Microsoft.NET.Sdk.StaticWebAssets\targets\Microsoft.NET.Sdk.StaticWebAssets.Compression.targets (179,5)
       C:\Program Files\dotnet\sdk\9.0.307\Sdks\Microsoft.NET.Sdk.StaticWebAssets\targets\Microsoft.NET.Sdk.StaticWebAssets.Compression.targets(198,5): message : Özellik yeniden ataması: $(ResolvePublishRelatedStaticWebAssetsDependsOn)="
       C:\Program Files\dotnet\sdk\9.0.307\Sdks\Microsoft.NET.Sdk.StaticWebAssets\targets\Microsoft.NET.Sdk.StaticWebAssets.Compression.targets(198,5): message :       ResolvePublishCompressedStaticWebAssets;
       C:\Program Files\dotnet\sdk\9.0.307\Sdks\Microsoft.NET.Sdk.StaticWebAssets\targets\Microsoft.NET.Sdk.StaticWebAssets.Compression.targets(198,5): message :       
       C:\Program Files\dotnet\sdk\9.0.307\Sdks\Microsoft.NET.Sdk.StaticWebAssets\targets\Microsoft.NET.Sdk.StaticWebAssets.Compression.targets(198,5): message :     " (önceki değer: "") konum: C:\Program Files\dotnet\sdk\9.0.307\Sdks\Microsoft.NET.Sdk.StaticWebAssets\targets\Microsoft.NET.Sdk.StaticWebAssets.Compression.targets (198,5)
       C:\Program Files\dotnet\sdk\9.0.307\Sdks\Microsoft.NET.Sdk.Razor\targets\Sdk.Razor.CurrentVersion.targets(205,5): message : Özellik yeniden ataması: $(DebugSymbolsProjectOutputGroupDependsOn)="
       C:\Program Files\dotnet\sdk\9.0.307\Sdks\Microsoft.NET.Sdk.Razor\targets\Sdk.Razor.CurrentVersion.targets(205,5): message :       ;
       C:\Program Files\dotnet\sdk\9.0.307\Sdks\Microsoft.NET.Sdk.Razor\targets\Sdk.Razor.CurrentVersion.targets(205,5): message :       _RazorAddDebugSymbolsProjectOutputGroupOutput
       C:\Program Files\dotnet\sdk\9.0.307\Sdks\Microsoft.NET.Sdk.Razor\targets\Sdk.Razor.CurrentVersion.targets(205,5): message :     " (önceki değer: "") konum: C:\Program Files\dotnet\sdk\9.0.307\Sdks\Microsoft.NET.Sdk.Razor\targets\Sdk.Razor.CurrentVersion.targets (205,5)
       C:\Program Files\dotnet\sdk\9.0.307\Sdks\Microsoft.NET.Sdk.Razor\targets\Sdk.Razor.CurrentVersion.targets(210,5): message : Özellik yeniden ataması: $(PrepareForBuildDependsOn)="
       C:\Program Files\dotnet\sdk\9.0.307\Sdks\Microsoft.NET.Sdk.Razor\targets\Sdk.Razor.CurrentVersion.targets(210,5): message :       ;GetFrameworkPaths;GetReferenceAssemblyPaths;AssignLinkMetadata;
       C:\Program Files\dotnet\sdk\9.0.307\Sdks\Microsoft.NET.Sdk.Razor\targets\Sdk.Razor.CurrentVersion.targets(210,5): message :       ResolveRazorGenerateInputs
       C:\Program Files\dotnet\sdk\9.0.307\Sdks\Microsoft.NET.Sdk.Razor\targets\Sdk.Razor.CurrentVersion.targets(210,5): message :     " (önceki değer: ";GetFrameworkPaths;GetReferenceAssemblyPaths;AssignLinkMetadata") konum: C:\Program Files\dotnet\sdk\9.0.307\Sdks\Microsoft.NET.Sdk.Razor\targets\Sdk.Razor.CurrentVersion.targets (210,5)
       C:\Program Files\dotnet\sdk\9.0.307\Sdks\Microsoft.NET.Sdk.Razor\targets\Sdk.Razor.CurrentVersion.targets(215,5): message : Özellik yeniden ataması: $(GenerateNuspecDependsOn)="
       C:\Program Files\dotnet\sdk\9.0.307\Sdks\Microsoft.NET.Sdk.Razor\targets\Sdk.Razor.CurrentVersion.targets(215,5): message :       ResolveRazorGenerateInputs;
       C:\Program Files\dotnet\sdk\9.0.307\Sdks\Microsoft.NET.Sdk.Razor\targets\Sdk.Razor.CurrentVersion.targets(215,5): message :       
       C:\Program Files\dotnet\sdk\9.0.307\Sdks\Microsoft.NET.Sdk.Razor\targets\Sdk.Razor.CurrentVersion.targets(215,5): message :       IncludeStaticWebAssetsPackItems;
       C:\Program Files\dotnet\sdk\9.0.307\Sdks\Microsoft.NET.Sdk.Razor\targets\Sdk.Razor.CurrentVersion.targets(215,5): message :       Build;_LoadPackInputItems; _GetTargetFrameworksOutput; _WalkEachTargetPerFramework; _GetPackageFiles; ;
       C:\Program Files\dotnet\sdk\9.0.307\Sdks\Microsoft.NET.Sdk.Razor\targets\Sdk.Razor.CurrentVersion.targets(215,5): message :     
       C:\Program Files\dotnet\sdk\9.0.307\Sdks\Microsoft.NET.Sdk.Razor\targets\Sdk.Razor.CurrentVersion.targets(215,5): message :     " (önceki değer: "
       C:\Program Files\dotnet\sdk\9.0.307\Sdks\Microsoft.NET.Sdk.Razor\targets\Sdk.Razor.CurrentVersion.targets(215,5): message :       IncludeStaticWebAssetsPackItems;
       C:\Program Files\dotnet\sdk\9.0.307\Sdks\Microsoft.NET.Sdk.Razor\targets\Sdk.Razor.CurrentVersion.targets(215,5): message :       Build;_LoadPackInputItems; _GetTargetFrameworksOutput; _WalkEachTargetPerFramework; _GetPackageFiles; ;
       C:\Program Files\dotnet\sdk\9.0.307\Sdks\Microsoft.NET.Sdk.Razor\targets\Sdk.Razor.CurrentVersion.targets(215,5): message :     ") konum: C:\Program Files\dotnet\sdk\9.0.307\Sdks\Microsoft.NET.Sdk.Razor\targets\Sdk.Razor.CurrentVersion.targets (215,5)
       C:\Program Files\dotnet\sdk\9.0.307\Sdks\Microsoft.NET.Sdk.Razor\targets\Sdk.Razor.CurrentVersion.targets(220,5): message : Özellik yeniden ataması: $(PrepareForRunDependsOn)="
       C:\Program Files\dotnet\sdk\9.0.307\Sdks\Microsoft.NET.Sdk.Razor\targets\Sdk.Razor.CurrentVersion.targets(220,5): message :       _RazorPrepareForRun;
       C:\Program Files\dotnet\sdk\9.0.307\Sdks\Microsoft.NET.Sdk.Razor\targets\Sdk.Razor.CurrentVersion.targets(220,5): message :       StaticWebAssetsPrepareForRun;
       C:\Program Files\dotnet\sdk\9.0.307\Sdks\Microsoft.NET.Sdk.Razor\targets\Sdk.Razor.CurrentVersion.targets(220,5): message :       CopyFilesToOutputDirectory
       C:\Program Files\dotnet\sdk\9.0.307\Sdks\Microsoft.NET.Sdk.Razor\targets\Sdk.Razor.CurrentVersion.targets(220,5): message :     
       C:\Program Files\dotnet\sdk\9.0.307\Sdks\Microsoft.NET.Sdk.Razor\targets\Sdk.Razor.CurrentVersion.targets(220,5): message :     " (önceki değer: "StaticWebAssetsPrepareForRun;
       C:\Program Files\dotnet\sdk\9.0.307\Sdks\Microsoft.NET.Sdk.Razor\targets\Sdk.Razor.CurrentVersion.targets(220,5): message :       CopyFilesToOutputDirectory
       C:\Program Files\dotnet\sdk\9.0.307\Sdks\Microsoft.NET.Sdk.Razor\targets\Sdk.Razor.CurrentVersion.targets(220,5): message :     ") konum: C:\Program Files\dotnet\sdk\9.0.307\Sdks\Microsoft.NET.Sdk.Razor\targets\Sdk.Razor.CurrentVersion.targets (220,5)
       C:\Program Files\dotnet\sdk\9.0.307\Sdks\Microsoft.NET.Sdk.Razor\targets\Sdk.Razor.CurrentVersion.targets(311,5): message : Özellik yeniden ataması: $(UseRazorBuildServer)="true" (önceki değer: "") konum: C:\Program Files\dotnet\sdk\9.0.307\Sdks\Microsoft.NET.Sdk.Razor\targets\Sdk.Razor.CurrentVersion.targets (311,5)
       C:\Program Files\dotnet\sdk\9.0.307\Sdks\Microsoft.NET.Sdk.Razor\targets\Sdk.Razor.CurrentVersion.targets(317,5): message : Özellik yeniden ataması: $(_RazorDebugSymbolsProduced)="true" (önceki değer: "false") konum: C:\Program Files\dotnet\sdk\9.0.307\Sdks\Microsoft.NET.Sdk.Razor\targets\Sdk.Razor.CurrentVersion.targets (317,5)
       C:\Program Files\dotnet\sdk\9.0.307\Sdks\Microsoft.NET.Sdk.Razor\targets\Microsoft.NET.Sdk.Razor.GenerateAssemblyInfo.targets(36,5): message : Özellik yeniden ataması: $(GenerateRazorTargetAssemblyInfoDependsOn)="
       C:\Program Files\dotnet\sdk\9.0.307\Sdks\Microsoft.NET.Sdk.Razor\targets\Microsoft.NET.Sdk.Razor.GenerateAssemblyInfo.targets(36,5): message :       _ResolveMvcAssemblyAttributes;
       C:\Program Files\dotnet\sdk\9.0.307\Sdks\Microsoft.NET.Sdk.Razor\targets\Microsoft.NET.Sdk.Razor.GenerateAssemblyInfo.targets(36,5): message :       
       C:\Program Files\dotnet\sdk\9.0.307\Sdks\Microsoft.NET.Sdk.Razor\targets\Microsoft.NET.Sdk.Razor.GenerateAssemblyInfo.targets(36,5): message :       GetRazorTargetAssemblyAttributes;
       C:\Program Files\dotnet\sdk\9.0.307\Sdks\Microsoft.NET.Sdk.Razor\targets\Microsoft.NET.Sdk.Razor.GenerateAssemblyInfo.targets(36,5): message :       _CreateRazorTargetAssemblyInfoInputsCacheFile;
       C:\Program Files\dotnet\sdk\9.0.307\Sdks\Microsoft.NET.Sdk.Razor\targets\Microsoft.NET.Sdk.Razor.GenerateAssemblyInfo.targets(36,5): message :       CoreGenerateRazorTargetAssemblyInfo
       C:\Program Files\dotnet\sdk\9.0.307\Sdks\Microsoft.NET.Sdk.Razor\targets\Microsoft.NET.Sdk.Razor.GenerateAssemblyInfo.targets(36,5): message :     
       C:\Program Files\dotnet\sdk\9.0.307\Sdks\Microsoft.NET.Sdk.Razor\targets\Microsoft.NET.Sdk.Razor.GenerateAssemblyInfo.targets(36,5): message :     " (önceki değer: "
       C:\Program Files\dotnet\sdk\9.0.307\Sdks\Microsoft.NET.Sdk.Razor\targets\Microsoft.NET.Sdk.Razor.GenerateAssemblyInfo.targets(36,5): message :       GetRazorTargetAssemblyAttributes;
       C:\Program Files\dotnet\sdk\9.0.307\Sdks\Microsoft.NET.Sdk.Razor\targets\Microsoft.NET.Sdk.Razor.GenerateAssemblyInfo.targets(36,5): message :       _CreateRazorTargetAssemblyInfoInputsCacheFile;
       C:\Program Files\dotnet\sdk\9.0.307\Sdks\Microsoft.NET.Sdk.Razor\targets\Microsoft.NET.Sdk.Razor.GenerateAssemblyInfo.targets(36,5): message :       CoreGenerateRazorTargetAssemblyInfo
       C:\Program Files\dotnet\sdk\9.0.307\Sdks\Microsoft.NET.Sdk.Razor\targets\Microsoft.NET.Sdk.Razor.GenerateAssemblyInfo.targets(36,5): message :     ") konum: C:\Program Files\dotnet\sdk\9.0.307\Sdks\Microsoft.NET.Sdk.Razor\targets\Microsoft.NET.Sdk.Razor.GenerateAssemblyInfo.targets (36,5)
       C:\Program Files\dotnet\sdk\9.0.307\Sdks\Microsoft.NET.Sdk.Razor\targets\Microsoft.NET.Sdk.Razor.GenerateAssemblyInfo.targets(181,5): message : Özellik yeniden ataması: $(CoreCompileDependsOn)="
       C:\Program Files\dotnet\sdk\9.0.307\Sdks\Microsoft.NET.Sdk.Razor\targets\Microsoft.NET.Sdk.Razor.GenerateAssemblyInfo.targets(181,5): message :       ;_ComputeNonExistentFileProperty;ResolveCodeAnalysisRuleSet;
       C:\Program Files\dotnet\sdk\9.0.307\Sdks\Microsoft.NET.Sdk.Razor\targets\Microsoft.NET.Sdk.Razor.GenerateAssemblyInfo.targets(181,5): message :       _GenerateRazorAssemblyInfo
       C:\Program Files\dotnet\sdk\9.0.307\Sdks\Microsoft.NET.Sdk.Razor\targets\Microsoft.NET.Sdk.Razor.GenerateAssemblyInfo.targets(181,5): message :     " (önceki değer: ";_ComputeNonExistentFileProperty;ResolveCodeAnalysisRuleSet") konum: C:\Program Files\dotnet\sdk\9.0.307\Sdks\Microsoft.NET.Sdk.Razor\targets\Microsoft.NET.Sdk.Razor.GenerateAssemblyInfo.targets (181,5)
       C:\Program Files\dotnet\sdk\9.0.307\Sdks\Microsoft.NET.Sdk.Razor\targets\Microsoft.NET.Sdk.Razor.GenerateAssemblyInfo.targets(189,5): message : Özellik yeniden ataması: $(_GenerateRazorAssemblyInfoDependsOn)="
       C:\Program Files\dotnet\sdk\9.0.307\Sdks\Microsoft.NET.Sdk.Razor\targets\Microsoft.NET.Sdk.Razor.GenerateAssemblyInfo.targets(189,5): message :       _ResolveMvcAssemblyAttributes;
       C:\Program Files\dotnet\sdk\9.0.307\Sdks\Microsoft.NET.Sdk.Razor\targets\Microsoft.NET.Sdk.Razor.GenerateAssemblyInfo.targets(189,5): message :       RazorGetAssemblyAttributes;PrepareForBuild;_CoreGenerateRazorAssemblyInfo;
       C:\Program Files\dotnet\sdk\9.0.307\Sdks\Microsoft.NET.Sdk.Razor\targets\Microsoft.NET.Sdk.Razor.GenerateAssemblyInfo.targets(189,5): message :     " (önceki değer: "RazorGetAssemblyAttributes;PrepareForBuild;_CoreGenerateRazorAssemblyInfo") konum: C:\Program Files\dotnet\sdk\9.0.307\Sdks\Microsoft.NET.Sdk.Razor\targets\Microsoft.NET.Sdk.Razor.GenerateAssemblyInfo.targets (189,5)
       C:\Program Files\dotnet\sdk\9.0.307\Sdks\Microsoft.NET.Sdk.Razor\targets\Microsoft.NET.Sdk.Razor.MvcApplicationPartsDiscovery.targets(22,5): message : Özellik yeniden ataması: $(CoreCompileDependsOn)="
       C:\Program Files\dotnet\sdk\9.0.307\Sdks\Microsoft.NET.Sdk.Razor\targets\Microsoft.NET.Sdk.Razor.MvcApplicationPartsDiscovery.targets(22,5): message :       _DiscoverMvcApplicationParts;
       C:\Program Files\dotnet\sdk\9.0.307\Sdks\Microsoft.NET.Sdk.Razor\targets\Microsoft.NET.Sdk.Razor.MvcApplicationPartsDiscovery.targets(22,5): message :       
       C:\Program Files\dotnet\sdk\9.0.307\Sdks\Microsoft.NET.Sdk.Razor\targets\Microsoft.NET.Sdk.Razor.MvcApplicationPartsDiscovery.targets(22,5): message :       ;_ComputeNonExistentFileProperty;ResolveCodeAnalysisRuleSet;
       C:\Program Files\dotnet\sdk\9.0.307\Sdks\Microsoft.NET.Sdk.Razor\targets\Microsoft.NET.Sdk.Razor.MvcApplicationPartsDiscovery.targets(22,5): message :       _GenerateRazorAssemblyInfo
       C:\Program Files\dotnet\sdk\9.0.307\Sdks\Microsoft.NET.Sdk.Razor\targets\Microsoft.NET.Sdk.Razor.MvcApplicationPartsDiscovery.targets(22,5): message :     ;
       C:\Program Files\dotnet\sdk\9.0.307\Sdks\Microsoft.NET.Sdk.Razor\targets\Microsoft.NET.Sdk.Razor.MvcApplicationPartsDiscovery.targets(22,5): message :     " (önceki değer: "
       C:\Program Files\dotnet\sdk\9.0.307\Sdks\Microsoft.NET.Sdk.Razor\targets\Microsoft.NET.Sdk.Razor.MvcApplicationPartsDiscovery.targets(22,5): message :       ;_ComputeNonExistentFileProperty;ResolveCodeAnalysisRuleSet;
       C:\Program Files\dotnet\sdk\9.0.307\Sdks\Microsoft.NET.Sdk.Razor\targets\Microsoft.NET.Sdk.Razor.MvcApplicationPartsDiscovery.targets(22,5): message :       _GenerateRazorAssemblyInfo
       C:\Program Files\dotnet\sdk\9.0.307\Sdks\Microsoft.NET.Sdk.Razor\targets\Microsoft.NET.Sdk.Razor.MvcApplicationPartsDiscovery.targets(22,5): message :     ") konum: C:\Program Files\dotnet\sdk\9.0.307\Sdks\Microsoft.NET.Sdk.Razor\targets\Microsoft.NET.Sdk.Razor.MvcApplicationPartsDiscovery.targets (22,5)
       C:\Program Files\dotnet\sdk\9.0.307\Sdks\Microsoft.NET.Sdk.Razor\targets\Sdk.Razor.CurrentVersion.targets(791,5): message : Özellik yeniden ataması: $(RazorDesignTimeTargets)="C:\Program Files\dotnet\sdk\9.0.307\Sdks\Microsoft.NET.Sdk.Razor\targets\Microsoft.NET.Sdk.Razor.DesignTime.targets" (önceki değer: "C:\Program Files\dotnet\sdk\9.0.307\\Microsoft\VisualStudio\Razor\Microsoft.NET.Sdk.Razor.DesignTime.targets") konum: C:\Program Files\dotnet\sdk\9.0.307\Sdks\Microsoft.NET.Sdk.Razor\targets\Sdk.Razor.CurrentVersion.targets (791,5)
       C:\Program Files\dotnet\sdk\9.0.307\Sdks\Microsoft.NET.Sdk.Web.ProjectSystem\targets\Microsoft.NET.Sdk.Web.ProjectSystem.targets(21,5): message : Özellik yeniden ataması: $(RunWorkingDirectory)="C:\Users\alihe\OneDrive\Masaüstü\ForgeFlow Project\services\artifact\ForgeFlow.Artifact.Api" (önceki değer: "") konum: C:\Program Files\dotnet\sdk\9.0.307\Sdks\Microsoft.NET.Sdk.Web.ProjectSystem\targets\Microsoft.NET.Sdk.Web.ProjectSystem.targets (21,5)
       C:\Program Files\dotnet\sdk\9.0.307\Sdks\Microsoft.NET.Sdk.Publish\targets\Microsoft.NET.Sdk.Publish.targets(60,5): message : Özellik yeniden ataması: $(PublishProfileImported)="true" (önceki değer: "false") konum: C:\Program Files\dotnet\sdk\9.0.307\Sdks\Microsoft.NET.Sdk.Publish\targets\Microsoft.NET.Sdk.Publish.targets (60,5)
       C:\Program Files\dotnet\sdk\9.0.307\Sdks\Microsoft.NET.Sdk.Publish\targets\Microsoft.NET.Sdk.Publish.targets(81,5): message : Özellik yeniden ataması: $(PublishConfiguration)="Debug" (önceki değer: "") konum: C:\Program Files\dotnet\sdk\9.0.307\Sdks\Microsoft.NET.Sdk.Publish\targets\Microsoft.NET.Sdk.Publish.targets (81,5)
       C:\Program Files\dotnet\sdk\9.0.307\Sdks\Microsoft.NET.Sdk.Publish\targets\Microsoft.NET.Sdk.Publish.targets(87,5): message : Özellik yeniden ataması: $(BaseIntermediateOutputPath)="C:\Users\alihe\OneDrive\Masaüstü\ForgeFlow Project\services\artifact\ForgeFlow.Artifact.Api\obj\" (önceki değer: "obj\") konum: C:\Program Files\dotnet\sdk\9.0.307\Sdks\Microsoft.NET.Sdk.Publish\targets\Microsoft.NET.Sdk.Publish.targets (87,5)
       "C:\Program Files\dotnet\sdk\9.0.307\Sdks\Microsoft.NET.Sdk\targets\Microsoft.NET.Sdk.FrameworkReferenceResolution.targets" projesindeki "ResolveFrameworkReferences" hedefi kullanılarak "C:\Program Files\dotnet\sdk\9.0.307\Microsoft.Common.CurrentVersion.targets" projesindeki "ResolveFrameworkReferences" hedefinin üzerine yazılıyor.
       "C:\Program Files\dotnet\sdk\9.0.307\Sdks\Microsoft.NET.Sdk\targets\Microsoft.NET.Sdk.targets" projesindeki "Run" hedefi kullanılarak "C:\Program Files\dotnet\sdk\9.0.307\Microsoft.Common.CurrentVersion.targets" projesindeki "Run" hedefinin üzerine yazılıyor.
       "C:\Program Files\dotnet\sdk\9.0.307\Sdks\Microsoft.NET.Sdk\targets\Microsoft.NET.Sdk.targets" projesindeki "GenerateSupportedTargetFrameworkAlias" hedefi kullanılarak "C:\Program Files\dotnet\sdk\9.0.307\Microsoft.Common.CurrentVersion.targets" projesindeki "GenerateSupportedTargetFrameworkAlias" hedefinin üzerine yazılıyor.
       "C:\Program Files\dotnet\sdk\9.0.307\Sdks\Microsoft.NET.Sdk\targets\Microsoft.NET.DisableStandardFrameworkResolution.targets" projesindeki "GetReferenceAssemblyPaths" hedefi kullanılarak "C:\Program Files\dotnet\sdk\9.0.307\Microsoft.Common.CurrentVersion.targets" projesindeki "GetReferenceAssemblyPaths" hedefinin üzerine yazılıyor.
       "C:\Program Files\dotnet\sdk\9.0.307\Sdks\Microsoft.NET.Sdk\targets\Microsoft.NET.DisableStandardFrameworkResolution.targets" projesindeki "GetFrameworkPaths" hedefi kullanılarak "C:\Program Files\dotnet\sdk\9.0.307\Microsoft.Common.CurrentVersion.targets" projesindeki "GetFrameworkPaths" hedefinin üzerine yazılıyor.
       "C:\Program Files\dotnet\sdk\9.0.307\Sdks\Microsoft.NET.Sdk\targets\Microsoft.NET.DesignerSupport.targets" projesindeki "DesignerRuntimeImplementationProjectOutputGroup" hedefi kullanılarak "C:\Program Files\dotnet\sdk\9.0.307\Microsoft.Common.CurrentVersion.targets" projesindeki "DesignerRuntimeImplementationProjectOutputGroup" hedefinin üzerine yazılıyor.
       "C:\Program Files\dotnet\sdk\9.0.307\Sdks\Microsoft.NET.Sdk\targets\Microsoft.NET.Publish.targets" projesindeki "Publish" hedefi kullanılarak "C:\Program Files\dotnet\sdk\9.0.307\Microsoft.Common.CurrentVersion.targets" projesindeki "Publish" hedefinin üzerine yazılıyor.
       "C:\Program Files\dotnet\sdk\9.0.307\Sdks\Microsoft.NET.Sdk\targets\Microsoft.NET.Publish.targets" projesindeki "ResolveReadyToRunCompilers" hedefi kullanılarak "C:\Program Files\dotnet\sdk\9.0.307\Sdks\Microsoft.NET.Sdk\targets\Microsoft.NET.CrossGen.targets" projesindeki "ResolveReadyToRunCompilers" hedefinin üzerine yazılıyor.
       "C:\Program Files\dotnet\sdk\9.0.307\Sdks\Microsoft.NET.Sdk\targets\Microsoft.NET.Publish.targets" projesindeki "GetCopyToPublishDirectoryItems" hedefi kullanılarak "C:\Program Files\dotnet\sdk\9.0.307\Microsoft.Common.CurrentVersion.targets" projesindeki "GetCopyToPublishDirectoryItems" hedefinin üzerine yazılıyor.
       "C:\Program Files\dotnet\sdk\9.0.307\Sdks\Microsoft.NET.Sdk.Publish\targets\Microsoft.NET.Sdk.Publish.targets" projesindeki "BeforePublish" hedefi kullanılarak "C:\Program Files\dotnet\sdk\9.0.307\Microsoft.Common.CurrentVersion.targets" projesindeki "BeforePublish" hedefinin üzerine yazılıyor.
       "C:\Program Files\dotnet\sdk\9.0.307\Sdks\Microsoft.NET.Sdk.Publish\targets\Microsoft.NET.Sdk.Publish.targets" projesindeki "AfterPublish" hedefi kullanılarak "C:\Program Files\dotnet\sdk\9.0.307\Microsoft.Common.CurrentVersion.targets" projesindeki "AfterPublish" hedefinin üzerine yazılıyor.
       "CollectUpToDateCheckInputDesignTime" konumundaki bir BeforeTargets özniteliğinde listelenen "C:\Program Files\dotnet\sdk\9.0.307\Sdks\Microsoft.NET.Sdk.StaticWebAssets\targets\Microsoft.NET.Sdk.StaticWebAssets.ScopedCss.targets (171,5)" hedefi projede yok ve göz ardı edilecek.
       "CollectUpToDateCheckBuiltDesignTime" konumundaki bir BeforeTargets özniteliğinde listelenen "C:\Program Files\dotnet\sdk\9.0.307\Sdks\Microsoft.NET.Sdk.StaticWebAssets\targets\Microsoft.NET.Sdk.StaticWebAssets.ScopedCss.targets (171,5)" hedefi projede yok ve göz ardı edilecek.
       "RazorGenerateComponentDeclaration" konumundaki bir AfterTargets özniteliğinde listelenen "C:\Program Files\dotnet\sdk\9.0.307\Sdks\Microsoft.NET.Sdk.Razor\targets\Microsoft.NET.Sdk.Razor.DesignTime.targets (55,53)" hedefi projede yok ve göz ardı edilecek.
     1>"C:\Users\alihe\OneDrive\Masaüstü\ForgeFlow Project\services\artifact\ForgeFlow.Artifact.Api\ForgeFlow.Artifact.Api.csproj" projesi (1) 1 düğümünde "C:\Users\alihe\OneDrive\Masaüstü\ForgeFlow Project\services\artifact\ForgeFlow.Artifact.Api\ForgeFlow.Artifact.Api.csproj" (1:2) oluşturuyor (_IsProjectRestoreSupported hedef).
   1:2>"C:\Users\alihe\OneDrive\Masaüstü\ForgeFlow Project\services\artifact\ForgeFlow.Artifact.Api\ForgeFlow.Artifact.Api.csproj" projesinin "C:\Program Files\dotnet\sdk\9.0.307\NuGet.targets" dosyasındaki "_IsProjectRestoreSupported" hedefi (giriş noktası):
   1:2>"ForgeFlow.Artifact.Api.csproj" projesinde "_IsProjectRestoreSupported" hedefini oluşturma tamamlandı.
   1:2>"C:\Users\alihe\OneDrive\Masaüstü\ForgeFlow Project\services\artifact\ForgeFlow.Artifact.Api\ForgeFlow.Artifact.Api.csproj" Projesini Oluşturma İşlemi Tamamlandı (_IsProjectRestoreSupported hedef).
     1>"MSBuild" görevini yürütme tamamlandı.
       Yanlış koşul nedeniyle "MSBuild" görevi atlandı; ( '$(RestoreUseSkipNonexistentTargets)' != 'true' ), ( 'true' != 'true' ) olarak değerlendirildi.
       Derleme TaskRun sırasında yüklendi: NuGet.Build.Tasks, Version=6.14.0.116, Culture=neutral, PublicKeyToken=31bf3856ad364e35 (konum: C:\Program Files\dotnet\sdk\9.0.307\NuGet.Build.Tasks.dll, MVID: c545d64d-0cbb-4fc0-971c-b5c1c1e75cf3, AssemblyLoadContext: MSBuild plugin C:\Program Files\dotnet\sdk\9.0.307\NuGet.Build.Tasks.dll)
       Derleme TaskRun sırasında yüklendi: NuGet.Common, Version=6.14.0.116, Culture=neutral, PublicKeyToken=31bf3856ad364e35 (konum: C:\Program Files\dotnet\sdk\9.0.307\NuGet.Common.dll, MVID: 0fbb79ae-e358-4591-bc91-e34371a3d05b, AssemblyLoadContext: MSBuild plugin C:\Program Files\dotnet\sdk\9.0.307\NuGet.Build.Tasks.dll)
       Derleme TaskRun sırasında yüklendi: NuGet.Commands, Version=6.14.0.116, Culture=neutral, PublicKeyToken=31bf3856ad364e35 (konum: C:\Program Files\dotnet\sdk\9.0.307\NuGet.Commands.dll, MVID: e743f127-1013-45a0-a669-058903e72acf, AssemblyLoadContext: MSBuild plugin C:\Program Files\dotnet\sdk\9.0.307\NuGet.Build.Tasks.dll)
       Derleme TaskRun sırasında yüklendi: NuGet.ProjectModel, Version=6.14.0.116, Culture=neutral, PublicKeyToken=31bf3856ad364e35 (konum: C:\Program Files\dotnet\sdk\9.0.307\NuGet.ProjectModel.dll, MVID: 08d0df58-191b-4580-9b46-c281ab5b9b36, AssemblyLoadContext: MSBuild plugin C:\Program Files\dotnet\sdk\9.0.307\NuGet.Build.Tasks.dll)
       "C:\Program Files\dotnet\sdk\9.0.307\NuGet.Build.Tasks.dll" derlemesindeki "WarnForInvalidProjectsTask" görevi kullanılıyor.
       "WarnForInvalidProjectsTask" görevi
       "WarnForInvalidProjectsTask" görevini yürütme tamamlandı.
     1>"ForgeFlow.Artifact.Api.csproj" projesinde "_FilterRestoreGraphProjectInputItems" hedefini oluşturma tamamlandı.
       "_FilterRestoreGraphProjectInputItems" hedefi atlandı. Önceden başarılı bir şekilde derlenmişti.
     1>"C:\Users\alihe\OneDrive\Masaüstü\ForgeFlow Project\services\artifact\ForgeFlow.Artifact.Api\ForgeFlow.Artifact.Api.csproj" projesinin "C:\Program Files\dotnet\sdk\9.0.307\NuGet.targets" dosyasındaki "_GetAllRestoreProjectPathItems" hedefi ("_GenerateRestoreGraph" hedefi buna bağımlı):
       "C:\Program Files\dotnet\sdk\9.0.307\NuGet.Build.Tasks.dll" derlemesindeki "NuGetMessageTask" görevi kullanılıyor.
       "NuGetMessageTask" görevi
         Derleme TaskRun (NuGet.Build.Tasks.NuGetMessageTask) sırasında yüklendi: NuGet.Build.Tasks.resources, Version=6.14.0.116, Culture=tr, PublicKeyToken=31bf3856ad364e35, processorArchitecture=MSIL (konum: C:\Program Files\dotnet\sdk\9.0.307\tr\NuGet.Build.Tasks.resources.dll, MVID: c94f20b1-e963-4ed2-bc4b-7c23e24da619, AssemblyLoadContext: MSBuild plugin C:\Program Files\dotnet\sdk\9.0.307\NuGet.Build.Tasks.dll)
         Geri yüklenecek projeler belirleniyor...
       "NuGetMessageTask" görevini yürütme tamamlandı.
       "MSBuild" görevi
         Genel Özellikler:
           ExcludeRestorePackageImports=true
     1>"C:\Users\alihe\OneDrive\Masaüstü\ForgeFlow Project\services\artifact\ForgeFlow.Artifact.Api\ForgeFlow.Artifact.Api.csproj" projesi (1) 1 düğümünde "C:\Users\alihe\OneDrive\Masaüstü\ForgeFlow Project\services\artifact\ForgeFlow.Artifact.Api\ForgeFlow.Artifact.Api.csproj" (1:3) oluşturuyor (_GenerateRestoreProjectPathWalk hedef).
   1:3>Yanlış koşul nedeniyle "_GenerateRestoreProjectPathItemsAllFrameworks" hedefi atlandı; ( '$(TargetFrameworks)' != '' ), ( '' != '' ) olarak değerlendirildi.
   1:3>"C:\Users\alihe\OneDrive\Masaüstü\ForgeFlow Project\services\artifact\ForgeFlow.Artifact.Api\ForgeFlow.Artifact.Api.csproj" projesinin "C:\Program Files\dotnet\sdk\9.0.307\NuGet.targets" dosyasındaki "_GenerateRestoreProjectPathItemsPerFramework" hedefi ("_GenerateRestoreProjectPathItemsCurrentProject" hedefi buna bağımlı):
       "Microsoft.Build.Tasks.Core, Version=15.1.0.0, Culture=neutral, PublicKeyToken=b03f5f7f11d50a3a" derlemesindeki "ConvertToAbsolutePath" görevi kullanılıyor.
       "ConvertToAbsolutePath" görevi
       "ConvertToAbsolutePath" görevini yürütme tamamlandı.
   1:3>"ForgeFlow.Artifact.Api.csproj" projesinde "_GenerateRestoreProjectPathItemsPerFramework" hedefini oluşturma tamamlandı.
   1:3>"C:\Users\alihe\OneDrive\Masaüstü\ForgeFlow Project\services\artifact\ForgeFlow.Artifact.Api\ForgeFlow.Artifact.Api.csproj" projesinin "C:\Program Files\dotnet\sdk\9.0.307\NuGet.targets" dosyasındaki "_GenerateRestoreProjectPathItemsCurrentProject" hedefi ("_GenerateRestoreProjectPathItems" hedefi buna bağımlı):
   1:3>"ForgeFlow.Artifact.Api.csproj" projesinde "_GenerateRestoreProjectPathItemsCurrentProject" hedefini oluşturma tamamlandı.
   1:3>"C:\Users\alihe\OneDrive\Masaüstü\ForgeFlow Project\services\artifact\ForgeFlow.Artifact.Api\ForgeFlow.Artifact.Api.csproj" projesinin "C:\Program Files\dotnet\sdk\9.0.307\NuGet.targets" dosyasındaki "_GenerateRestoreProjectPathItems" hedefi ("_GenerateRestoreProjectPathWalk" hedefi buna bağımlı):
       "RemoveDuplicates" görevi
       "RemoveDuplicates" görevini yürütme tamamlandı.
   1:3>"ForgeFlow.Artifact.Api.csproj" projesinde "_GenerateRestoreProjectPathItems" hedefini oluşturma tamamlandı.
   1:3>"C:\Users\alihe\OneDrive\Masaüstü\ForgeFlow Project\services\artifact\ForgeFlow.Artifact.Api\ForgeFlow.Artifact.Api.csproj" projesinin "C:\Program Files\dotnet\sdk\9.0.307\NuGet.targets" dosyasındaki "_GenerateRestoreProjectPathWalk" hedefi (giriş noktası):
       "MSBuild" görevi
         Genel Özellikler:
           ExcludeRestorePackageImports=true
     0>C:\Program Files\dotnet\sdk\9.0.307\Sdks\Microsoft.NET.Sdk\Sdk\Sdk.props(49,11): message : 'C:\Program Files\dotnet\sdk\9.0.307\' değerine sahip 'MSBuildExtensionsPath' özelliği ortamdan genişletildi.
       C:\Program Files\dotnet\sdk\9.0.307\Current\Microsoft.Common.props(60,5): message : Özellik yeniden ataması: $(MSBuildProjectExtensionsPath)="C:\Users\alihe\OneDrive\Masaüstü\ForgeFlow Project\contracts\ForgeFlow.Contracts\obj\" (önceki değer: "obj\") konum: C:\Program Files\dotnet\sdk\9.0.307\Current\Microsoft.Common.props (60,5)
       C:\Program Files\dotnet\sdk\9.0.307\Current\Microsoft.Common.props(84,119): message : 'C:\Users\alihe\AppData\Local\Microsoft\MSBuild' değerine sahip 'MSBuildUserExtensionsPath' özelliği ortamdan genişletildi.
       C:\Program Files\dotnet\sdk\9.0.307\Sdks\Microsoft.NET.Sdk\targets\Microsoft.NET.Sdk.props(90,5): message : Özellik yeniden ataması: $(AssemblySearchPaths)="{CandidateAssemblyFiles};{HintPathFromItem}" (önceki değer: "{CandidateAssemblyFiles}") konum: C:\Program Files\dotnet\sdk\9.0.307\Sdks\Microsoft.NET.Sdk\targets\Microsoft.NET.Sdk.props (90,5)
       C:\Program Files\dotnet\sdk\9.0.307\Sdks\Microsoft.NET.Sdk\targets\Microsoft.NET.Sdk.props(91,5): message : Özellik yeniden ataması: $(AssemblySearchPaths)="{CandidateAssemblyFiles};{HintPathFromItem};{TargetFrameworkDirectory}" (önceki değer: "{CandidateAssemblyFiles};{HintPathFromItem}") konum: C:\Program Files\dotnet\sdk\9.0.307\Sdks\Microsoft.NET.Sdk\targets\Microsoft.NET.Sdk.props (91,5)
       C:\Program Files\dotnet\sdk\9.0.307\Sdks\Microsoft.NET.Sdk\targets\Microsoft.NET.Sdk.props(92,5): message : Özellik yeniden ataması: $(AssemblySearchPaths)="{CandidateAssemblyFiles};{HintPathFromItem};{TargetFrameworkDirectory};{RawFileName}" (önceki değer: "{CandidateAssemblyFiles};{HintPathFromItem};{TargetFrameworkDirectory}") konum: C:\Program Files\dotnet\sdk\9.0.307\Sdks\Microsoft.NET.Sdk\targets\Microsoft.NET.Sdk.props (92,5)
       C:\Program Files\dotnet\sdk\9.0.307\Sdks\Microsoft.NET.Sdk\targets\Microsoft.NET.PackProjectTool.props(15,5): message : Özellik yeniden ataması: $(TargetsForTfmSpecificContentInPackage)=";PackTool;_PackProjectToolValidation" (önceki değer: ";PackTool") konum: C:\Program Files\dotnet\sdk\9.0.307\Sdks\Microsoft.NET.Sdk\targets\Microsoft.NET.PackProjectTool.props (15,5)
       C:\Program Files\dotnet\sdk\9.0.307\Sdks\Microsoft.NET.Sdk\targets\Microsoft.NET.Sdk.ImportPublishProfile.targets(28,5): message : Özellik yeniden ataması: $(PublishProfileImported)="false" (önceki değer: "true") konum: C:\Program Files\dotnet\sdk\9.0.307\Sdks\Microsoft.NET.Sdk\targets\Microsoft.NET.Sdk.ImportPublishProfile.targets (28,5)
       C:\Program Files\dotnet\sdk\9.0.307\Sdks\Microsoft.NET.Sdk\targets\Microsoft.NET.TargetFrameworkInference.targets(69,5): message : Özellik yeniden ataması: $(TargetPlatformVersion)="" (önceki değer: "0.0") konum: C:\Program Files\dotnet\sdk\9.0.307\Sdks\Microsoft.NET.Sdk\targets\Microsoft.NET.TargetFrameworkInference.targets (69,5)
       C:\Program Files\dotnet\sdk\9.0.307\Sdks\Microsoft.NET.Sdk\targets\Microsoft.NET.DefaultOutputPaths.targets(122,5): message : Özellik yeniden ataması: $(DefaultItemExcludes)=";bin\Debug\/**;obj\Debug\/**" (önceki değer: ";bin\Debug\/**") konum: C:\Program Files\dotnet\sdk\9.0.307\Sdks\Microsoft.NET.Sdk\targets\Microsoft.NET.DefaultOutputPaths.targets (122,5)
       C:\Program Files\dotnet\sdk\9.0.307\Sdks\Microsoft.NET.Sdk\targets\Microsoft.NET.DefaultOutputPaths.targets(137,5): message : Özellik yeniden ataması: $(OutputPath)="bin\Debug\net8.0\" (önceki değer: "bin\Debug\") konum: C:\Program Files\dotnet\sdk\9.0.307\Sdks\Microsoft.NET.Sdk\targets\Microsoft.NET.DefaultOutputPaths.targets (137,5)
       C:\Program Files\dotnet\sdk\9.0.307\Sdks\Microsoft.NET.Sdk\targets\Microsoft.NET.DefaultOutputPaths.targets(142,5): message : Özellik yeniden ataması: $(IntermediateOutputPath)="obj\Debug\net8.0\" (önceki değer: "obj\Debug\") konum: C:\Program Files\dotnet\sdk\9.0.307\Sdks\Microsoft.NET.Sdk\targets\Microsoft.NET.DefaultOutputPaths.targets (142,5)
       C:\Program Files\dotnet\sdk\9.0.307\Sdks\Microsoft.NET.Sdk\targets\Microsoft.NET.Sdk.BeforeCommon.targets(187,5): message : Özellik yeniden ataması: $(_FrameworkIdentifierForImplicitDefine)="NET" (önceki değer: "NETCOREAPP") konum: C:\Program Files\dotnet\sdk\9.0.307\Sdks\Microsoft.NET.Sdk\targets\Microsoft.NET.Sdk.BeforeCommon.targets (187,5)
       C:\Program Files\dotnet\sdk\9.0.307\Sdks\Microsoft.NET.Sdk\targets\Microsoft.NET.Sdk.BeforeCommon.targets(192,5): message : Özellik yeniden ataması: $(_FrameworkVersionForImplicitDefine)="8_0" (önceki değer: "8.0") konum: C:\Program Files\dotnet\sdk\9.0.307\Sdks\Microsoft.NET.Sdk\targets\Microsoft.NET.Sdk.BeforeCommon.targets (192,5)
       C:\Program Files\dotnet\sdk\9.0.307\Roslyn\Microsoft.CSharp.Core.targets(200,5): message : Özellik yeniden ataması: $(CommandLineArgsForDesignTimeEvaluation)="-langversion:12.0 -define:TRACE" (önceki değer: "-langversion:12.0") konum: C:\Program Files\dotnet\sdk\9.0.307\Roslyn\Microsoft.CSharp.Core.targets (200,5)
       C:\Program Files\dotnet\sdk\9.0.307\Microsoft.Common.CurrentVersion.targets(175,5): message : Özellik yeniden ataması: $(_DebugSymbolsProduced)="true" (önceki değer: "false") konum: C:\Program Files\dotnet\sdk\9.0.307\Microsoft.Common.CurrentVersion.targets (175,5)
       C:\Program Files\dotnet\sdk\9.0.307\Microsoft.Common.CurrentVersion.targets(185,5): message : Özellik yeniden ataması: $(_DocumentationFileProduced)="false" (önceki değer: "true") konum: C:\Program Files\dotnet\sdk\9.0.307\Microsoft.Common.CurrentVersion.targets (185,5)
       C:\Program Files\dotnet\sdk\9.0.307\Microsoft.Common.CurrentVersion.targets(392,5): message : Özellik yeniden ataması: $(MSBuildCopyMarkerName)="ForgeFlo.C509771C" (önceki değer: "ForgeFlow.Contracts.csproj") konum: C:\Program Files\dotnet\sdk\9.0.307\Microsoft.Common.CurrentVersion.targets (392,5)
       C:\Program Files\dotnet\sdk\9.0.307\Microsoft.Common.CurrentVersion.targets(393,5): message : Özellik yeniden ataması: $(MSBuildCopyMarkerName)="ForgeFlo.C509771C.Up2Date" (önceki değer: "ForgeFlo.C509771C") konum: C:\Program Files\dotnet\sdk\9.0.307\Microsoft.Common.CurrentVersion.targets (393,5)
       C:\Program Files\dotnet\sdk\9.0.307\Microsoft.Common.CurrentVersion.targets(541,5): message : Özellik yeniden ataması: $(ProcessorArchitecture)="msil" (önceki değer: "") konum: C:\Program Files\dotnet\sdk\9.0.307\Microsoft.Common.CurrentVersion.targets (541,5)
       C:\Program Files\dotnet\sdk\9.0.307\Microsoft.Common.CurrentVersion.targets(580,5): message : Özellik yeniden ataması: $(DelaySign)="" (önceki değer: "false") konum: C:\Program Files\dotnet\sdk\9.0.307\Microsoft.Common.CurrentVersion.targets (580,5)
       C:\Program Files\dotnet\sdk\9.0.307\Microsoft.Common.CurrentVersion.targets(2619,5): message : 'C:\Users\alihe\AppData\Local' değerine sahip 'LOCALAPPDATA' özelliği ortamdan genişletildi.
       C:\Program Files\dotnet\sdk\9.0.307\Microsoft.Common.CurrentVersion.targets(3947,5): message : Özellik yeniden ataması: $(_SGenGenerateSerializationAssembliesConfig)="Auto" (önceki değer: "") konum: C:\Program Files\dotnet\sdk\9.0.307\Microsoft.Common.CurrentVersion.targets (3947,5)
       C:\Program Files\dotnet\sdk\9.0.307\Microsoft.Common.CurrentVersion.targets(3948,5): message : Özellik yeniden ataması: $(_SGenGenerateSerializationAssembliesConfig)="Off" (önceki değer: "Auto") konum: C:\Program Files\dotnet\sdk\9.0.307\Microsoft.Common.CurrentVersion.targets (3948,5)
       C:\Program Files\dotnet\sdk\9.0.307\Microsoft.Common.CurrentVersion.targets(5159,5): message : Özellik yeniden ataması: $(_TargetsThatPrepareProjectReferences)="
       C:\Program Files\dotnet\sdk\9.0.307\Microsoft.Common.CurrentVersion.targets(5159,5): message :       AssignProjectConfiguration;
       C:\Program Files\dotnet\sdk\9.0.307\Microsoft.Common.CurrentVersion.targets(5159,5): message :       _SplitProjectReferencesByFileExistence
       C:\Program Files\dotnet\sdk\9.0.307\Microsoft.Common.CurrentVersion.targets(5159,5): message :     " (önceki değer: "_SplitProjectReferencesByFileExistence") konum: C:\Program Files\dotnet\sdk\9.0.307\Microsoft.Common.CurrentVersion.targets (5159,5)
       C:\Program Files\dotnet\sdk\9.0.307\Microsoft.Common.CurrentVersion.targets(6954,5): message : 'C:\Program Files\dotnet\sdk\9.0.307' değerine sahip 'MSBuildExtensionsPath32' özelliği ortamdan genişletildi.
       C:\Program Files\dotnet\sdk\9.0.307\Sdks\Microsoft.NET.Sdk\targets\Microsoft.PackageDependencyResolution.targets(24,5): message : Özellik yeniden ataması: $(ProjectAssetsFile)="C:\Users\alihe\OneDrive\Masaüstü\ForgeFlow Project\contracts\ForgeFlow.Contracts\obj\project.assets.json" (önceki değer: "C:\Users\alihe\OneDrive\Masaüstü\ForgeFlow Project\contracts\ForgeFlow.Contracts\obj\/project.assets.json") konum: C:\Program Files\dotnet\sdk\9.0.307\Sdks\Microsoft.NET.Sdk\targets\Microsoft.PackageDependencyResolution.targets (24,5)
       C:\Program Files\dotnet\sdk\9.0.307\Sdks\Microsoft.NET.Sdk\targets\Microsoft.PackageDependencyResolution.targets(29,5): message : Özellik yeniden ataması: $(ProjectAssetsCacheFile)="C:\Users\alihe\OneDrive\Masaüstü\ForgeFlow Project\contracts\ForgeFlow.Contracts\obj\Debug\net8.0\ForgeFlow.Contracts.assets.cache" (önceki değer: "obj\Debug\net8.0\ForgeFlow.Contracts.assets.cache") konum: C:\Program Files\dotnet\sdk\9.0.307\Sdks\Microsoft.NET.Sdk\targets\Microsoft.PackageDependencyResolution.targets (29,5)
       C:\Program Files\dotnet\sdk\9.0.307\Sdks\Microsoft.NET.Sdk\targets\Microsoft.PackageDependencyResolution.targets(80,5): message : Özellik yeniden ataması: $(ResolveAssemblyReferencesDependsOn)="
       C:\Program Files\dotnet\sdk\9.0.307\Sdks\Microsoft.NET.Sdk\targets\Microsoft.PackageDependencyResolution.targets(80,5): message :       
       C:\Program Files\dotnet\sdk\9.0.307\Sdks\Microsoft.NET.Sdk\targets\Microsoft.PackageDependencyResolution.targets(80,5): message :       ResolveProjectReferences;
       C:\Program Files\dotnet\sdk\9.0.307\Sdks\Microsoft.NET.Sdk\targets\Microsoft.PackageDependencyResolution.targets(80,5): message :       FindInvalidProjectReferences;
       C:\Program Files\dotnet\sdk\9.0.307\Sdks\Microsoft.NET.Sdk\targets\Microsoft.PackageDependencyResolution.targets(80,5): message :       GetFrameworkPaths;
       C:\Program Files\dotnet\sdk\9.0.307\Sdks\Microsoft.NET.Sdk\targets\Microsoft.PackageDependencyResolution.targets(80,5): message :       GetReferenceAssemblyPaths;
       C:\Program Files\dotnet\sdk\9.0.307\Sdks\Microsoft.NET.Sdk\targets\Microsoft.PackageDependencyResolution.targets(80,5): message :       PrepareForBuild;
       C:\Program Files\dotnet\sdk\9.0.307\Sdks\Microsoft.NET.Sdk\targets\Microsoft.PackageDependencyResolution.targets(80,5): message :       ResolveSDKReferences;
       C:\Program Files\dotnet\sdk\9.0.307\Sdks\Microsoft.NET.Sdk\targets\Microsoft.PackageDependencyResolution.targets(80,5): message :       ExpandSDKReferences;
       C:\Program Files\dotnet\sdk\9.0.307\Sdks\Microsoft.NET.Sdk\targets\Microsoft.PackageDependencyResolution.targets(80,5): message :     ;
       C:\Program Files\dotnet\sdk\9.0.307\Sdks\Microsoft.NET.Sdk\targets\Microsoft.PackageDependencyResolution.targets(80,5): message :       ResolvePackageDependenciesForBuild;
       C:\Program Files\dotnet\sdk\9.0.307\Sdks\Microsoft.NET.Sdk\targets\Microsoft.PackageDependencyResolution.targets(80,5): message :       _HandlePackageFileConflicts;
       C:\Program Files\dotnet\sdk\9.0.307\Sdks\Microsoft.NET.Sdk\targets\Microsoft.PackageDependencyResolution.targets(80,5): message :     " (önceki değer: "
       C:\Program Files\dotnet\sdk\9.0.307\Sdks\Microsoft.NET.Sdk\targets\Microsoft.PackageDependencyResolution.targets(80,5): message :       ResolveProjectReferences;
       C:\Program Files\dotnet\sdk\9.0.307\Sdks\Microsoft.NET.Sdk\targets\Microsoft.PackageDependencyResolution.targets(80,5): message :       FindInvalidProjectReferences;
       C:\Program Files\dotnet\sdk\9.0.307\Sdks\Microsoft.NET.Sdk\targets\Microsoft.PackageDependencyResolution.targets(80,5): message :       GetFrameworkPaths;
       C:\Program Files\dotnet\sdk\9.0.307\Sdks\Microsoft.NET.Sdk\targets\Microsoft.PackageDependencyResolution.targets(80,5): message :       GetReferenceAssemblyPaths;
       C:\Program Files\dotnet\sdk\9.0.307\Sdks\Microsoft.NET.Sdk\targets\Microsoft.PackageDependencyResolution.targets(80,5): message :       PrepareForBuild;
       C:\Program Files\dotnet\sdk\9.0.307\Sdks\Microsoft.NET.Sdk\targets\Microsoft.PackageDependencyResolution.targets(80,5): message :       ResolveSDKReferences;
       C:\Program Files\dotnet\sdk\9.0.307\Sdks\Microsoft.NET.Sdk\targets\Microsoft.PackageDependencyResolution.targets(80,5): message :       ExpandSDKReferences;
       C:\Program Files\dotnet\sdk\9.0.307\Sdks\Microsoft.NET.Sdk\targets\Microsoft.PackageDependencyResolution.targets(80,5): message :     ") konum: C:\Program Files\dotnet\sdk\9.0.307\Sdks\Microsoft.NET.Sdk\targets\Microsoft.PackageDependencyResolution.targets (80,5)
       C:\Program Files\dotnet\sdk\9.0.307\Sdks\Microsoft.NET.Sdk\targets\Microsoft.PackageDependencyResolution.targets(86,5): message : Özellik yeniden ataması: $(PrepareResourcesDependsOn)="
       C:\Program Files\dotnet\sdk\9.0.307\Sdks\Microsoft.NET.Sdk\targets\Microsoft.PackageDependencyResolution.targets(86,5): message :       ResolvePackageDependenciesForBuild;
       C:\Program Files\dotnet\sdk\9.0.307\Sdks\Microsoft.NET.Sdk\targets\Microsoft.PackageDependencyResolution.targets(86,5): message :       _HandlePackageFileConflicts;
       C:\Program Files\dotnet\sdk\9.0.307\Sdks\Microsoft.NET.Sdk\targets\Microsoft.PackageDependencyResolution.targets(86,5): message :       
       C:\Program Files\dotnet\sdk\9.0.307\Sdks\Microsoft.NET.Sdk\targets\Microsoft.PackageDependencyResolution.targets(86,5): message :       ;
       C:\Program Files\dotnet\sdk\9.0.307\Sdks\Microsoft.NET.Sdk\targets\Microsoft.PackageDependencyResolution.targets(86,5): message :       PrepareResourceNames;
       C:\Program Files\dotnet\sdk\9.0.307\Sdks\Microsoft.NET.Sdk\targets\Microsoft.PackageDependencyResolution.targets(86,5): message :       ResGen;
       C:\Program Files\dotnet\sdk\9.0.307\Sdks\Microsoft.NET.Sdk\targets\Microsoft.PackageDependencyResolution.targets(86,5): message :       CompileLicxFiles
       C:\Program Files\dotnet\sdk\9.0.307\Sdks\Microsoft.NET.Sdk\targets\Microsoft.PackageDependencyResolution.targets(86,5): message :     
       C:\Program Files\dotnet\sdk\9.0.307\Sdks\Microsoft.NET.Sdk\targets\Microsoft.PackageDependencyResolution.targets(86,5): message :     " (önceki değer: "
       C:\Program Files\dotnet\sdk\9.0.307\Sdks\Microsoft.NET.Sdk\targets\Microsoft.PackageDependencyResolution.targets(86,5): message :       ;
       C:\Program Files\dotnet\sdk\9.0.307\Sdks\Microsoft.NET.Sdk\targets\Microsoft.PackageDependencyResolution.targets(86,5): message :       PrepareResourceNames;
       C:\Program Files\dotnet\sdk\9.0.307\Sdks\Microsoft.NET.Sdk\targets\Microsoft.PackageDependencyResolution.targets(86,5): message :       ResGen;
       C:\Program Files\dotnet\sdk\9.0.307\Sdks\Microsoft.NET.Sdk\targets\Microsoft.PackageDependencyResolution.targets(86,5): message :       CompileLicxFiles
       C:\Program Files\dotnet\sdk\9.0.307\Sdks\Microsoft.NET.Sdk\targets\Microsoft.PackageDependencyResolution.targets(86,5): message :     ") konum: C:\Program Files\dotnet\sdk\9.0.307\Sdks\Microsoft.NET.Sdk\targets\Microsoft.PackageDependencyResolution.targets (86,5)
       C:\Program Files\dotnet\sdk\9.0.307\Sdks\Microsoft.NET.Sdk\targets\Microsoft.NET.Sdk.DefaultItems.targets(27,5): message : Özellik yeniden ataması: $(DefaultItemExcludes)=";bin\Debug\/**;obj\Debug\/**;bin\/**" (önceki değer: ";bin\Debug\/**;obj\Debug\/**") konum: C:\Program Files\dotnet\sdk\9.0.307\Sdks\Microsoft.NET.Sdk\targets\Microsoft.NET.Sdk.DefaultItems.targets (27,5)
       C:\Program Files\dotnet\sdk\9.0.307\Sdks\Microsoft.NET.Sdk\targets\Microsoft.NET.Sdk.DefaultItems.targets(29,5): message : Özellik yeniden ataması: $(DefaultItemExcludes)=";bin\Debug\/**;obj\Debug\/**;bin\/**;obj\/**" (önceki değer: ";bin\Debug\/**;obj\Debug\/**;bin\/**") konum: C:\Program Files\dotnet\sdk\9.0.307\Sdks\Microsoft.NET.Sdk\targets\Microsoft.NET.Sdk.DefaultItems.targets (29,5)
       C:\Program Files\dotnet\sdk\9.0.307\Sdks\Microsoft.NET.Sdk\targets\Microsoft.NET.Sdk.DefaultItems.targets(32,5): message : Özellik yeniden ataması: $(DefaultItemExcludes)=";bin\Debug\/**;obj\Debug\/**;bin\/**;obj\/**;**/*.user" (önceki değer: ";bin\Debug\/**;obj\Debug\/**;bin\/**;obj\/**") konum: C:\Program Files\dotnet\sdk\9.0.307\Sdks\Microsoft.NET.Sdk\targets\Microsoft.NET.Sdk.DefaultItems.targets (32,5)
       C:\Program Files\dotnet\sdk\9.0.307\Sdks\Microsoft.NET.Sdk\targets\Microsoft.NET.Sdk.DefaultItems.targets(33,5): message : Özellik yeniden ataması: $(DefaultItemExcludes)=";bin\Debug\/**;obj\Debug\/**;bin\/**;obj\/**;**/*.user;**/*.*proj" (önceki değer: ";bin\Debug\/**;obj\Debug\/**;bin\/**;obj\/**;**/*.user") konum: C:\Program Files\dotnet\sdk\9.0.307\Sdks\Microsoft.NET.Sdk\targets\Microsoft.NET.Sdk.DefaultItems.targets (33,5)
       C:\Program Files\dotnet\sdk\9.0.307\Sdks\Microsoft.NET.Sdk\targets\Microsoft.NET.Sdk.DefaultItems.targets(34,5): message : Özellik yeniden ataması: $(DefaultItemExcludes)=";bin\Debug\/**;obj\Debug\/**;bin\/**;obj\/**;**/*.user;**/*.*proj;**/*.sln" (önceki değer: ";bin\Debug\/**;obj\Debug\/**;bin\/**;obj\/**;**/*.user;**/*.*proj") konum: C:\Program Files\dotnet\sdk\9.0.307\Sdks\Microsoft.NET.Sdk\targets\Microsoft.NET.Sdk.DefaultItems.targets (34,5)
       C:\Program Files\dotnet\sdk\9.0.307\Sdks\Microsoft.NET.Sdk\targets\Microsoft.NET.Sdk.DefaultItems.targets(35,5): message : Özellik yeniden ataması: $(DefaultItemExcludes)=";bin\Debug\/**;obj\Debug\/**;bin\/**;obj\/**;**/*.user;**/*.*proj;**/*.sln;**/*.slnx" (önceki değer: ";bin\Debug\/**;obj\Debug\/**;bin\/**;obj\/**;**/*.user;**/*.*proj;**/*.sln") konum: C:\Program Files\dotnet\sdk\9.0.307\Sdks\Microsoft.NET.Sdk\targets\Microsoft.NET.Sdk.DefaultItems.targets (35,5)
       C:\Program Files\dotnet\sdk\9.0.307\Sdks\Microsoft.NET.Sdk\targets\Microsoft.NET.Sdk.DefaultItems.targets(36,5): message : Özellik yeniden ataması: $(DefaultItemExcludes)=";bin\Debug\/**;obj\Debug\/**;bin\/**;obj\/**;**/*.user;**/*.*proj;**/*.sln;**/*.slnx;**/*.vssscc" (önceki değer: ";bin\Debug\/**;obj\Debug\/**;bin\/**;obj\/**;**/*.user;**/*.*proj;**/*.sln;**/*.slnx") konum: C:\Program Files\dotnet\sdk\9.0.307\Sdks\Microsoft.NET.Sdk\targets\Microsoft.NET.Sdk.DefaultItems.targets (36,5)
       C:\Program Files\dotnet\sdk\9.0.307\Sdks\Microsoft.NET.Sdk\targets\Microsoft.NET.Sdk.DefaultItems.targets(37,5): message : Özellik yeniden ataması: $(DefaultItemExcludes)=";bin\Debug\/**;obj\Debug\/**;bin\/**;obj\/**;**/*.user;**/*.*proj;**/*.sln;**/*.slnx;**/*.vssscc;**/.DS_Store" (önceki değer: ";bin\Debug\/**;obj\Debug\/**;bin\/**;obj\/**;**/*.user;**/*.*proj;**/*.sln;**/*.slnx;**/*.vssscc") konum: C:\Program Files\dotnet\sdk\9.0.307\Sdks\Microsoft.NET.Sdk\targets\Microsoft.NET.Sdk.DefaultItems.targets (37,5)
       C:\Program Files\dotnet\sdk\9.0.307\Sdks\Microsoft.NET.Sdk\targets\Microsoft.NET.Sdk.FrameworkReferenceResolution.targets(14,5): message : Özellik yeniden ataması: $(ResolveAssemblyReferencesDependsOn)="
       C:\Program Files\dotnet\sdk\9.0.307\Sdks\Microsoft.NET.Sdk\targets\Microsoft.NET.Sdk.FrameworkReferenceResolution.targets(14,5): message :       
       C:\Program Files\dotnet\sdk\9.0.307\Sdks\Microsoft.NET.Sdk\targets\Microsoft.NET.Sdk.FrameworkReferenceResolution.targets(14,5): message :       
       C:\Program Files\dotnet\sdk\9.0.307\Sdks\Microsoft.NET.Sdk\targets\Microsoft.NET.Sdk.FrameworkReferenceResolution.targets(14,5): message :       ResolveProjectReferences;
       C:\Program Files\dotnet\sdk\9.0.307\Sdks\Microsoft.NET.Sdk\targets\Microsoft.NET.Sdk.FrameworkReferenceResolution.targets(14,5): message :       FindInvalidProjectReferences;
       C:\Program Files\dotnet\sdk\9.0.307\Sdks\Microsoft.NET.Sdk\targets\Microsoft.NET.Sdk.FrameworkReferenceResolution.targets(14,5): message :       GetFrameworkPaths;
       C:\Program Files\dotnet\sdk\9.0.307\Sdks\Microsoft.NET.Sdk\targets\Microsoft.NET.Sdk.FrameworkReferenceResolution.targets(14,5): message :       GetReferenceAssemblyPaths;
       C:\Program Files\dotnet\sdk\9.0.307\Sdks\Microsoft.NET.Sdk\targets\Microsoft.NET.Sdk.FrameworkReferenceResolution.targets(14,5): message :       PrepareForBuild;
       C:\Program Files\dotnet\sdk\9.0.307\Sdks\Microsoft.NET.Sdk\targets\Microsoft.NET.Sdk.FrameworkReferenceResolution.targets(14,5): message :       ResolveSDKReferences;
       C:\Program Files\dotnet\sdk\9.0.307\Sdks\Microsoft.NET.Sdk\targets\Microsoft.NET.Sdk.FrameworkReferenceResolution.targets(14,5): message :       ExpandSDKReferences;
       C:\Program Files\dotnet\sdk\9.0.307\Sdks\Microsoft.NET.Sdk\targets\Microsoft.NET.Sdk.FrameworkReferenceResolution.targets(14,5): message :     ;
       C:\Program Files\dotnet\sdk\9.0.307\Sdks\Microsoft.NET.Sdk\targets\Microsoft.NET.Sdk.FrameworkReferenceResolution.targets(14,5): message :       ResolvePackageDependenciesForBuild;
       C:\Program Files\dotnet\sdk\9.0.307\Sdks\Microsoft.NET.Sdk\targets\Microsoft.NET.Sdk.FrameworkReferenceResolution.targets(14,5): message :       _HandlePackageFileConflicts;
       C:\Program Files\dotnet\sdk\9.0.307\Sdks\Microsoft.NET.Sdk\targets\Microsoft.NET.Sdk.FrameworkReferenceResolution.targets(14,5): message :     ;
       C:\Program Files\dotnet\sdk\9.0.307\Sdks\Microsoft.NET.Sdk\targets\Microsoft.NET.Sdk.FrameworkReferenceResolution.targets(14,5): message :       ResolveTargetingPackAssets;
       C:\Program Files\dotnet\sdk\9.0.307\Sdks\Microsoft.NET.Sdk\targets\Microsoft.NET.Sdk.FrameworkReferenceResolution.targets(14,5): message :     " (önceki değer: "
       C:\Program Files\dotnet\sdk\9.0.307\Sdks\Microsoft.NET.Sdk\targets\Microsoft.NET.Sdk.FrameworkReferenceResolution.targets(14,5): message :       
       C:\Program Files\dotnet\sdk\9.0.307\Sdks\Microsoft.NET.Sdk\targets\Microsoft.NET.Sdk.FrameworkReferenceResolution.targets(14,5): message :       ResolveProjectReferences;
       C:\Program Files\dotnet\sdk\9.0.307\Sdks\Microsoft.NET.Sdk\targets\Microsoft.NET.Sdk.FrameworkReferenceResolution.targets(14,5): message :       FindInvalidProjectReferences;
       C:\Program Files\dotnet\sdk\9.0.307\Sdks\Microsoft.NET.Sdk\targets\Microsoft.NET.Sdk.FrameworkReferenceResolution.targets(14,5): message :       GetFrameworkPaths;
       C:\Program Files\dotnet\sdk\9.0.307\Sdks\Microsoft.NET.Sdk\targets\Microsoft.NET.Sdk.FrameworkReferenceResolution.targets(14,5): message :       GetReferenceAssemblyPaths;
       C:\Program Files\dotnet\sdk\9.0.307\Sdks\Microsoft.NET.Sdk\targets\Microsoft.NET.Sdk.FrameworkReferenceResolution.targets(14,5): message :       PrepareForBuild;
       C:\Program Files\dotnet\sdk\9.0.307\Sdks\Microsoft.NET.Sdk\targets\Microsoft.NET.Sdk.FrameworkReferenceResolution.targets(14,5): message :       ResolveSDKReferences;
       C:\Program Files\dotnet\sdk\9.0.307\Sdks\Microsoft.NET.Sdk\targets\Microsoft.NET.Sdk.FrameworkReferenceResolution.targets(14,5): message :       ExpandSDKReferences;
       C:\Program Files\dotnet\sdk\9.0.307\Sdks\Microsoft.NET.Sdk\targets\Microsoft.NET.Sdk.FrameworkReferenceResolution.targets(14,5): message :     ;
       C:\Program Files\dotnet\sdk\9.0.307\Sdks\Microsoft.NET.Sdk\targets\Microsoft.NET.Sdk.FrameworkReferenceResolution.targets(14,5): message :       ResolvePackageDependenciesForBuild;
       C:\Program Files\dotnet\sdk\9.0.307\Sdks\Microsoft.NET.Sdk\targets\Microsoft.NET.Sdk.FrameworkReferenceResolution.targets(14,5): message :       _HandlePackageFileConflicts;
       C:\Program Files\dotnet\sdk\9.0.307\Sdks\Microsoft.NET.Sdk\targets\Microsoft.NET.Sdk.FrameworkReferenceResolution.targets(14,5): message :     ") konum: C:\Program Files\dotnet\sdk\9.0.307\Sdks\Microsoft.NET.Sdk\targets\Microsoft.NET.Sdk.FrameworkReferenceResolution.targets (14,5)
       C:\Program Files\dotnet\sdk\9.0.307\Sdks\Microsoft.NET.Sdk\targets\Microsoft.NET.Sdk.targets(44,5): message : Özellik yeniden ataması: $(_GenerateRuntimeConfigurationPropertyInputsCache)="C:\Users\alihe\OneDrive\Masaüstü\ForgeFlow Project\contracts\ForgeFlow.Contracts\obj\Debug\net8.0\ForgeFlow.Contracts.genruntimeconfig.cache" (önceki değer: "obj\Debug\net8.0\ForgeFlow.Contracts.genruntimeconfig.cache") konum: C:\Program Files\dotnet\sdk\9.0.307\Sdks\Microsoft.NET.Sdk\targets\Microsoft.NET.Sdk.targets (44,5)
       C:\Program Files\dotnet\sdk\9.0.307\Sdks\Microsoft.NET.Sdk\targets\Microsoft.NET.Sdk.targets(46,5): message : Özellik yeniden ataması: $(_GeneratePublishDependencyFilePropertyInputsCache)="C:\Users\alihe\OneDrive\Masaüstü\ForgeFlow Project\contracts\ForgeFlow.Contracts\obj\Debug\net8.0\ForgeFlow.Contracts.genpublishdeps.cache" (önceki değer: "obj\Debug\net8.0\ForgeFlow.Contracts.genpublishdeps.cache") konum: C:\Program Files\dotnet\sdk\9.0.307\Sdks\Microsoft.NET.Sdk\targets\Microsoft.NET.Sdk.targets (46,5)
       C:\Program Files\dotnet\sdk\9.0.307\Sdks\Microsoft.NET.Sdk\targets\Microsoft.NET.Sdk.targets(48,5): message : Özellik yeniden ataması: $(_GenerateSingleFileBundlePropertyInputsCache)="C:\Users\alihe\OneDrive\Masaüstü\ForgeFlow Project\contracts\ForgeFlow.Contracts\obj\Debug\net8.0\ForgeFlow.Contracts.genbundle.cache" (önceki değer: "obj\Debug\net8.0\ForgeFlow.Contracts.genbundle.cache") konum: C:\Program Files\dotnet\sdk\9.0.307\Sdks\Microsoft.NET.Sdk\targets\Microsoft.NET.Sdk.targets (48,5)
       C:\Program Files\dotnet\sdk\9.0.307\Sdks\Microsoft.NET.Sdk\targets\Microsoft.NET.Sdk.targets(81,5): message : Özellik yeniden ataması: $(GenerateRuntimeConfigDevFile)="false" (önceki değer: "true") konum: C:\Program Files\dotnet\sdk\9.0.307\Sdks\Microsoft.NET.Sdk\targets\Microsoft.NET.Sdk.targets (81,5)
       C:\Program Files\dotnet\sdk\9.0.307\Sdks\Microsoft.NET.Sdk\targets\Microsoft.NET.Sdk.targets(97,5): message : 'C:\Users\alihe' değerine sahip 'USERPROFILE' özelliği ortamdan genişletildi.
       C:\Program Files\dotnet\sdk\9.0.307\Sdks\Microsoft.NET.Sdk\targets\Microsoft.NET.Sdk.targets(97,5): message : Özellik yeniden ataması: $(_DefaultUserProfileRuntimeStorePath)="C:\Users\alihe" (önceki değer: "") konum: C:\Program Files\dotnet\sdk\9.0.307\Sdks\Microsoft.NET.Sdk\targets\Microsoft.NET.Sdk.targets (97,5)
       C:\Program Files\dotnet\sdk\9.0.307\Sdks\Microsoft.NET.Sdk\targets\Microsoft.NET.Sdk.targets(98,5): message : Özellik yeniden ataması: $(_DefaultUserProfileRuntimeStorePath)="C:\Users\alihe\.dotnet\store" (önceki değer: "C:\Users\alihe") konum: C:\Program Files\dotnet\sdk\9.0.307\Sdks\Microsoft.NET.Sdk\targets\Microsoft.NET.Sdk.targets (98,5)
       C:\Program Files\dotnet\sdk\9.0.307\Sdks\Microsoft.NET.Sdk\targets\Microsoft.NET.Sdk.targets(140,5): message : Özellik yeniden ataması: $(AvailablePlatforms)="Any CPU,x86,x64,ARM32" (önceki değer: "Any CPU,x86,x64") konum: C:\Program Files\dotnet\sdk\9.0.307\Sdks\Microsoft.NET.Sdk\targets\Microsoft.NET.Sdk.targets (140,5)
       C:\Program Files\dotnet\sdk\9.0.307\Sdks\Microsoft.NET.Sdk\targets\Microsoft.NET.Sdk.targets(144,5): message : Özellik yeniden ataması: $(AvailablePlatforms)="Any CPU,x86,x64,ARM32,ARM64" (önceki değer: "Any CPU,x86,x64,ARM32") konum: C:\Program Files\dotnet\sdk\9.0.307\Sdks\Microsoft.NET.Sdk\targets\Microsoft.NET.Sdk.targets (144,5)
       C:\Program Files\dotnet\sdk\9.0.307\Sdks\Microsoft.NET.Sdk\targets\Microsoft.NET.Sdk.targets(201,5): message : Özellik yeniden ataması: $(CoreBuildDependsOn)="
       C:\Program Files\dotnet\sdk\9.0.307\Sdks\Microsoft.NET.Sdk\targets\Microsoft.NET.Sdk.targets(201,5): message :       _CheckForBuildWithNoBuild;
       C:\Program Files\dotnet\sdk\9.0.307\Sdks\Microsoft.NET.Sdk\targets\Microsoft.NET.Sdk.targets(201,5): message :       
       C:\Program Files\dotnet\sdk\9.0.307\Sdks\Microsoft.NET.Sdk\targets\Microsoft.NET.Sdk.targets(201,5): message :       BuildOnlySettings;
       C:\Program Files\dotnet\sdk\9.0.307\Sdks\Microsoft.NET.Sdk\targets\Microsoft.NET.Sdk.targets(201,5): message :       PrepareForBuild;
       C:\Program Files\dotnet\sdk\9.0.307\Sdks\Microsoft.NET.Sdk\targets\Microsoft.NET.Sdk.targets(201,5): message :       PreBuildEvent;
       C:\Program Files\dotnet\sdk\9.0.307\Sdks\Microsoft.NET.Sdk\targets\Microsoft.NET.Sdk.targets(201,5): message :       ResolveReferences;
       C:\Program Files\dotnet\sdk\9.0.307\Sdks\Microsoft.NET.Sdk\targets\Microsoft.NET.Sdk.targets(201,5): message :       PrepareResources;
       C:\Program Files\dotnet\sdk\9.0.307\Sdks\Microsoft.NET.Sdk\targets\Microsoft.NET.Sdk.targets(201,5): message :       ResolveKeySource;
       C:\Program Files\dotnet\sdk\9.0.307\Sdks\Microsoft.NET.Sdk\targets\Microsoft.NET.Sdk.targets(201,5): message :       Compile;
       C:\Program Files\dotnet\sdk\9.0.307\Sdks\Microsoft.NET.Sdk\targets\Microsoft.NET.Sdk.targets(201,5): message :       ExportWindowsMDFile;
       C:\Program Files\dotnet\sdk\9.0.307\Sdks\Microsoft.NET.Sdk\targets\Microsoft.NET.Sdk.targets(201,5): message :       UnmanagedUnregistration;
       C:\Program Files\dotnet\sdk\9.0.307\Sdks\Microsoft.NET.Sdk\targets\Microsoft.NET.Sdk.targets(201,5): message :       GenerateSerializationAssemblies;
       C:\Program Files\dotnet\sdk\9.0.307\Sdks\Microsoft.NET.Sdk\targets\Microsoft.NET.Sdk.targets(201,5): message :       CreateSatelliteAssemblies;
       C:\Program Files\dotnet\sdk\9.0.307\Sdks\Microsoft.NET.Sdk\targets\Microsoft.NET.Sdk.targets(201,5): message :       GenerateManifests;
       C:\Program Files\dotnet\sdk\9.0.307\Sdks\Microsoft.NET.Sdk\targets\Microsoft.NET.Sdk.targets(201,5): message :       GetTargetPath;
       C:\Program Files\dotnet\sdk\9.0.307\Sdks\Microsoft.NET.Sdk\targets\Microsoft.NET.Sdk.targets(201,5): message :       PrepareForRun;
       C:\Program Files\dotnet\sdk\9.0.307\Sdks\Microsoft.NET.Sdk\targets\Microsoft.NET.Sdk.targets(201,5): message :       UnmanagedRegistration;
       C:\Program Files\dotnet\sdk\9.0.307\Sdks\Microsoft.NET.Sdk\targets\Microsoft.NET.Sdk.targets(201,5): message :       IncrementalClean;
       C:\Program Files\dotnet\sdk\9.0.307\Sdks\Microsoft.NET.Sdk\targets\Microsoft.NET.Sdk.targets(201,5): message :       PostBuildEvent
       C:\Program Files\dotnet\sdk\9.0.307\Sdks\Microsoft.NET.Sdk\targets\Microsoft.NET.Sdk.targets(201,5): message :     ;
       C:\Program Files\dotnet\sdk\9.0.307\Sdks\Microsoft.NET.Sdk\targets\Microsoft.NET.Sdk.targets(201,5): message :       GenerateBuildDependencyFile;
       C:\Program Files\dotnet\sdk\9.0.307\Sdks\Microsoft.NET.Sdk\targets\Microsoft.NET.Sdk.targets(201,5): message :       GenerateBuildRuntimeConfigurationFiles
       C:\Program Files\dotnet\sdk\9.0.307\Sdks\Microsoft.NET.Sdk\targets\Microsoft.NET.Sdk.targets(201,5): message :     " (önceki değer: "
       C:\Program Files\dotnet\sdk\9.0.307\Sdks\Microsoft.NET.Sdk\targets\Microsoft.NET.Sdk.targets(201,5): message :       BuildOnlySettings;
       C:\Program Files\dotnet\sdk\9.0.307\Sdks\Microsoft.NET.Sdk\targets\Microsoft.NET.Sdk.targets(201,5): message :       PrepareForBuild;
       C:\Program Files\dotnet\sdk\9.0.307\Sdks\Microsoft.NET.Sdk\targets\Microsoft.NET.Sdk.targets(201,5): message :       PreBuildEvent;
       C:\Program Files\dotnet\sdk\9.0.307\Sdks\Microsoft.NET.Sdk\targets\Microsoft.NET.Sdk.targets(201,5): message :       ResolveReferences;
       C:\Program Files\dotnet\sdk\9.0.307\Sdks\Microsoft.NET.Sdk\targets\Microsoft.NET.Sdk.targets(201,5): message :       PrepareResources;
       C:\Program Files\dotnet\sdk\9.0.307\Sdks\Microsoft.NET.Sdk\targets\Microsoft.NET.Sdk.targets(201,5): message :       ResolveKeySource;
       C:\Program Files\dotnet\sdk\9.0.307\Sdks\Microsoft.NET.Sdk\targets\Microsoft.NET.Sdk.targets(201,5): message :       Compile;
       C:\Program Files\dotnet\sdk\9.0.307\Sdks\Microsoft.NET.Sdk\targets\Microsoft.NET.Sdk.targets(201,5): message :       ExportWindowsMDFile;
       C:\Program Files\dotnet\sdk\9.0.307\Sdks\Microsoft.NET.Sdk\targets\Microsoft.NET.Sdk.targets(201,5): message :       UnmanagedUnregistration;
       C:\Program Files\dotnet\sdk\9.0.307\Sdks\Microsoft.NET.Sdk\targets\Microsoft.NET.Sdk.targets(201,5): message :       GenerateSerializationAssemblies;
       C:\Program Files\dotnet\sdk\9.0.307\Sdks\Microsoft.NET.Sdk\targets\Microsoft.NET.Sdk.targets(201,5): message :       CreateSatelliteAssemblies;
       C:\Program Files\dotnet\sdk\9.0.307\Sdks\Microsoft.NET.Sdk\targets\Microsoft.NET.Sdk.targets(201,5): message :       GenerateManifests;
       C:\Program Files\dotnet\sdk\9.0.307\Sdks\Microsoft.NET.Sdk\targets\Microsoft.NET.Sdk.targets(201,5): message :       GetTargetPath;
       C:\Program Files\dotnet\sdk\9.0.307\Sdks\Microsoft.NET.Sdk\targets\Microsoft.NET.Sdk.targets(201,5): message :       PrepareForRun;
       C:\Program Files\dotnet\sdk\9.0.307\Sdks\Microsoft.NET.Sdk\targets\Microsoft.NET.Sdk.targets(201,5): message :       UnmanagedRegistration;
       C:\Program Files\dotnet\sdk\9.0.307\Sdks\Microsoft.NET.Sdk\targets\Microsoft.NET.Sdk.targets(201,5): message :       IncrementalClean;
       C:\Program Files\dotnet\sdk\9.0.307\Sdks\Microsoft.NET.Sdk\targets\Microsoft.NET.Sdk.targets(201,5): message :       PostBuildEvent
       C:\Program Files\dotnet\sdk\9.0.307\Sdks\Microsoft.NET.Sdk\targets\Microsoft.NET.Sdk.targets(201,5): message :     ") konum: C:\Program Files\dotnet\sdk\9.0.307\Sdks\Microsoft.NET.Sdk\targets\Microsoft.NET.Sdk.targets (201,5)
       C:\Program Files\dotnet\sdk\9.0.307\Sdks\Microsoft.NET.Sdk\targets\Microsoft.NET.Sdk.targets(210,5): message : Özellik yeniden ataması: $(CoreCleanDependsOn)="
       C:\Program Files\dotnet\sdk\9.0.307\Sdks\Microsoft.NET.Sdk\targets\Microsoft.NET.Sdk.targets(210,5): message :       _SdkBeforeClean;
       C:\Program Files\dotnet\sdk\9.0.307\Sdks\Microsoft.NET.Sdk\targets\Microsoft.NET.Sdk.targets(210,5): message :       
       C:\Program Files\dotnet\sdk\9.0.307\Sdks\Microsoft.NET.Sdk\targets\Microsoft.NET.Sdk.targets(210,5): message :     " (önceki değer: "") konum: C:\Program Files\dotnet\sdk\9.0.307\Sdks\Microsoft.NET.Sdk\targets\Microsoft.NET.Sdk.targets (210,5)
       C:\Program Files\dotnet\sdk\9.0.307\Sdks\Microsoft.NET.Sdk\targets\Microsoft.NET.Sdk.targets(217,5): message : Özellik yeniden ataması: $(RebuildDependsOn)="
       C:\Program Files\dotnet\sdk\9.0.307\Sdks\Microsoft.NET.Sdk\targets\Microsoft.NET.Sdk.targets(217,5): message :       _SdkBeforeRebuild;
       C:\Program Files\dotnet\sdk\9.0.307\Sdks\Microsoft.NET.Sdk\targets\Microsoft.NET.Sdk.targets(217,5): message :       
       C:\Program Files\dotnet\sdk\9.0.307\Sdks\Microsoft.NET.Sdk\targets\Microsoft.NET.Sdk.targets(217,5): message :       BeforeRebuild;
       C:\Program Files\dotnet\sdk\9.0.307\Sdks\Microsoft.NET.Sdk\targets\Microsoft.NET.Sdk.targets(217,5): message :       Clean;
       C:\Program Files\dotnet\sdk\9.0.307\Sdks\Microsoft.NET.Sdk\targets\Microsoft.NET.Sdk.targets(217,5): message :       Build;
       C:\Program Files\dotnet\sdk\9.0.307\Sdks\Microsoft.NET.Sdk\targets\Microsoft.NET.Sdk.targets(217,5): message :       AfterRebuild;
       C:\Program Files\dotnet\sdk\9.0.307\Sdks\Microsoft.NET.Sdk\targets\Microsoft.NET.Sdk.targets(217,5): message :     
       C:\Program Files\dotnet\sdk\9.0.307\Sdks\Microsoft.NET.Sdk\targets\Microsoft.NET.Sdk.targets(217,5): message :     " (önceki değer: "
       C:\Program Files\dotnet\sdk\9.0.307\Sdks\Microsoft.NET.Sdk\targets\Microsoft.NET.Sdk.targets(217,5): message :       BeforeRebuild;
       C:\Program Files\dotnet\sdk\9.0.307\Sdks\Microsoft.NET.Sdk\targets\Microsoft.NET.Sdk.targets(217,5): message :       Clean;
       C:\Program Files\dotnet\sdk\9.0.307\Sdks\Microsoft.NET.Sdk\targets\Microsoft.NET.Sdk.targets(217,5): message :       Build;
       C:\Program Files\dotnet\sdk\9.0.307\Sdks\Microsoft.NET.Sdk\targets\Microsoft.NET.Sdk.targets(217,5): message :       AfterRebuild;
       C:\Program Files\dotnet\sdk\9.0.307\Sdks\Microsoft.NET.Sdk\targets\Microsoft.NET.Sdk.targets(217,5): message :     ") konum: C:\Program Files\dotnet\sdk\9.0.307\Sdks\Microsoft.NET.Sdk\targets\Microsoft.NET.Sdk.targets (217,5)
       C:\Program Files\dotnet\sdk\9.0.307\Sdks\Microsoft.NET.Sdk\targets\Microsoft.NET.Sdk.targets(784,5): message : Özellik yeniden ataması: $(CompileDependsOn)="
       C:\Program Files\dotnet\sdk\9.0.307\Sdks\Microsoft.NET.Sdk\targets\Microsoft.NET.Sdk.targets(784,5): message :       
       C:\Program Files\dotnet\sdk\9.0.307\Sdks\Microsoft.NET.Sdk\targets\Microsoft.NET.Sdk.targets(784,5): message :       ResolveReferences;
       C:\Program Files\dotnet\sdk\9.0.307\Sdks\Microsoft.NET.Sdk\targets\Microsoft.NET.Sdk.targets(784,5): message :       ResolveKeySource;
       C:\Program Files\dotnet\sdk\9.0.307\Sdks\Microsoft.NET.Sdk\targets\Microsoft.NET.Sdk.targets(784,5): message :       SetWin32ManifestProperties;
       C:\Program Files\dotnet\sdk\9.0.307\Sdks\Microsoft.NET.Sdk\targets\Microsoft.NET.Sdk.targets(784,5): message :       _SetPreferNativeArm64Win32ManifestProperties;
       C:\Program Files\dotnet\sdk\9.0.307\Sdks\Microsoft.NET.Sdk\targets\Microsoft.NET.Sdk.targets(784,5): message :       FindReferenceAssembliesForReferences;
       C:\Program Files\dotnet\sdk\9.0.307\Sdks\Microsoft.NET.Sdk\targets\Microsoft.NET.Sdk.targets(784,5): message :       _GenerateCompileInputs;
       C:\Program Files\dotnet\sdk\9.0.307\Sdks\Microsoft.NET.Sdk\targets\Microsoft.NET.Sdk.targets(784,5): message :       BeforeCompile;
       C:\Program Files\dotnet\sdk\9.0.307\Sdks\Microsoft.NET.Sdk\targets\Microsoft.NET.Sdk.targets(784,5): message :       _TimeStampBeforeCompile;
       C:\Program Files\dotnet\sdk\9.0.307\Sdks\Microsoft.NET.Sdk\targets\Microsoft.NET.Sdk.targets(784,5): message :       _GenerateCompileDependencyCache;
       C:\Program Files\dotnet\sdk\9.0.307\Sdks\Microsoft.NET.Sdk\targets\Microsoft.NET.Sdk.targets(784,5): message :       CoreCompile;
       C:\Program Files\dotnet\sdk\9.0.307\Sdks\Microsoft.NET.Sdk\targets\Microsoft.NET.Sdk.targets(784,5): message :       _TimeStampAfterCompile;
       C:\Program Files\dotnet\sdk\9.0.307\Sdks\Microsoft.NET.Sdk\targets\Microsoft.NET.Sdk.targets(784,5): message :       AfterCompile;
       C:\Program Files\dotnet\sdk\9.0.307\Sdks\Microsoft.NET.Sdk\targets\Microsoft.NET.Sdk.targets(784,5): message :     ;
       C:\Program Files\dotnet\sdk\9.0.307\Sdks\Microsoft.NET.Sdk\targets\Microsoft.NET.Sdk.targets(784,5): message :       _CreateAppHost;
       C:\Program Files\dotnet\sdk\9.0.307\Sdks\Microsoft.NET.Sdk\targets\Microsoft.NET.Sdk.targets(784,5): message :       _CreateComHost;
       C:\Program Files\dotnet\sdk\9.0.307\Sdks\Microsoft.NET.Sdk\targets\Microsoft.NET.Sdk.targets(784,5): message :       _GetIjwHostPaths;
       C:\Program Files\dotnet\sdk\9.0.307\Sdks\Microsoft.NET.Sdk\targets\Microsoft.NET.Sdk.targets(784,5): message :     " (önceki değer: "
       C:\Program Files\dotnet\sdk\9.0.307\Sdks\Microsoft.NET.Sdk\targets\Microsoft.NET.Sdk.targets(784,5): message :       ResolveReferences;
       C:\Program Files\dotnet\sdk\9.0.307\Sdks\Microsoft.NET.Sdk\targets\Microsoft.NET.Sdk.targets(784,5): message :       ResolveKeySource;
       C:\Program Files\dotnet\sdk\9.0.307\Sdks\Microsoft.NET.Sdk\targets\Microsoft.NET.Sdk.targets(784,5): message :       SetWin32ManifestProperties;
       C:\Program Files\dotnet\sdk\9.0.307\Sdks\Microsoft.NET.Sdk\targets\Microsoft.NET.Sdk.targets(784,5): message :       _SetPreferNativeArm64Win32ManifestProperties;
       C:\Program Files\dotnet\sdk\9.0.307\Sdks\Microsoft.NET.Sdk\targets\Microsoft.NET.Sdk.targets(784,5): message :       FindReferenceAssembliesForReferences;
       C:\Program Files\dotnet\sdk\9.0.307\Sdks\Microsoft.NET.Sdk\targets\Microsoft.NET.Sdk.targets(784,5): message :       _GenerateCompileInputs;
       C:\Program Files\dotnet\sdk\9.0.307\Sdks\Microsoft.NET.Sdk\targets\Microsoft.NET.Sdk.targets(784,5): message :       BeforeCompile;
       C:\Program Files\dotnet\sdk\9.0.307\Sdks\Microsoft.NET.Sdk\targets\Microsoft.NET.Sdk.targets(784,5): message :       _TimeStampBeforeCompile;
       C:\Program Files\dotnet\sdk\9.0.307\Sdks\Microsoft.NET.Sdk\targets\Microsoft.NET.Sdk.targets(784,5): message :       _GenerateCompileDependencyCache;
       C:\Program Files\dotnet\sdk\9.0.307\Sdks\Microsoft.NET.Sdk\targets\Microsoft.NET.Sdk.targets(784,5): message :       CoreCompile;
       C:\Program Files\dotnet\sdk\9.0.307\Sdks\Microsoft.NET.Sdk\targets\Microsoft.NET.Sdk.targets(784,5): message :       _TimeStampAfterCompile;
       C:\Program Files\dotnet\sdk\9.0.307\Sdks\Microsoft.NET.Sdk\targets\Microsoft.NET.Sdk.targets(784,5): message :       AfterCompile;
       C:\Program Files\dotnet\sdk\9.0.307\Sdks\Microsoft.NET.Sdk\targets\Microsoft.NET.Sdk.targets(784,5): message :     ") konum: C:\Program Files\dotnet\sdk\9.0.307\Sdks\Microsoft.NET.Sdk\targets\Microsoft.NET.Sdk.targets (784,5)
       C:\Program Files\dotnet\sdk\9.0.307\Sdks\Microsoft.NET.Sdk\targets\Microsoft.NET.Sdk.targets(1184,5): message : Özellik yeniden ataması: $(CreateSatelliteAssembliesDependsOn)="
       C:\Program Files\dotnet\sdk\9.0.307\Sdks\Microsoft.NET.Sdk\targets\Microsoft.NET.Sdk.targets(1184,5): message :       
       C:\Program Files\dotnet\sdk\9.0.307\Sdks\Microsoft.NET.Sdk\targets\Microsoft.NET.Sdk.targets(1184,5): message :       ;
       C:\Program Files\dotnet\sdk\9.0.307\Sdks\Microsoft.NET.Sdk\targets\Microsoft.NET.Sdk.targets(1184,5): message :       _GenerateSatelliteAssemblyInputs;
       C:\Program Files\dotnet\sdk\9.0.307\Sdks\Microsoft.NET.Sdk\targets\Microsoft.NET.Sdk.targets(1184,5): message :       ComputeIntermediateSatelliteAssemblies;
       C:\Program Files\dotnet\sdk\9.0.307\Sdks\Microsoft.NET.Sdk\targets\Microsoft.NET.Sdk.targets(1184,5): message :       GenerateSatelliteAssemblies
       C:\Program Files\dotnet\sdk\9.0.307\Sdks\Microsoft.NET.Sdk\targets\Microsoft.NET.Sdk.targets(1184,5): message :     ;
       C:\Program Files\dotnet\sdk\9.0.307\Sdks\Microsoft.NET.Sdk\targets\Microsoft.NET.Sdk.targets(1184,5): message :       CoreGenerateSatelliteAssemblies
       C:\Program Files\dotnet\sdk\9.0.307\Sdks\Microsoft.NET.Sdk\targets\Microsoft.NET.Sdk.targets(1184,5): message :     " (önceki değer: "
       C:\Program Files\dotnet\sdk\9.0.307\Sdks\Microsoft.NET.Sdk\targets\Microsoft.NET.Sdk.targets(1184,5): message :       ;
       C:\Program Files\dotnet\sdk\9.0.307\Sdks\Microsoft.NET.Sdk\targets\Microsoft.NET.Sdk.targets(1184,5): message :       _GenerateSatelliteAssemblyInputs;
       C:\Program Files\dotnet\sdk\9.0.307\Sdks\Microsoft.NET.Sdk\targets\Microsoft.NET.Sdk.targets(1184,5): message :       ComputeIntermediateSatelliteAssemblies;
       C:\Program Files\dotnet\sdk\9.0.307\Sdks\Microsoft.NET.Sdk\targets\Microsoft.NET.Sdk.targets(1184,5): message :       GenerateSatelliteAssemblies
       C:\Program Files\dotnet\sdk\9.0.307\Sdks\Microsoft.NET.Sdk\targets\Microsoft.NET.Sdk.targets(1184,5): message :     ") konum: C:\Program Files\dotnet\sdk\9.0.307\Sdks\Microsoft.NET.Sdk\targets\Microsoft.NET.Sdk.targets (1184,5)
       C:\Program Files\dotnet\sdk\9.0.307\Sdks\Microsoft.SourceLink.GitLab\build\Microsoft.SourceLink.GitLab.targets(12,5): message : Özellik yeniden ataması: $(SourceLinkUrlInitializerTargets)=";_InitializeGitHubSourceLinkUrl;_InitializeGitLabSourceLinkUrl" (önceki değer: ";_InitializeGitHubSourceLinkUrl") konum: C:\Program Files\dotnet\sdk\9.0.307\Sdks\Microsoft.SourceLink.GitLab\build\Microsoft.SourceLink.GitLab.targets (12,5)
       C:\Program Files\dotnet\sdk\9.0.307\Sdks\Microsoft.SourceLink.GitLab\build\Microsoft.SourceLink.GitLab.targets(13,5): message : Özellik yeniden ataması: $(SourceControlManagerUrlTranslationTargets)=";TranslateGitHubUrlsInSourceControlInformation;TranslateGitLabUrlsInSourceControlInformation" (önceki değer: ";TranslateGitHubUrlsInSourceControlInformation") konum: C:\Program Files\dotnet\sdk\9.0.307\Sdks\Microsoft.SourceLink.GitLab\build\Microsoft.SourceLink.GitLab.targets (13,5)
       C:\Program Files\dotnet\sdk\9.0.307\Sdks\Microsoft.SourceLink.AzureRepos.Git\build\Microsoft.SourceLink.AzureRepos.Git.targets(12,5): message : Özellik yeniden ataması: $(SourceLinkUrlInitializerTargets)=";_InitializeGitHubSourceLinkUrl;_InitializeGitLabSourceLinkUrl;_InitializeAzureReposGitSourceLinkUrl" (önceki değer: ";_InitializeGitHubSourceLinkUrl;_InitializeGitLabSourceLinkUrl") konum: C:\Program Files\dotnet\sdk\9.0.307\Sdks\Microsoft.SourceLink.AzureRepos.Git\build\Microsoft.SourceLink.AzureRepos.Git.targets (12,5)
       C:\Program Files\dotnet\sdk\9.0.307\Sdks\Microsoft.SourceLink.AzureRepos.Git\build\Microsoft.SourceLink.AzureRepos.Git.targets(13,5): message : Özellik yeniden ataması: $(SourceControlManagerUrlTranslationTargets)=";TranslateGitHubUrlsInSourceControlInformation;TranslateGitLabUrlsInSourceControlInformation;TranslateAzureReposGitUrlsInSourceControlInformation" (önceki değer: ";TranslateGitHubUrlsInSourceControlInformation;TranslateGitLabUrlsInSourceControlInformation") konum: C:\Program Files\dotnet\sdk\9.0.307\Sdks\Microsoft.SourceLink.AzureRepos.Git\build\Microsoft.SourceLink.AzureRepos.Git.targets (13,5)
       C:\Program Files\dotnet\sdk\9.0.307\Sdks\Microsoft.SourceLink.Bitbucket.Git\build\Microsoft.SourceLink.Bitbucket.Git.targets(12,5): message : Özellik yeniden ataması: $(SourceLinkUrlInitializerTargets)=";_InitializeGitHubSourceLinkUrl;_InitializeGitLabSourceLinkUrl;_InitializeAzureReposGitSourceLinkUrl;_InitializeBitbucketGitSourceLinkUrl" (önceki değer: ";_InitializeGitHubSourceLinkUrl;_InitializeGitLabSourceLinkUrl;_InitializeAzureReposGitSourceLinkUrl") konum: C:\Program Files\dotnet\sdk\9.0.307\Sdks\Microsoft.SourceLink.Bitbucket.Git\build\Microsoft.SourceLink.Bitbucket.Git.targets (12,5)
       C:\Program Files\dotnet\sdk\9.0.307\Sdks\Microsoft.SourceLink.Bitbucket.Git\build\Microsoft.SourceLink.Bitbucket.Git.targets(13,5): message : Özellik yeniden ataması: $(SourceControlManagerUrlTranslationTargets)=";TranslateGitHubUrlsInSourceControlInformation;TranslateGitLabUrlsInSourceControlInformation;TranslateAzureReposGitUrlsInSourceControlInformation;TranslateBitbucketGitUrlsInSourceControlInformation" (önceki değer: ";TranslateGitHubUrlsInSourceControlInformation;TranslateGitLabUrlsInSourceControlInformation;TranslateAzureReposGitUrlsInSourceControlInformation") konum: C:\Program Files\dotnet\sdk\9.0.307\Sdks\Microsoft.SourceLink.Bitbucket.Git\build\Microsoft.SourceLink.Bitbucket.Git.targets (13,5)
       C:\Program Files\dotnet\sdk\9.0.307\Sdks\Microsoft.NET.Sdk\targets\Microsoft.NET.DesignerSupport.targets(21,5): message : Özellik yeniden ataması: $(DesignerRuntimeImplementationProjectOutputGroupDependsOn)="
       C:\Program Files\dotnet\sdk\9.0.307\Sdks\Microsoft.NET.Sdk\targets\Microsoft.NET.DesignerSupport.targets(21,5): message :       
       C:\Program Files\dotnet\sdk\9.0.307\Sdks\Microsoft.NET.Sdk\targets\Microsoft.NET.DesignerSupport.targets(21,5): message :       ;
       C:\Program Files\dotnet\sdk\9.0.307\Sdks\Microsoft.NET.Sdk\targets\Microsoft.NET.DesignerSupport.targets(21,5): message :       
       C:\Program Files\dotnet\sdk\9.0.307\Sdks\Microsoft.NET.Sdk\targets\Microsoft.NET.DesignerSupport.targets(21,5): message :       ;
       C:\Program Files\dotnet\sdk\9.0.307\Sdks\Microsoft.NET.Sdk\targets\Microsoft.NET.DesignerSupport.targets(21,5): message :       BuildOnlySettings;
       C:\Program Files\dotnet\sdk\9.0.307\Sdks\Microsoft.NET.Sdk\targets\Microsoft.NET.DesignerSupport.targets(21,5): message :       PrepareForBuild;
       C:\Program Files\dotnet\sdk\9.0.307\Sdks\Microsoft.NET.Sdk\targets\Microsoft.NET.DesignerSupport.targets(21,5): message :       AssignTargetPaths;
       C:\Program Files\dotnet\sdk\9.0.307\Sdks\Microsoft.NET.Sdk\targets\Microsoft.NET.DesignerSupport.targets(21,5): message :       ResolveReferences
       C:\Program Files\dotnet\sdk\9.0.307\Sdks\Microsoft.NET.Sdk\targets\Microsoft.NET.DesignerSupport.targets(21,5): message :     
       C:\Program Files\dotnet\sdk\9.0.307\Sdks\Microsoft.NET.Sdk\targets\Microsoft.NET.DesignerSupport.targets(21,5): message :     ;
       C:\Program Files\dotnet\sdk\9.0.307\Sdks\Microsoft.NET.Sdk\targets\Microsoft.NET.DesignerSupport.targets(21,5): message :       _GenerateDesignerDepsFile;
       C:\Program Files\dotnet\sdk\9.0.307\Sdks\Microsoft.NET.Sdk\targets\Microsoft.NET.DesignerSupport.targets(21,5): message :       _GenerateDesignerRuntimeConfigFile;
       C:\Program Files\dotnet\sdk\9.0.307\Sdks\Microsoft.NET.Sdk\targets\Microsoft.NET.DesignerSupport.targets(21,5): message :       GetCopyToOutputDirectoryItems;
       C:\Program Files\dotnet\sdk\9.0.307\Sdks\Microsoft.NET.Sdk\targets\Microsoft.NET.DesignerSupport.targets(21,5): message :       _GatherDesignerShadowCopyFiles;
       C:\Program Files\dotnet\sdk\9.0.307\Sdks\Microsoft.NET.Sdk\targets\Microsoft.NET.DesignerSupport.targets(21,5): message :     " (önceki değer: "
       C:\Program Files\dotnet\sdk\9.0.307\Sdks\Microsoft.NET.Sdk\targets\Microsoft.NET.DesignerSupport.targets(21,5): message :       ;
       C:\Program Files\dotnet\sdk\9.0.307\Sdks\Microsoft.NET.Sdk\targets\Microsoft.NET.DesignerSupport.targets(21,5): message :       
       C:\Program Files\dotnet\sdk\9.0.307\Sdks\Microsoft.NET.Sdk\targets\Microsoft.NET.DesignerSupport.targets(21,5): message :       ;
       C:\Program Files\dotnet\sdk\9.0.307\Sdks\Microsoft.NET.Sdk\targets\Microsoft.NET.DesignerSupport.targets(21,5): message :       BuildOnlySettings;
       C:\Program Files\dotnet\sdk\9.0.307\Sdks\Microsoft.NET.Sdk\targets\Microsoft.NET.DesignerSupport.targets(21,5): message :       PrepareForBuild;
       C:\Program Files\dotnet\sdk\9.0.307\Sdks\Microsoft.NET.Sdk\targets\Microsoft.NET.DesignerSupport.targets(21,5): message :       AssignTargetPaths;
       C:\Program Files\dotnet\sdk\9.0.307\Sdks\Microsoft.NET.Sdk\targets\Microsoft.NET.DesignerSupport.targets(21,5): message :       ResolveReferences
       C:\Program Files\dotnet\sdk\9.0.307\Sdks\Microsoft.NET.Sdk\targets\Microsoft.NET.DesignerSupport.targets(21,5): message :     
       C:\Program Files\dotnet\sdk\9.0.307\Sdks\Microsoft.NET.Sdk\targets\Microsoft.NET.DesignerSupport.targets(21,5): message :     ") konum: C:\Program Files\dotnet\sdk\9.0.307\Sdks\Microsoft.NET.Sdk\targets\Microsoft.NET.DesignerSupport.targets (21,5)
       C:\Program Files\dotnet\sdk\9.0.307\Sdks\Microsoft.NET.Sdk\targets\Microsoft.NET.PackTool.targets(68,5): message : Özellik yeniden ataması: $(_GenerateToolsSettingsFileCacheFile)="C:\Users\alihe\OneDrive\Masaüstü\ForgeFlow Project\contracts\ForgeFlow.Contracts\obj\Debug\net8.0\ForgeFlow.Contracts.toolssettingsinput.cache" (önceki değer: "obj\Debug\net8.0\ForgeFlow.Contracts.toolssettingsinput.cache") konum: C:\Program Files\dotnet\sdk\9.0.307\Sdks\Microsoft.NET.Sdk\targets\Microsoft.NET.PackTool.targets (68,5)
       C:\Program Files\dotnet\sdk\9.0.307\Sdks\Microsoft.NET.Sdk\targets\Microsoft.NET.PackTool.targets(137,5): message : Özellik yeniden ataması: $(_ShimInputCacheFile)="C:\Users\alihe\OneDrive\Masaüstü\ForgeFlow Project\contracts\ForgeFlow.Contracts\obj\Debug\net8.0\ForgeFlow.Contracts.shiminput.cache" (önceki değer: "obj\Debug\net8.0\ForgeFlow.Contracts.shiminput.cache") konum: C:\Program Files\dotnet\sdk\9.0.307\Sdks\Microsoft.NET.Sdk\targets\Microsoft.NET.PackTool.targets (137,5)
       C:\Program Files\dotnet\sdk\9.0.307\Sdks\Microsoft.NET.Sdk\targets\Microsoft.NET.PackTool.targets(139,5): message : Özellik yeniden ataması: $(_ShimCreatedSentinelFile)="C:\Users\alihe\OneDrive\Masaüstü\ForgeFlow Project\contracts\ForgeFlow.Contracts\obj\Debug\net8.0\ForgeFlow.Contracts.shimcreated.sentinel" (önceki değer: "obj\Debug\net8.0\ForgeFlow.Contracts.shimcreated.sentinel") konum: C:\Program Files\dotnet\sdk\9.0.307\Sdks\Microsoft.NET.Sdk\targets\Microsoft.NET.PackTool.targets (139,5)
       C:\Program Files\dotnet\sdk\9.0.307\Sdks\Microsoft.NET.Sdk\targets\Microsoft.NET.Sdk.CSharp.targets(31,5): message : Özellik yeniden ataması: $(DefineConstants)="TRACE;DEBUG" (önceki değer: "TRACE") konum: C:\Program Files\dotnet\sdk\9.0.307\Sdks\Microsoft.NET.Sdk\targets\Microsoft.NET.Sdk.CSharp.targets (31,5)
       C:\Program Files\dotnet\sdk\9.0.307\Sdks\Microsoft.NET.Sdk\targets\Microsoft.NET.Sdk.CSharp.targets(34,5): message : Özellik yeniden ataması: $(DefineConstants)="TRACE;DEBUG;NET;NET8_0;NETCOREAPP" (önceki değer: "TRACE;DEBUG") konum: C:\Program Files\dotnet\sdk\9.0.307\Sdks\Microsoft.NET.Sdk\targets\Microsoft.NET.Sdk.CSharp.targets (34,5)
       C:\Program Files\dotnet\sdk\9.0.307\Sdks\Microsoft.NET.Sdk\targets\Microsoft.NET.Sdk.CSharp.targets(48,5): message : Özellik yeniden ataması: $(WarningsAsErrors)=";NU1605;SYSLIB0011" (önceki değer: ";NU1605") konum: C:\Program Files\dotnet\sdk\9.0.307\Sdks\Microsoft.NET.Sdk\targets\Microsoft.NET.Sdk.CSharp.targets (48,5)
       C:\Program Files\dotnet\sdk\9.0.307\Sdks\NuGet.Build.Tasks.Pack\build\NuGet.Build.Tasks.Pack.targets(34,5): message : Özellik yeniden ataması: $(PackageDescription)="Package Description" (önceki değer: "") konum: C:\Program Files\dotnet\sdk\9.0.307\Sdks\NuGet.Build.Tasks.Pack\build\NuGet.Build.Tasks.Pack.targets (34,5)
       C:\Program Files\dotnet\sdk\9.0.307\Sdks\NuGet.Build.Tasks.Pack\build\NuGet.Build.Tasks.Pack.targets(59,5): message : Özellik yeniden ataması: $(GenerateNuspecDependsOn)="Build;_LoadPackInputItems; _GetTargetFrameworksOutput; _WalkEachTargetPerFramework; _GetPackageFiles; " (önceki değer: "_LoadPackInputItems; _GetTargetFrameworksOutput; _WalkEachTargetPerFramework; _GetPackageFiles; ") konum: C:\Program Files\dotnet\sdk\9.0.307\Sdks\NuGet.Build.Tasks.Pack\build\NuGet.Build.Tasks.Pack.targets (59,5)
       C:\Program Files\dotnet\sdk\9.0.307\Sdks\Microsoft.NET.Sdk\Sdk\Sdk.targets(60,5): message : Özellik yeniden ataması: $(_IsNotSetContainersTargetsDir)="true" (önceki değer: "false") konum: C:\Program Files\dotnet\sdk\9.0.307\Sdks\Microsoft.NET.Sdk\Sdk\Sdk.targets (60,5)
       C:\Program Files\dotnet\sdk\9.0.307\Containers\build\Microsoft.NET.Build.Containers.targets(5,5): message : Özellik yeniden ataması: $(_IsSDKContainerAllowedVersion)="true" (önceki değer: "false") konum: C:\Program Files\dotnet\sdk\9.0.307\Containers\build\Microsoft.NET.Build.Containers.targets (5,5)
       C:\Program Files\dotnet\sdk\9.0.307\Containers\build\Microsoft.NET.Build.Containers.targets(15,5): message : Özellik yeniden ataması: $(_ContainerIsTargetingNet8TFM)="true" (önceki değer: "false") konum: C:\Program Files\dotnet\sdk\9.0.307\Containers\build\Microsoft.NET.Build.Containers.targets (15,5)
       Derleme Evaluation sırasında yüklendi: System.IO.Pipes, Version=9.0.0.0, Culture=neutral, PublicKeyToken=b03f5f7f11d50a3a (konum: C:\Program Files\dotnet\shared\Microsoft.NETCore.App\9.0.11\System.IO.Pipes.dll, MVID: 77337193-f17e-45f7-84c6-49b39ca06dfd, AssemblyLoadContext: Default)
       Derleme Evaluation sırasında yüklendi: System.Security.AccessControl, Version=9.0.0.0, Culture=neutral, PublicKeyToken=b03f5f7f11d50a3a (konum: C:\Program Files\dotnet\shared\Microsoft.NETCore.App\9.0.11\System.Security.AccessControl.dll, MVID: 9d320949-bae0-4a9c-8d2f-5f7a5007f092, AssemblyLoadContext: Default)
       Düğüm 3 yeniden kullanılıyor (PID: 15624).
       Düğüm 2 yeniden kullanılıyor (PID: 1720).
       "C:\Program Files\dotnet\sdk\9.0.307\Sdks\Microsoft.NET.Sdk\targets\Microsoft.NET.Sdk.FrameworkReferenceResolution.targets" projesindeki "ResolveFrameworkReferences" hedefi kullanılarak "C:\Program Files\dotnet\sdk\9.0.307\Microsoft.Common.CurrentVersion.targets" projesindeki "ResolveFrameworkReferences" hedefinin üzerine yazılıyor.
       "C:\Program Files\dotnet\sdk\9.0.307\Sdks\Microsoft.NET.Sdk\targets\Microsoft.NET.Sdk.targets" projesindeki "Run" hedefi kullanılarak "C:\Program Files\dotnet\sdk\9.0.307\Microsoft.Common.CurrentVersion.targets" projesindeki "Run" hedefinin üzerine yazılıyor.
       "C:\Program Files\dotnet\sdk\9.0.307\Sdks\Microsoft.NET.Sdk\targets\Microsoft.NET.Sdk.targets" projesindeki "GenerateSupportedTargetFrameworkAlias" hedefi kullanılarak "C:\Program Files\dotnet\sdk\9.0.307\Microsoft.Common.CurrentVersion.targets" projesindeki "GenerateSupportedTargetFrameworkAlias" hedefinin üzerine yazılıyor.
       "C:\Program Files\dotnet\sdk\9.0.307\Sdks\Microsoft.NET.Sdk\targets\Microsoft.NET.DisableStandardFrameworkResolution.targets" projesindeki "GetReferenceAssemblyPaths" hedefi kullanılarak "C:\Program Files\dotnet\sdk\9.0.307\Microsoft.Common.CurrentVersion.targets" projesindeki "GetReferenceAssemblyPaths" hedefinin üzerine yazılıyor.
       "C:\Program Files\dotnet\sdk\9.0.307\Sdks\Microsoft.NET.Sdk\targets\Microsoft.NET.DisableStandardFrameworkResolution.targets" projesindeki "GetFrameworkPaths" hedefi kullanılarak "C:\Program Files\dotnet\sdk\9.0.307\Microsoft.Common.CurrentVersion.targets" projesindeki "GetFrameworkPaths" hedefinin üzerine yazılıyor.
       "C:\Program Files\dotnet\sdk\9.0.307\Sdks\Microsoft.NET.Sdk\targets\Microsoft.NET.DesignerSupport.targets" projesindeki "DesignerRuntimeImplementationProjectOutputGroup" hedefi kullanılarak "C:\Program Files\dotnet\sdk\9.0.307\Microsoft.Common.CurrentVersion.targets" projesindeki "DesignerRuntimeImplementationProjectOutputGroup" hedefinin üzerine yazılıyor.
       "C:\Program Files\dotnet\sdk\9.0.307\Sdks\Microsoft.NET.Sdk\targets\Microsoft.NET.Publish.targets" projesindeki "Publish" hedefi kullanılarak "C:\Program Files\dotnet\sdk\9.0.307\Microsoft.Common.CurrentVersion.targets" projesindeki "Publish" hedefinin üzerine yazılıyor.
       "C:\Program Files\dotnet\sdk\9.0.307\Sdks\Microsoft.NET.Sdk\targets\Microsoft.NET.Publish.targets" projesindeki "ResolveReadyToRunCompilers" hedefi kullanılarak "C:\Program Files\dotnet\sdk\9.0.307\Sdks\Microsoft.NET.Sdk\targets\Microsoft.NET.CrossGen.targets" projesindeki "ResolveReadyToRunCompilers" hedefinin üzerine yazılıyor.
       "C:\Program Files\dotnet\sdk\9.0.307\Sdks\Microsoft.NET.Sdk\targets\Microsoft.NET.Publish.targets" projesindeki "GetCopyToPublishDirectoryItems" hedefi kullanılarak "C:\Program Files\dotnet\sdk\9.0.307\Microsoft.Common.CurrentVersion.targets" projesindeki "GetCopyToPublishDirectoryItems" hedefinin üzerine yazılıyor.
   1:3>"C:\Users\alihe\OneDrive\Masaüstü\ForgeFlow Project\services\artifact\ForgeFlow.Artifact.Api\ForgeFlow.Artifact.Api.csproj" projesi (1:3) 1 düğümünde "C:\Users\alihe\OneDrive\Masaüstü\ForgeFlow Project\contracts\ForgeFlow.Contracts\ForgeFlow.Contracts.csproj" (2) oluşturuyor (_GenerateRestoreProjectPathWalk hedef).
     2>Yanlış koşul nedeniyle "_GenerateRestoreProjectPathItemsAllFrameworks" hedefi atlandı; ( '$(TargetFrameworks)' != '' ), ( '' != '' ) olarak değerlendirildi.
     2>"C:\Users\alihe\OneDrive\Masaüstü\ForgeFlow Project\contracts\ForgeFlow.Contracts\ForgeFlow.Contracts.csproj" projesinin "C:\Program Files\dotnet\sdk\9.0.307\NuGet.targets" dosyasındaki "_GenerateRestoreProjectPathItemsPerFramework" hedefi ("_GenerateRestoreProjectPathItemsCurrentProject" hedefi buna bağımlı):
       "ConvertToAbsolutePath" görevi
       "ConvertToAbsolutePath" görevini yürütme tamamlandı.
     2>"ForgeFlow.Contracts.csproj" projesinde "_GenerateRestoreProjectPathItemsPerFramework" hedefini oluşturma tamamlandı.
     2>"C:\Users\alihe\OneDrive\Masaüstü\ForgeFlow Project\contracts\ForgeFlow.Contracts\ForgeFlow.Contracts.csproj" projesinin "C:\Program Files\dotnet\sdk\9.0.307\NuGet.targets" dosyasındaki "_GenerateRestoreProjectPathItemsCurrentProject" hedefi ("_GenerateRestoreProjectPathItems" hedefi buna bağımlı):
     2>"ForgeFlow.Contracts.csproj" projesinde "_GenerateRestoreProjectPathItemsCurrentProject" hedefini oluşturma tamamlandı.
     2>"C:\Users\alihe\OneDrive\Masaüstü\ForgeFlow Project\contracts\ForgeFlow.Contracts\ForgeFlow.Contracts.csproj" projesinin "C:\Program Files\dotnet\sdk\9.0.307\NuGet.targets" dosyasındaki "_GenerateRestoreProjectPathItems" hedefi ("_GenerateRestoreProjectPathWalk" hedefi buna bağımlı):
       "RemoveDuplicates" görevi
       "RemoveDuplicates" görevini yürütme tamamlandı.
     2>"ForgeFlow.Contracts.csproj" projesinde "_GenerateRestoreProjectPathItems" hedefini oluşturma tamamlandı.
     2>"C:\Users\alihe\OneDrive\Masaüstü\ForgeFlow Project\contracts\ForgeFlow.Contracts\ForgeFlow.Contracts.csproj" projesinin "C:\Program Files\dotnet\sdk\9.0.307\NuGet.targets" dosyasındaki "_GenerateRestoreProjectPathWalk" hedefi (giriş noktası):
       "MSBuild" görevi
       "MSBuild" görevini yürütme tamamlandı.
       Yanlış koşul nedeniyle "MSBuild" görevi atlandı; ( '$(RestoreUseSkipNonexistentTargets)' != 'true' ), ( 'true' != 'true' ) olarak değerlendirildi.
       "RemoveDuplicates" görevi
       "RemoveDuplicates" görevini yürütme tamamlandı.
     2>"ForgeFlow.Contracts.csproj" projesinde "_GenerateRestoreProjectPathWalk" hedefini oluşturma tamamlandı.
     2>"C:\Users\alihe\OneDrive\Masaüstü\ForgeFlow Project\contracts\ForgeFlow.Contracts\ForgeFlow.Contracts.csproj" Projesini Oluşturma İşlemi Tamamlandı (_GenerateRestoreProjectPathWalk hedef).
     0>C:\Program Files\dotnet\sdk\9.0.307\Sdks\Microsoft.NET.Sdk\Sdk\Sdk.props(49,11): message : 'C:\Program Files\dotnet\sdk\9.0.307\' değerine sahip 'MSBuildExtensionsPath' özelliği ortamdan genişletildi.
       C:\Program Files\dotnet\sdk\9.0.307\Sdks\Microsoft.NET.Sdk\Sdk\Sdk.props(49,11): message : 'C:\Program Files\dotnet\sdk\9.0.307\' değerine sahip 'MSBuildExtensionsPath' özelliği ortamdan genişletildi.
       C:\Program Files\dotnet\sdk\9.0.307\Current\Microsoft.Common.props(60,5): message : Özellik yeniden ataması: $(MSBuildProjectExtensionsPath)="C:\Users\alihe\OneDrive\Masaüstü\ForgeFlow Project\services\artifact\ForgeFlow.Artifact.Application\obj\" (önceki değer: "obj\") konum: C:\Program Files\dotnet\sdk\9.0.307\Current\Microsoft.Common.props (60,5)
       C:\Program Files\dotnet\sdk\9.0.307\Current\Microsoft.Common.props(60,5): message : Özellik yeniden ataması: $(MSBuildProjectExtensionsPath)="C:\Users\alihe\OneDrive\Masaüstü\ForgeFlow Project\services\artifact\ForgeFlow.Artifact.Infrastructure\obj\" (önceki değer: "obj\") konum: C:\Program Files\dotnet\sdk\9.0.307\Current\Microsoft.Common.props (60,5)
       C:\Program Files\dotnet\sdk\9.0.307\Current\Microsoft.Common.props(84,119): message : 'C:\Users\alihe\AppData\Local\Microsoft\MSBuild' değerine sahip 'MSBuildUserExtensionsPath' özelliği ortamdan genişletildi.
       C:\Program Files\dotnet\sdk\9.0.307\Current\Microsoft.Common.props(84,119): message : 'C:\Users\alihe\AppData\Local\Microsoft\MSBuild' değerine sahip 'MSBuildUserExtensionsPath' özelliği ortamdan genişletildi.
       C:\Program Files\dotnet\sdk\9.0.307\Sdks\Microsoft.NET.Sdk\targets\Microsoft.NET.Sdk.props(90,5): message : Özellik yeniden ataması: $(AssemblySearchPaths)="{CandidateAssemblyFiles};{HintPathFromItem}" (önceki değer: "{CandidateAssemblyFiles}") konum: C:\Program Files\dotnet\sdk\9.0.307\Sdks\Microsoft.NET.Sdk\targets\Microsoft.NET.Sdk.props (90,5)
       C:\Program Files\dotnet\sdk\9.0.307\Sdks\Microsoft.NET.Sdk\targets\Microsoft.NET.Sdk.props(90,5): message : Özellik yeniden ataması: $(AssemblySearchPaths)="{CandidateAssemblyFiles};{HintPathFromItem}" (önceki değer: "{CandidateAssemblyFiles}") konum: C:\Program Files\dotnet\sdk\9.0.307\Sdks\Microsoft.NET.Sdk\targets\Microsoft.NET.Sdk.props (90,5)
       C:\Program Files\dotnet\sdk\9.0.307\Sdks\Microsoft.NET.Sdk\targets\Microsoft.NET.Sdk.props(91,5): message : Özellik yeniden ataması: $(AssemblySearchPaths)="{CandidateAssemblyFiles};{HintPathFromItem};{TargetFrameworkDirectory}" (önceki değer: "{CandidateAssemblyFiles};{HintPathFromItem}") konum: C:\Program Files\dotnet\sdk\9.0.307\Sdks\Microsoft.NET.Sdk\targets\Microsoft.NET.Sdk.props (91,5)
       C:\Program Files\dotnet\sdk\9.0.307\Sdks\Microsoft.NET.Sdk\targets\Microsoft.NET.Sdk.props(91,5): message : Özellik yeniden ataması: $(AssemblySearchPaths)="{CandidateAssemblyFiles};{HintPathFromItem};{TargetFrameworkDirectory}" (önceki değer: "{CandidateAssemblyFiles};{HintPathFromItem}") konum: C:\Program Files\dotnet\sdk\9.0.307\Sdks\Microsoft.NET.Sdk\targets\Microsoft.NET.Sdk.props (91,5)
       C:\Program Files\dotnet\sdk\9.0.307\Sdks\Microsoft.NET.Sdk\targets\Microsoft.NET.Sdk.props(92,5): message : Özellik yeniden ataması: $(AssemblySearchPaths)="{CandidateAssemblyFiles};{HintPathFromItem};{TargetFrameworkDirectory};{RawFileName}" (önceki değer: "{CandidateAssemblyFiles};{HintPathFromItem};{TargetFrameworkDirectory}") konum: C:\Program Files\dotnet\sdk\9.0.307\Sdks\Microsoft.NET.Sdk\targets\Microsoft.NET.Sdk.props (92,5)
       C:\Program Files\dotnet\sdk\9.0.307\Sdks\Microsoft.NET.Sdk\targets\Microsoft.NET.Sdk.props(92,5): message : Özellik yeniden ataması: $(AssemblySearchPaths)="{CandidateAssemblyFiles};{HintPathFromItem};{TargetFrameworkDirectory};{RawFileName}" (önceki değer: "{CandidateAssemblyFiles};{HintPathFromItem};{TargetFrameworkDirectory}") konum: C:\Program Files\dotnet\sdk\9.0.307\Sdks\Microsoft.NET.Sdk\targets\Microsoft.NET.Sdk.props (92,5)
       C:\Program Files\dotnet\sdk\9.0.307\Sdks\Microsoft.NET.Sdk\targets\Microsoft.NET.PackProjectTool.props(15,5): message : Özellik yeniden ataması: $(TargetsForTfmSpecificContentInPackage)=";PackTool;_PackProjectToolValidation" (önceki değer: ";PackTool") konum: C:\Program Files\dotnet\sdk\9.0.307\Sdks\Microsoft.NET.Sdk\targets\Microsoft.NET.PackProjectTool.props (15,5)
       C:\Program Files\dotnet\sdk\9.0.307\Sdks\Microsoft.NET.Sdk\targets\Microsoft.NET.PackProjectTool.props(15,5): message : Özellik yeniden ataması: $(TargetsForTfmSpecificContentInPackage)=";PackTool;_PackProjectToolValidation" (önceki değer: ";PackTool") konum: C:\Program Files\dotnet\sdk\9.0.307\Sdks\Microsoft.NET.Sdk\targets\Microsoft.NET.PackProjectTool.props (15,5)
       C:\Program Files\dotnet\sdk\9.0.307\Sdks\Microsoft.NET.Sdk\targets\Microsoft.NET.Sdk.ImportPublishProfile.targets(28,5): message : Özellik yeniden ataması: $(PublishProfileImported)="false" (önceki değer: "true") konum: C:\Program Files\dotnet\sdk\9.0.307\Sdks\Microsoft.NET.Sdk\targets\Microsoft.NET.Sdk.ImportPublishProfile.targets (28,5)
       C:\Program Files\dotnet\sdk\9.0.307\Sdks\Microsoft.NET.Sdk\targets\Microsoft.NET.Sdk.ImportPublishProfile.targets(28,5): message : Özellik yeniden ataması: $(PublishProfileImported)="false" (önceki değer: "true") konum: C:\Program Files\dotnet\sdk\9.0.307\Sdks\Microsoft.NET.Sdk\targets\Microsoft.NET.Sdk.ImportPublishProfile.targets (28,5)
       C:\Program Files\dotnet\sdk\9.0.307\Sdks\Microsoft.NET.Sdk\targets\Microsoft.NET.TargetFrameworkInference.targets(69,5): message : Özellik yeniden ataması: $(TargetPlatformVersion)="" (önceki değer: "0.0") konum: C:\Program Files\dotnet\sdk\9.0.307\Sdks\Microsoft.NET.Sdk\targets\Microsoft.NET.TargetFrameworkInference.targets (69,5)
       C:\Program Files\dotnet\sdk\9.0.307\Sdks\Microsoft.NET.Sdk\targets\Microsoft.NET.TargetFrameworkInference.targets(69,5): message : Özellik yeniden ataması: $(TargetPlatformVersion)="" (önceki değer: "0.0") konum: C:\Program Files\dotnet\sdk\9.0.307\Sdks\Microsoft.NET.Sdk\targets\Microsoft.NET.TargetFrameworkInference.targets (69,5)
       C:\Program Files\dotnet\sdk\9.0.307\Sdks\Microsoft.NET.Sdk\targets\Microsoft.NET.DefaultOutputPaths.targets(122,5): message : Özellik yeniden ataması: $(DefaultItemExcludes)=";bin\Debug\/**;obj\Debug\/**" (önceki değer: ";bin\Debug\/**") konum: C:\Program Files\dotnet\sdk\9.0.307\Sdks\Microsoft.NET.Sdk\targets\Microsoft.NET.DefaultOutputPaths.targets (122,5)
       C:\Program Files\dotnet\sdk\9.0.307\Sdks\Microsoft.NET.Sdk\targets\Microsoft.NET.DefaultOutputPaths.targets(122,5): message : Özellik yeniden ataması: $(DefaultItemExcludes)=";bin\Debug\/**;obj\Debug\/**" (önceki değer: ";bin\Debug\/**") konum: C:\Program Files\dotnet\sdk\9.0.307\Sdks\Microsoft.NET.Sdk\targets\Microsoft.NET.DefaultOutputPaths.targets (122,5)
       C:\Program Files\dotnet\sdk\9.0.307\Sdks\Microsoft.NET.Sdk\targets\Microsoft.NET.DefaultOutputPaths.targets(137,5): message : Özellik yeniden ataması: $(OutputPath)="bin\Debug\net8.0\" (önceki değer: "bin\Debug\") konum: C:\Program Files\dotnet\sdk\9.0.307\Sdks\Microsoft.NET.Sdk\targets\Microsoft.NET.DefaultOutputPaths.targets (137,5)
       C:\Program Files\dotnet\sdk\9.0.307\Sdks\Microsoft.NET.Sdk\targets\Microsoft.NET.DefaultOutputPaths.targets(137,5): message : Özellik yeniden ataması: $(OutputPath)="bin\Debug\net8.0\" (önceki değer: "bin\Debug\") konum: C:\Program Files\dotnet\sdk\9.0.307\Sdks\Microsoft.NET.Sdk\targets\Microsoft.NET.DefaultOutputPaths.targets (137,5)
       C:\Program Files\dotnet\sdk\9.0.307\Sdks\Microsoft.NET.Sdk\targets\Microsoft.NET.DefaultOutputPaths.targets(142,5): message : Özellik yeniden ataması: $(IntermediateOutputPath)="obj\Debug\net8.0\" (önceki değer: "obj\Debug\") konum: C:\Program Files\dotnet\sdk\9.0.307\Sdks\Microsoft.NET.Sdk\targets\Microsoft.NET.DefaultOutputPaths.targets (142,5)
       C:\Program Files\dotnet\sdk\9.0.307\Sdks\Microsoft.NET.Sdk\targets\Microsoft.NET.DefaultOutputPaths.targets(142,5): message : Özellik yeniden ataması: $(IntermediateOutputPath)="obj\Debug\net8.0\" (önceki değer: "obj\Debug\") konum: C:\Program Files\dotnet\sdk\9.0.307\Sdks\Microsoft.NET.Sdk\targets\Microsoft.NET.DefaultOutputPaths.targets (142,5)
       C:\Program Files\dotnet\sdk\9.0.307\Sdks\Microsoft.NET.Sdk\targets\Microsoft.NET.Sdk.BeforeCommon.targets(187,5): message : Özellik yeniden ataması: $(_FrameworkIdentifierForImplicitDefine)="NET" (önceki değer: "NETCOREAPP") konum: C:\Program Files\dotnet\sdk\9.0.307\Sdks\Microsoft.NET.Sdk\targets\Microsoft.NET.Sdk.BeforeCommon.targets (187,5)
       C:\Program Files\dotnet\sdk\9.0.307\Sdks\Microsoft.NET.Sdk\targets\Microsoft.NET.Sdk.BeforeCommon.targets(192,5): message : Özellik yeniden ataması: $(_FrameworkVersionForImplicitDefine)="8_0" (önceki değer: "8.0") konum: C:\Program Files\dotnet\sdk\9.0.307\Sdks\Microsoft.NET.Sdk\targets\Microsoft.NET.Sdk.BeforeCommon.targets (192,5)
       C:\Program Files\dotnet\sdk\9.0.307\Sdks\Microsoft.NET.Sdk\targets\Microsoft.NET.Sdk.BeforeCommon.targets(187,5): message : Özellik yeniden ataması: $(_FrameworkIdentifierForImplicitDefine)="NET" (önceki değer: "NETCOREAPP") konum: C:\Program Files\dotnet\sdk\9.0.307\Sdks\Microsoft.NET.Sdk\targets\Microsoft.NET.Sdk.BeforeCommon.targets (187,5)
       C:\Program Files\dotnet\sdk\9.0.307\Roslyn\Microsoft.CSharp.Core.targets(200,5): message : Özellik yeniden ataması: $(CommandLineArgsForDesignTimeEvaluation)="-langversion:12.0 -define:TRACE" (önceki değer: "-langversion:12.0") konum: C:\Program Files\dotnet\sdk\9.0.307\Roslyn\Microsoft.CSharp.Core.targets (200,5)
       C:\Program Files\dotnet\sdk\9.0.307\Sdks\Microsoft.NET.Sdk\targets\Microsoft.NET.Sdk.BeforeCommon.targets(192,5): message : Özellik yeniden ataması: $(_FrameworkVersionForImplicitDefine)="8_0" (önceki değer: "8.0") konum: C:\Program Files\dotnet\sdk\9.0.307\Sdks\Microsoft.NET.Sdk\targets\Microsoft.NET.Sdk.BeforeCommon.targets (192,5)
       C:\Program Files\dotnet\sdk\9.0.307\Roslyn\Microsoft.CSharp.Core.targets(200,5): message : Özellik yeniden ataması: $(CommandLineArgsForDesignTimeEvaluation)="-langversion:12.0 -define:TRACE" (önceki değer: "-langversion:12.0") konum: C:\Program Files\dotnet\sdk\9.0.307\Roslyn\Microsoft.CSharp.Core.targets (200,5)
       C:\Program Files\dotnet\sdk\9.0.307\Microsoft.Common.CurrentVersion.targets(175,5): message : Özellik yeniden ataması: $(_DebugSymbolsProduced)="true" (önceki değer: "false") konum: C:\Program Files\dotnet\sdk\9.0.307\Microsoft.Common.CurrentVersion.targets (175,5)
       C:\Program Files\dotnet\sdk\9.0.307\Microsoft.Common.CurrentVersion.targets(175,5): message : Özellik yeniden ataması: $(_DebugSymbolsProduced)="true" (önceki değer: "false") konum: C:\Program Files\dotnet\sdk\9.0.307\Microsoft.Common.CurrentVersion.targets (175,5)
       C:\Program Files\dotnet\sdk\9.0.307\Microsoft.Common.CurrentVersion.targets(185,5): message : Özellik yeniden ataması: $(_DocumentationFileProduced)="false" (önceki değer: "true") konum: C:\Program Files\dotnet\sdk\9.0.307\Microsoft.Common.CurrentVersion.targets (185,5)
       C:\Program Files\dotnet\sdk\9.0.307\Microsoft.Common.CurrentVersion.targets(185,5): message : Özellik yeniden ataması: $(_DocumentationFileProduced)="false" (önceki değer: "true") konum: C:\Program Files\dotnet\sdk\9.0.307\Microsoft.Common.CurrentVersion.targets (185,5)
       C:\Program Files\dotnet\sdk\9.0.307\Microsoft.Common.CurrentVersion.targets(392,5): message : Özellik yeniden ataması: $(MSBuildCopyMarkerName)="ForgeFlo.6BD3C330" (önceki değer: "ForgeFlow.Artifact.Application.csproj") konum: C:\Program Files\dotnet\sdk\9.0.307\Microsoft.Common.CurrentVersion.targets (392,5)
       C:\Program Files\dotnet\sdk\9.0.307\Microsoft.Common.CurrentVersion.targets(393,5): message : Özellik yeniden ataması: $(MSBuildCopyMarkerName)="ForgeFlo.6BD3C330.Up2Date" (önceki değer: "ForgeFlo.6BD3C330") konum: C:\Program Files\dotnet\sdk\9.0.307\Microsoft.Common.CurrentVersion.targets (393,5)
       C:\Program Files\dotnet\sdk\9.0.307\Microsoft.Common.CurrentVersion.targets(392,5): message : Özellik yeniden ataması: $(MSBuildCopyMarkerName)="ForgeFlo.5CCDE736" (önceki değer: "ForgeFlow.Artifact.Infrastructure.csproj") konum: C:\Program Files\dotnet\sdk\9.0.307\Microsoft.Common.CurrentVersion.targets (392,5)
       C:\Program Files\dotnet\sdk\9.0.307\Microsoft.Common.CurrentVersion.targets(393,5): message : Özellik yeniden ataması: $(MSBuildCopyMarkerName)="ForgeFlo.5CCDE736.Up2Date" (önceki değer: "ForgeFlo.5CCDE736") konum: C:\Program Files\dotnet\sdk\9.0.307\Microsoft.Common.CurrentVersion.targets (393,5)
       C:\Program Files\dotnet\sdk\9.0.307\Microsoft.Common.CurrentVersion.targets(541,5): message : Özellik yeniden ataması: $(ProcessorArchitecture)="msil" (önceki değer: "") konum: C:\Program Files\dotnet\sdk\9.0.307\Microsoft.Common.CurrentVersion.targets (541,5)
       C:\Program Files\dotnet\sdk\9.0.307\Microsoft.Common.CurrentVersion.targets(541,5): message : Özellik yeniden ataması: $(ProcessorArchitecture)="msil" (önceki değer: "") konum: C:\Program Files\dotnet\sdk\9.0.307\Microsoft.Common.CurrentVersion.targets (541,5)
       C:\Program Files\dotnet\sdk\9.0.307\Microsoft.Common.CurrentVersion.targets(580,5): message : Özellik yeniden ataması: $(DelaySign)="" (önceki değer: "false") konum: C:\Program Files\dotnet\sdk\9.0.307\Microsoft.Common.CurrentVersion.targets (580,5)
       C:\Program Files\dotnet\sdk\9.0.307\Microsoft.Common.CurrentVersion.targets(580,5): message : Özellik yeniden ataması: $(DelaySign)="" (önceki değer: "false") konum: C:\Program Files\dotnet\sdk\9.0.307\Microsoft.Common.CurrentVersion.targets (580,5)
       C:\Program Files\dotnet\sdk\9.0.307\Microsoft.Common.CurrentVersion.targets(2619,5): message : 'C:\Users\alihe\AppData\Local' değerine sahip 'LOCALAPPDATA' özelliği ortamdan genişletildi.
       C:\Program Files\dotnet\sdk\9.0.307\Microsoft.Common.CurrentVersion.targets(3947,5): message : Özellik yeniden ataması: $(_SGenGenerateSerializationAssembliesConfig)="Auto" (önceki değer: "") konum: C:\Program Files\dotnet\sdk\9.0.307\Microsoft.Common.CurrentVersion.targets (3947,5)
       C:\Program Files\dotnet\sdk\9.0.307\Microsoft.Common.CurrentVersion.targets(2619,5): message : 'C:\Users\alihe\AppData\Local' değerine sahip 'LOCALAPPDATA' özelliği ortamdan genişletildi.
       C:\Program Files\dotnet\sdk\9.0.307\Microsoft.Common.CurrentVersion.targets(3948,5): message : Özellik yeniden ataması: $(_SGenGenerateSerializationAssembliesConfig)="Off" (önceki değer: "Auto") konum: C:\Program Files\dotnet\sdk\9.0.307\Microsoft.Common.CurrentVersion.targets (3948,5)
       C:\Program Files\dotnet\sdk\9.0.307\Microsoft.Common.CurrentVersion.targets(3947,5): message : Özellik yeniden ataması: $(_SGenGenerateSerializationAssembliesConfig)="Auto" (önceki değer: "") konum: C:\Program Files\dotnet\sdk\9.0.307\Microsoft.Common.CurrentVersion.targets (3947,5)
       C:\Program Files\dotnet\sdk\9.0.307\Microsoft.Common.CurrentVersion.targets(3948,5): message : Özellik yeniden ataması: $(_SGenGenerateSerializationAssembliesConfig)="Off" (önceki değer: "Auto") konum: C:\Program Files\dotnet\sdk\9.0.307\Microsoft.Common.CurrentVersion.targets (3948,5)
       C:\Program Files\dotnet\sdk\9.0.307\Microsoft.Common.CurrentVersion.targets(5159,5): message : Özellik yeniden ataması: $(_TargetsThatPrepareProjectReferences)="
       C:\Program Files\dotnet\sdk\9.0.307\Microsoft.Common.CurrentVersion.targets(5159,5): message :       AssignProjectConfiguration;
       C:\Program Files\dotnet\sdk\9.0.307\Microsoft.Common.CurrentVersion.targets(5159,5): message :       _SplitProjectReferencesByFileExistence
       C:\Program Files\dotnet\sdk\9.0.307\Microsoft.Common.CurrentVersion.targets(5159,5): message :     " (önceki değer: "_SplitProjectReferencesByFileExistence") konum: C:\Program Files\dotnet\sdk\9.0.307\Microsoft.Common.CurrentVersion.targets (5159,5)
       C:\Program Files\dotnet\sdk\9.0.307\Microsoft.Common.CurrentVersion.targets(5159,5): message : Özellik yeniden ataması: $(_TargetsThatPrepareProjectReferences)="
       C:\Program Files\dotnet\sdk\9.0.307\Microsoft.Common.CurrentVersion.targets(5159,5): message :       AssignProjectConfiguration;
       C:\Program Files\dotnet\sdk\9.0.307\Microsoft.Common.CurrentVersion.targets(5159,5): message :       _SplitProjectReferencesByFileExistence
       C:\Program Files\dotnet\sdk\9.0.307\Microsoft.Common.CurrentVersion.targets(5159,5): message :     " (önceki değer: "_SplitProjectReferencesByFileExistence") konum: C:\Program Files\dotnet\sdk\9.0.307\Microsoft.Common.CurrentVersion.targets (5159,5)
       C:\Program Files\dotnet\sdk\9.0.307\Microsoft.Common.CurrentVersion.targets(6954,5): message : 'C:\Program Files\dotnet\sdk\9.0.307' değerine sahip 'MSBuildExtensionsPath32' özelliği ortamdan genişletildi.
       C:\Program Files\dotnet\sdk\9.0.307\Microsoft.Common.CurrentVersion.targets(6954,5): message : 'C:\Program Files\dotnet\sdk\9.0.307' değerine sahip 'MSBuildExtensionsPath32' özelliği ortamdan genişletildi.
       C:\Program Files\dotnet\sdk\9.0.307\Sdks\Microsoft.NET.Sdk\targets\Microsoft.PackageDependencyResolution.targets(24,5): message : Özellik yeniden ataması: $(ProjectAssetsFile)="C:\Users\alihe\OneDrive\Masaüstü\ForgeFlow Project\services\artifact\ForgeFlow.Artifact.Application\obj\project.assets.json" (önceki değer: "C:\Users\alihe\OneDrive\Masaüstü\ForgeFlow Project\services\artifact\ForgeFlow.Artifact.Application\obj\/project.assets.json") konum: C:\Program Files\dotnet\sdk\9.0.307\Sdks\Microsoft.NET.Sdk\targets\Microsoft.PackageDependencyResolution.targets (24,5)
       C:\Program Files\dotnet\sdk\9.0.307\Sdks\Microsoft.NET.Sdk\targets\Microsoft.PackageDependencyResolution.targets(29,5): message : Özellik yeniden ataması: $(ProjectAssetsCacheFile)="C:\Users\alihe\OneDrive\Masaüstü\ForgeFlow Project\services\artifact\ForgeFlow.Artifact.Application\obj\Debug\net8.0\ForgeFlow.Artifact.Application.assets.cache" (önceki değer: "obj\Debug\net8.0\ForgeFlow.Artifact.Application.assets.cache") konum: C:\Program Files\dotnet\sdk\9.0.307\Sdks\Microsoft.NET.Sdk\targets\Microsoft.PackageDependencyResolution.targets (29,5)
       C:\Program Files\dotnet\sdk\9.0.307\Sdks\Microsoft.NET.Sdk\targets\Microsoft.PackageDependencyResolution.targets(80,5): message : Özellik yeniden ataması: $(ResolveAssemblyReferencesDependsOn)="
       C:\Program Files\dotnet\sdk\9.0.307\Sdks\Microsoft.NET.Sdk\targets\Microsoft.PackageDependencyResolution.targets(80,5): message :       
       C:\Program Files\dotnet\sdk\9.0.307\Sdks\Microsoft.NET.Sdk\targets\Microsoft.PackageDependencyResolution.targets(80,5): message :       ResolveProjectReferences;
       C:\Program Files\dotnet\sdk\9.0.307\Sdks\Microsoft.NET.Sdk\targets\Microsoft.PackageDependencyResolution.targets(80,5): message :       FindInvalidProjectReferences;
       C:\Program Files\dotnet\sdk\9.0.307\Sdks\Microsoft.NET.Sdk\targets\Microsoft.PackageDependencyResolution.targets(80,5): message :       GetFrameworkPaths;
       C:\Program Files\dotnet\sdk\9.0.307\Sdks\Microsoft.NET.Sdk\targets\Microsoft.PackageDependencyResolution.targets(80,5): message :       GetReferenceAssemblyPaths;
       C:\Program Files\dotnet\sdk\9.0.307\Sdks\Microsoft.NET.Sdk\targets\Microsoft.PackageDependencyResolution.targets(80,5): message :       PrepareForBuild;
       C:\Program Files\dotnet\sdk\9.0.307\Sdks\Microsoft.NET.Sdk\targets\Microsoft.PackageDependencyResolution.targets(80,5): message :       ResolveSDKReferences;
       C:\Program Files\dotnet\sdk\9.0.307\Sdks\Microsoft.NET.Sdk\targets\Microsoft.PackageDependencyResolution.targets(80,5): message :       ExpandSDKReferences;
       C:\Program Files\dotnet\sdk\9.0.307\Sdks\Microsoft.NET.Sdk\targets\Microsoft.PackageDependencyResolution.targets(80,5): message :     ;
       C:\Program Files\dotnet\sdk\9.0.307\Sdks\Microsoft.NET.Sdk\targets\Microsoft.PackageDependencyResolution.targets(80,5): message :       ResolvePackageDependenciesForBuild;
       C:\Program Files\dotnet\sdk\9.0.307\Sdks\Microsoft.NET.Sdk\targets\Microsoft.PackageDependencyResolution.targets(80,5): message :       _HandlePackageFileConflicts;
       C:\Program Files\dotnet\sdk\9.0.307\Sdks\Microsoft.NET.Sdk\targets\Microsoft.PackageDependencyResolution.targets(80,5): message :     " (önceki değer: "
       C:\Program Files\dotnet\sdk\9.0.307\Sdks\Microsoft.NET.Sdk\targets\Microsoft.PackageDependencyResolution.targets(80,5): message :       ResolveProjectReferences;
       C:\Program Files\dotnet\sdk\9.0.307\Sdks\Microsoft.NET.Sdk\targets\Microsoft.PackageDependencyResolution.targets(80,5): message :       FindInvalidProjectReferences;
       C:\Program Files\dotnet\sdk\9.0.307\Sdks\Microsoft.NET.Sdk\targets\Microsoft.PackageDependencyResolution.targets(80,5): message :       GetFrameworkPaths;
       C:\Program Files\dotnet\sdk\9.0.307\Sdks\Microsoft.NET.Sdk\targets\Microsoft.PackageDependencyResolution.targets(80,5): message :       GetReferenceAssemblyPaths;
       C:\Program Files\dotnet\sdk\9.0.307\Sdks\Microsoft.NET.Sdk\targets\Microsoft.PackageDependencyResolution.targets(80,5): message :       PrepareForBuild;
       C:\Program Files\dotnet\sdk\9.0.307\Sdks\Microsoft.NET.Sdk\targets\Microsoft.PackageDependencyResolution.targets(80,5): message :       ResolveSDKReferences;
       C:\Program Files\dotnet\sdk\9.0.307\Sdks\Microsoft.NET.Sdk\targets\Microsoft.PackageDependencyResolution.targets(80,5): message :       ExpandSDKReferences;
       C:\Program Files\dotnet\sdk\9.0.307\Sdks\Microsoft.NET.Sdk\targets\Microsoft.PackageDependencyResolution.targets(80,5): message :     ") konum: C:\Program Files\dotnet\sdk\9.0.307\Sdks\Microsoft.NET.Sdk\targets\Microsoft.PackageDependencyResolution.targets (80,5)
       C:\Program Files\dotnet\sdk\9.0.307\Sdks\Microsoft.NET.Sdk\targets\Microsoft.PackageDependencyResolution.targets(86,5): message : Özellik yeniden ataması: $(PrepareResourcesDependsOn)="
       C:\Program Files\dotnet\sdk\9.0.307\Sdks\Microsoft.NET.Sdk\targets\Microsoft.PackageDependencyResolution.targets(86,5): message :       ResolvePackageDependenciesForBuild;
       C:\Program Files\dotnet\sdk\9.0.307\Sdks\Microsoft.NET.Sdk\targets\Microsoft.PackageDependencyResolution.targets(86,5): message :       _HandlePackageFileConflicts;
       C:\Program Files\dotnet\sdk\9.0.307\Sdks\Microsoft.NET.Sdk\targets\Microsoft.PackageDependencyResolution.targets(86,5): message :       
       C:\Program Files\dotnet\sdk\9.0.307\Sdks\Microsoft.NET.Sdk\targets\Microsoft.PackageDependencyResolution.targets(86,5): message :       ;
       C:\Program Files\dotnet\sdk\9.0.307\Sdks\Microsoft.NET.Sdk\targets\Microsoft.PackageDependencyResolution.targets(86,5): message :       PrepareResourceNames;
       C:\Program Files\dotnet\sdk\9.0.307\Sdks\Microsoft.NET.Sdk\targets\Microsoft.PackageDependencyResolution.targets(86,5): message :       ResGen;
       C:\Program Files\dotnet\sdk\9.0.307\Sdks\Microsoft.NET.Sdk\targets\Microsoft.PackageDependencyResolution.targets(86,5): message :       CompileLicxFiles
       C:\Program Files\dotnet\sdk\9.0.307\Sdks\Microsoft.NET.Sdk\targets\Microsoft.PackageDependencyResolution.targets(86,5): message :     
       C:\Program Files\dotnet\sdk\9.0.307\Sdks\Microsoft.NET.Sdk\targets\Microsoft.PackageDependencyResolution.targets(86,5): message :     " (önceki değer: "
       C:\Program Files\dotnet\sdk\9.0.307\Sdks\Microsoft.NET.Sdk\targets\Microsoft.PackageDependencyResolution.targets(86,5): message :       ;
       C:\Program Files\dotnet\sdk\9.0.307\Sdks\Microsoft.NET.Sdk\targets\Microsoft.PackageDependencyResolution.targets(86,5): message :       PrepareResourceNames;
       C:\Program Files\dotnet\sdk\9.0.307\Sdks\Microsoft.NET.Sdk\targets\Microsoft.PackageDependencyResolution.targets(86,5): message :       ResGen;
       C:\Program Files\dotnet\sdk\9.0.307\Sdks\Microsoft.NET.Sdk\targets\Microsoft.PackageDependencyResolution.targets(86,5): message :       CompileLicxFiles
       C:\Program Files\dotnet\sdk\9.0.307\Sdks\Microsoft.NET.Sdk\targets\Microsoft.PackageDependencyResolution.targets(86,5): message :     ") konum: C:\Program Files\dotnet\sdk\9.0.307\Sdks\Microsoft.NET.Sdk\targets\Microsoft.PackageDependencyResolution.targets (86,5)
       C:\Program Files\dotnet\sdk\9.0.307\Sdks\Microsoft.NET.Sdk\targets\Microsoft.PackageDependencyResolution.targets(24,5): message : Özellik yeniden ataması: $(ProjectAssetsFile)="C:\Users\alihe\OneDrive\Masaüstü\ForgeFlow Project\services\artifact\ForgeFlow.Artifact.Infrastructure\obj\project.assets.json" (önceki değer: "C:\Users\alihe\OneDrive\Masaüstü\ForgeFlow Project\services\artifact\ForgeFlow.Artifact.Infrastructure\obj\/project.assets.json") konum: C:\Program Files\dotnet\sdk\9.0.307\Sdks\Microsoft.NET.Sdk\targets\Microsoft.PackageDependencyResolution.targets (24,5)
       C:\Program Files\dotnet\sdk\9.0.307\Sdks\Microsoft.NET.Sdk\targets\Microsoft.NET.Sdk.DefaultItems.targets(27,5): message : Özellik yeniden ataması: $(DefaultItemExcludes)=";bin\Debug\/**;obj\Debug\/**;bin\/**" (önceki değer: ";bin\Debug\/**;obj\Debug\/**") konum: C:\Program Files\dotnet\sdk\9.0.307\Sdks\Microsoft.NET.Sdk\targets\Microsoft.NET.Sdk.DefaultItems.targets (27,5)
       C:\Program Files\dotnet\sdk\9.0.307\Sdks\Microsoft.NET.Sdk\targets\Microsoft.PackageDependencyResolution.targets(29,5): message : Özellik yeniden ataması: $(ProjectAssetsCacheFile)="C:\Users\alihe\OneDrive\Masaüstü\ForgeFlow Project\services\artifact\ForgeFlow.Artifact.Infrastructure\obj\Debug\net8.0\ForgeFlow.Artifact.Infrastructure.assets.cache" (önceki değer: "obj\Debug\net8.0\ForgeFlow.Artifact.Infrastructure.assets.cache") konum: C:\Program Files\dotnet\sdk\9.0.307\Sdks\Microsoft.NET.Sdk\targets\Microsoft.PackageDependencyResolution.targets (29,5)
       C:\Program Files\dotnet\sdk\9.0.307\Sdks\Microsoft.NET.Sdk\targets\Microsoft.NET.Sdk.DefaultItems.targets(29,5): message : Özellik yeniden ataması: $(DefaultItemExcludes)=";bin\Debug\/**;obj\Debug\/**;bin\/**;obj\/**" (önceki değer: ";bin\Debug\/**;obj\Debug\/**;bin\/**") konum: C:\Program Files\dotnet\sdk\9.0.307\Sdks\Microsoft.NET.Sdk\targets\Microsoft.NET.Sdk.DefaultItems.targets (29,5)
       C:\Program Files\dotnet\sdk\9.0.307\Sdks\Microsoft.NET.Sdk\targets\Microsoft.PackageDependencyResolution.targets(80,5): message : Özellik yeniden ataması: $(ResolveAssemblyReferencesDependsOn)="
       C:\Program Files\dotnet\sdk\9.0.307\Sdks\Microsoft.NET.Sdk\targets\Microsoft.PackageDependencyResolution.targets(80,5): message :       
       C:\Program Files\dotnet\sdk\9.0.307\Sdks\Microsoft.NET.Sdk\targets\Microsoft.PackageDependencyResolution.targets(80,5): message :       ResolveProjectReferences;
       C:\Program Files\dotnet\sdk\9.0.307\Sdks\Microsoft.NET.Sdk\targets\Microsoft.PackageDependencyResolution.targets(80,5): message :       FindInvalidProjectReferences;
       C:\Program Files\dotnet\sdk\9.0.307\Sdks\Microsoft.NET.Sdk\targets\Microsoft.PackageDependencyResolution.targets(80,5): message :       GetFrameworkPaths;
       C:\Program Files\dotnet\sdk\9.0.307\Sdks\Microsoft.NET.Sdk\targets\Microsoft.PackageDependencyResolution.targets(80,5): message :       GetReferenceAssemblyPaths;
       C:\Program Files\dotnet\sdk\9.0.307\Sdks\Microsoft.NET.Sdk\targets\Microsoft.PackageDependencyResolution.targets(80,5): message :       PrepareForBuild;
       C:\Program Files\dotnet\sdk\9.0.307\Sdks\Microsoft.NET.Sdk\targets\Microsoft.PackageDependencyResolution.targets(80,5): message :       ResolveSDKReferences;
       C:\Program Files\dotnet\sdk\9.0.307\Sdks\Microsoft.NET.Sdk\targets\Microsoft.PackageDependencyResolution.targets(80,5): message :       ExpandSDKReferences;
       C:\Program Files\dotnet\sdk\9.0.307\Sdks\Microsoft.NET.Sdk\targets\Microsoft.PackageDependencyResolution.targets(80,5): message :     ;
       C:\Program Files\dotnet\sdk\9.0.307\Sdks\Microsoft.NET.Sdk\targets\Microsoft.PackageDependencyResolution.targets(80,5): message :       ResolvePackageDependenciesForBuild;
       C:\Program Files\dotnet\sdk\9.0.307\Sdks\Microsoft.NET.Sdk\targets\Microsoft.PackageDependencyResolution.targets(80,5): message :       _HandlePackageFileConflicts;
       C:\Program Files\dotnet\sdk\9.0.307\Sdks\Microsoft.NET.Sdk\targets\Microsoft.PackageDependencyResolution.targets(80,5): message :     " (önceki değer: "
       C:\Program Files\dotnet\sdk\9.0.307\Sdks\Microsoft.NET.Sdk\targets\Microsoft.PackageDependencyResolution.targets(80,5): message :       ResolveProjectReferences;
       C:\Program Files\dotnet\sdk\9.0.307\Sdks\Microsoft.NET.Sdk\targets\Microsoft.PackageDependencyResolution.targets(80,5): message :       FindInvalidProjectReferences;
       C:\Program Files\dotnet\sdk\9.0.307\Sdks\Microsoft.NET.Sdk\targets\Microsoft.PackageDependencyResolution.targets(80,5): message :       GetFrameworkPaths;
       C:\Program Files\dotnet\sdk\9.0.307\Sdks\Microsoft.NET.Sdk\targets\Microsoft.PackageDependencyResolution.targets(80,5): message :       GetReferenceAssemblyPaths;
       C:\Program Files\dotnet\sdk\9.0.307\Sdks\Microsoft.NET.Sdk\targets\Microsoft.PackageDependencyResolution.targets(80,5): message :       PrepareForBuild;
       C:\Program Files\dotnet\sdk\9.0.307\Sdks\Microsoft.NET.Sdk\targets\Microsoft.PackageDependencyResolution.targets(80,5): message :       ResolveSDKReferences;
       C:\Program Files\dotnet\sdk\9.0.307\Sdks\Microsoft.NET.Sdk\targets\Microsoft.PackageDependencyResolution.targets(80,5): message :       ExpandSDKReferences;
       C:\Program Files\dotnet\sdk\9.0.307\Sdks\Microsoft.NET.Sdk\targets\Microsoft.PackageDependencyResolution.targets(80,5): message :     ") konum: C:\Program Files\dotnet\sdk\9.0.307\Sdks\Microsoft.NET.Sdk\targets\Microsoft.PackageDependencyResolution.targets (80,5)
       C:\Program Files\dotnet\sdk\9.0.307\Sdks\Microsoft.NET.Sdk\targets\Microsoft.NET.Sdk.DefaultItems.targets(32,5): message : Özellik yeniden ataması: $(DefaultItemExcludes)=";bin\Debug\/**;obj\Debug\/**;bin\/**;obj\/**;**/*.user" (önceki değer: ";bin\Debug\/**;obj\Debug\/**;bin\/**;obj\/**") konum: C:\Program Files\dotnet\sdk\9.0.307\Sdks\Microsoft.NET.Sdk\targets\Microsoft.NET.Sdk.DefaultItems.targets (32,5)
       C:\Program Files\dotnet\sdk\9.0.307\Sdks\Microsoft.NET.Sdk\targets\Microsoft.PackageDependencyResolution.targets(86,5): message : Özellik yeniden ataması: $(PrepareResourcesDependsOn)="
       C:\Program Files\dotnet\sdk\9.0.307\Sdks\Microsoft.NET.Sdk\targets\Microsoft.PackageDependencyResolution.targets(86,5): message :       ResolvePackageDependenciesForBuild;
       C:\Program Files\dotnet\sdk\9.0.307\Sdks\Microsoft.NET.Sdk\targets\Microsoft.PackageDependencyResolution.targets(86,5): message :       _HandlePackageFileConflicts;
       C:\Program Files\dotnet\sdk\9.0.307\Sdks\Microsoft.NET.Sdk\targets\Microsoft.PackageDependencyResolution.targets(86,5): message :       
       C:\Program Files\dotnet\sdk\9.0.307\Sdks\Microsoft.NET.Sdk\targets\Microsoft.PackageDependencyResolution.targets(86,5): message :       ;
       C:\Program Files\dotnet\sdk\9.0.307\Sdks\Microsoft.NET.Sdk\targets\Microsoft.PackageDependencyResolution.targets(86,5): message :       PrepareResourceNames;
       C:\Program Files\dotnet\sdk\9.0.307\Sdks\Microsoft.NET.Sdk\targets\Microsoft.PackageDependencyResolution.targets(86,5): message :       ResGen;
       C:\Program Files\dotnet\sdk\9.0.307\Sdks\Microsoft.NET.Sdk\targets\Microsoft.PackageDependencyResolution.targets(86,5): message :       CompileLicxFiles
       C:\Program Files\dotnet\sdk\9.0.307\Sdks\Microsoft.NET.Sdk\targets\Microsoft.PackageDependencyResolution.targets(86,5): message :     
       C:\Program Files\dotnet\sdk\9.0.307\Sdks\Microsoft.NET.Sdk\targets\Microsoft.PackageDependencyResolution.targets(86,5): message :     " (önceki değer: "
       C:\Program Files\dotnet\sdk\9.0.307\Sdks\Microsoft.NET.Sdk\targets\Microsoft.PackageDependencyResolution.targets(86,5): message :       ;
       C:\Program Files\dotnet\sdk\9.0.307\Sdks\Microsoft.NET.Sdk\targets\Microsoft.PackageDependencyResolution.targets(86,5): message :       PrepareResourceNames;
       C:\Program Files\dotnet\sdk\9.0.307\Sdks\Microsoft.NET.Sdk\targets\Microsoft.PackageDependencyResolution.targets(86,5): message :       ResGen;
       C:\Program Files\dotnet\sdk\9.0.307\Sdks\Microsoft.NET.Sdk\targets\Microsoft.PackageDependencyResolution.targets(86,5): message :       CompileLicxFiles
       C:\Program Files\dotnet\sdk\9.0.307\Sdks\Microsoft.NET.Sdk\targets\Microsoft.PackageDependencyResolution.targets(86,5): message :     ") konum: C:\Program Files\dotnet\sdk\9.0.307\Sdks\Microsoft.NET.Sdk\targets\Microsoft.PackageDependencyResolution.targets (86,5)
       C:\Program Files\dotnet\sdk\9.0.307\Sdks\Microsoft.NET.Sdk\targets\Microsoft.NET.Sdk.DefaultItems.targets(33,5): message : Özellik yeniden ataması: $(DefaultItemExcludes)=";bin\Debug\/**;obj\Debug\/**;bin\/**;obj\/**;**/*.user;**/*.*proj" (önceki değer: ";bin\Debug\/**;obj\Debug\/**;bin\/**;obj\/**;**/*.user") konum: C:\Program Files\dotnet\sdk\9.0.307\Sdks\Microsoft.NET.Sdk\targets\Microsoft.NET.Sdk.DefaultItems.targets (33,5)
       C:\Program Files\dotnet\sdk\9.0.307\Sdks\Microsoft.NET.Sdk\targets\Microsoft.NET.Sdk.DefaultItems.targets(27,5): message : Özellik yeniden ataması: $(DefaultItemExcludes)=";bin\Debug\/**;obj\Debug\/**;bin\/**" (önceki değer: ";bin\Debug\/**;obj\Debug\/**") konum: C:\Program Files\dotnet\sdk\9.0.307\Sdks\Microsoft.NET.Sdk\targets\Microsoft.NET.Sdk.DefaultItems.targets (27,5)
       C:\Program Files\dotnet\sdk\9.0.307\Sdks\Microsoft.NET.Sdk\targets\Microsoft.NET.Sdk.DefaultItems.targets(34,5): message : Özellik yeniden ataması: $(DefaultItemExcludes)=";bin\Debug\/**;obj\Debug\/**;bin\/**;obj\/**;**/*.user;**/*.*proj;**/*.sln" (önceki değer: ";bin\Debug\/**;obj\Debug\/**;bin\/**;obj\/**;**/*.user;**/*.*proj") konum: C:\Program Files\dotnet\sdk\9.0.307\Sdks\Microsoft.NET.Sdk\targets\Microsoft.NET.Sdk.DefaultItems.targets (34,5)
       C:\Program Files\dotnet\sdk\9.0.307\Sdks\Microsoft.NET.Sdk\targets\Microsoft.NET.Sdk.DefaultItems.targets(29,5): message : Özellik yeniden ataması: $(DefaultItemExcludes)=";bin\Debug\/**;obj\Debug\/**;bin\/**;obj\/**" (önceki değer: ";bin\Debug\/**;obj\Debug\/**;bin\/**") konum: C:\Program Files\dotnet\sdk\9.0.307\Sdks\Microsoft.NET.Sdk\targets\Microsoft.NET.Sdk.DefaultItems.targets (29,5)
       C:\Program Files\dotnet\sdk\9.0.307\Sdks\Microsoft.NET.Sdk\targets\Microsoft.NET.Sdk.DefaultItems.targets(32,5): message : Özellik yeniden ataması: $(DefaultItemExcludes)=";bin\Debug\/**;obj\Debug\/**;bin\/**;obj\/**;**/*.user" (önceki değer: ";bin\Debug\/**;obj\Debug\/**;bin\/**;obj\/**") konum: C:\Program Files\dotnet\sdk\9.0.307\Sdks\Microsoft.NET.Sdk\targets\Microsoft.NET.Sdk.DefaultItems.targets (32,5)
       C:\Program Files\dotnet\sdk\9.0.307\Sdks\Microsoft.NET.Sdk\targets\Microsoft.NET.Sdk.DefaultItems.targets(35,5): message : Özellik yeniden ataması: $(DefaultItemExcludes)=";bin\Debug\/**;obj\Debug\/**;bin\/**;obj\/**;**/*.user;**/*.*proj;**/*.sln;**/*.slnx" (önceki değer: ";bin\Debug\/**;obj\Debug\/**;bin\/**;obj\/**;**/*.user;**/*.*proj;**/*.sln") konum: C:\Program Files\dotnet\sdk\9.0.307\Sdks\Microsoft.NET.Sdk\targets\Microsoft.NET.Sdk.DefaultItems.targets (35,5)
       C:\Program Files\dotnet\sdk\9.0.307\Sdks\Microsoft.NET.Sdk\targets\Microsoft.NET.Sdk.DefaultItems.targets(36,5): message : Özellik yeniden ataması: $(DefaultItemExcludes)=";bin\Debug\/**;obj\Debug\/**;bin\/**;obj\/**;**/*.user;**/*.*proj;**/*.sln;**/*.slnx;**/*.vssscc" (önceki değer: ";bin\Debug\/**;obj\Debug\/**;bin\/**;obj\/**;**/*.user;**/*.*proj;**/*.sln;**/*.slnx") konum: C:\Program Files\dotnet\sdk\9.0.307\Sdks\Microsoft.NET.Sdk\targets\Microsoft.NET.Sdk.DefaultItems.targets (36,5)
       C:\Program Files\dotnet\sdk\9.0.307\Sdks\Microsoft.NET.Sdk\targets\Microsoft.NET.Sdk.DefaultItems.targets(33,5): message : Özellik yeniden ataması: $(DefaultItemExcludes)=";bin\Debug\/**;obj\Debug\/**;bin\/**;obj\/**;**/*.user;**/*.*proj" (önceki değer: ";bin\Debug\/**;obj\Debug\/**;bin\/**;obj\/**;**/*.user") konum: C:\Program Files\dotnet\sdk\9.0.307\Sdks\Microsoft.NET.Sdk\targets\Microsoft.NET.Sdk.DefaultItems.targets (33,5)
       C:\Program Files\dotnet\sdk\9.0.307\Sdks\Microsoft.NET.Sdk\targets\Microsoft.NET.Sdk.DefaultItems.targets(34,5): message : Özellik yeniden ataması: $(DefaultItemExcludes)=";bin\Debug\/**;obj\Debug\/**;bin\/**;obj\/**;**/*.user;**/*.*proj;**/*.sln" (önceki değer: ";bin\Debug\/**;obj\Debug\/**;bin\/**;obj\/**;**/*.user;**/*.*proj") konum: C:\Program Files\dotnet\sdk\9.0.307\Sdks\Microsoft.NET.Sdk\targets\Microsoft.NET.Sdk.DefaultItems.targets (34,5)
       C:\Program Files\dotnet\sdk\9.0.307\Sdks\Microsoft.NET.Sdk\targets\Microsoft.NET.Sdk.DefaultItems.targets(37,5): message : Özellik yeniden ataması: $(DefaultItemExcludes)=";bin\Debug\/**;obj\Debug\/**;bin\/**;obj\/**;**/*.user;**/*.*proj;**/*.sln;**/*.slnx;**/*.vssscc;**/.DS_Store" (önceki değer: ";bin\Debug\/**;obj\Debug\/**;bin\/**;obj\/**;**/*.user;**/*.*proj;**/*.sln;**/*.slnx;**/*.vssscc") konum: C:\Program Files\dotnet\sdk\9.0.307\Sdks\Microsoft.NET.Sdk\targets\Microsoft.NET.Sdk.DefaultItems.targets (37,5)
       C:\Program Files\dotnet\sdk\9.0.307\Sdks\Microsoft.NET.Sdk\targets\Microsoft.NET.Sdk.DefaultItems.targets(35,5): message : Özellik yeniden ataması: $(DefaultItemExcludes)=";bin\Debug\/**;obj\Debug\/**;bin\/**;obj\/**;**/*.user;**/*.*proj;**/*.sln;**/*.slnx" (önceki değer: ";bin\Debug\/**;obj\Debug\/**;bin\/**;obj\/**;**/*.user;**/*.*proj;**/*.sln") konum: C:\Program Files\dotnet\sdk\9.0.307\Sdks\Microsoft.NET.Sdk\targets\Microsoft.NET.Sdk.DefaultItems.targets (35,5)
       C:\Program Files\dotnet\sdk\9.0.307\Sdks\Microsoft.NET.Sdk\targets\Microsoft.NET.Sdk.DefaultItems.targets(36,5): message : Özellik yeniden ataması: $(DefaultItemExcludes)=";bin\Debug\/**;obj\Debug\/**;bin\/**;obj\/**;**/*.user;**/*.*proj;**/*.sln;**/*.slnx;**/*.vssscc" (önceki değer: ";bin\Debug\/**;obj\Debug\/**;bin\/**;obj\/**;**/*.user;**/*.*proj;**/*.sln;**/*.slnx") konum: C:\Program Files\dotnet\sdk\9.0.307\Sdks\Microsoft.NET.Sdk\targets\Microsoft.NET.Sdk.DefaultItems.targets (36,5)
       C:\Program Files\dotnet\sdk\9.0.307\Sdks\Microsoft.NET.Sdk\targets\Microsoft.NET.Sdk.FrameworkReferenceResolution.targets(14,5): message : Özellik yeniden ataması: $(ResolveAssemblyReferencesDependsOn)="
       C:\Program Files\dotnet\sdk\9.0.307\Sdks\Microsoft.NET.Sdk\targets\Microsoft.NET.Sdk.FrameworkReferenceResolution.targets(14,5): message :       
       C:\Program Files\dotnet\sdk\9.0.307\Sdks\Microsoft.NET.Sdk\targets\Microsoft.NET.Sdk.FrameworkReferenceResolution.targets(14,5): message :       
       C:\Program Files\dotnet\sdk\9.0.307\Sdks\Microsoft.NET.Sdk\targets\Microsoft.NET.Sdk.FrameworkReferenceResolution.targets(14,5): message :       ResolveProjectReferences;
       C:\Program Files\dotnet\sdk\9.0.307\Sdks\Microsoft.NET.Sdk\targets\Microsoft.NET.Sdk.FrameworkReferenceResolution.targets(14,5): message :       FindInvalidProjectReferences;
       C:\Program Files\dotnet\sdk\9.0.307\Sdks\Microsoft.NET.Sdk\targets\Microsoft.NET.Sdk.FrameworkReferenceResolution.targets(14,5): message :       GetFrameworkPaths;
       C:\Program Files\dotnet\sdk\9.0.307\Sdks\Microsoft.NET.Sdk\targets\Microsoft.NET.Sdk.FrameworkReferenceResolution.targets(14,5): message :       GetReferenceAssemblyPaths;
       C:\Program Files\dotnet\sdk\9.0.307\Sdks\Microsoft.NET.Sdk\targets\Microsoft.NET.Sdk.FrameworkReferenceResolution.targets(14,5): message :       PrepareForBuild;
       C:\Program Files\dotnet\sdk\9.0.307\Sdks\Microsoft.NET.Sdk\targets\Microsoft.NET.Sdk.FrameworkReferenceResolution.targets(14,5): message :       ResolveSDKReferences;
       C:\Program Files\dotnet\sdk\9.0.307\Sdks\Microsoft.NET.Sdk\targets\Microsoft.NET.Sdk.FrameworkReferenceResolution.targets(14,5): message :       ExpandSDKReferences;
       C:\Program Files\dotnet\sdk\9.0.307\Sdks\Microsoft.NET.Sdk\targets\Microsoft.NET.Sdk.FrameworkReferenceResolution.targets(14,5): message :     ;
       C:\Program Files\dotnet\sdk\9.0.307\Sdks\Microsoft.NET.Sdk\targets\Microsoft.NET.Sdk.FrameworkReferenceResolution.targets(14,5): message :       ResolvePackageDependenciesForBuild;
       C:\Program Files\dotnet\sdk\9.0.307\Sdks\Microsoft.NET.Sdk\targets\Microsoft.NET.Sdk.FrameworkReferenceResolution.targets(14,5): message :       _HandlePackageFileConflicts;
       C:\Program Files\dotnet\sdk\9.0.307\Sdks\Microsoft.NET.Sdk\targets\Microsoft.NET.Sdk.FrameworkReferenceResolution.targets(14,5): message :     ;
       C:\Program Files\dotnet\sdk\9.0.307\Sdks\Microsoft.NET.Sdk\targets\Microsoft.NET.Sdk.FrameworkReferenceResolution.targets(14,5): message :       ResolveTargetingPackAssets;
       C:\Program Files\dotnet\sdk\9.0.307\Sdks\Microsoft.NET.Sdk\targets\Microsoft.NET.Sdk.FrameworkReferenceResolution.targets(14,5): message :     " (önceki değer: "
       C:\Program Files\dotnet\sdk\9.0.307\Sdks\Microsoft.NET.Sdk\targets\Microsoft.NET.Sdk.FrameworkReferenceResolution.targets(14,5): message :       
       C:\Program Files\dotnet\sdk\9.0.307\Sdks\Microsoft.NET.Sdk\targets\Microsoft.NET.Sdk.FrameworkReferenceResolution.targets(14,5): message :       ResolveProjectReferences;
       C:\Program Files\dotnet\sdk\9.0.307\Sdks\Microsoft.NET.Sdk\targets\Microsoft.NET.Sdk.FrameworkReferenceResolution.targets(14,5): message :       FindInvalidProjectReferences;
       C:\Program Files\dotnet\sdk\9.0.307\Sdks\Microsoft.NET.Sdk\targets\Microsoft.NET.Sdk.FrameworkReferenceResolution.targets(14,5): message :       GetFrameworkPaths;
       C:\Program Files\dotnet\sdk\9.0.307\Sdks\Microsoft.NET.Sdk\targets\Microsoft.NET.Sdk.FrameworkReferenceResolution.targets(14,5): message :       GetReferenceAssemblyPaths;
       C:\Program Files\dotnet\sdk\9.0.307\Sdks\Microsoft.NET.Sdk\targets\Microsoft.NET.Sdk.FrameworkReferenceResolution.targets(14,5): message :       PrepareForBuild;
       C:\Program Files\dotnet\sdk\9.0.307\Sdks\Microsoft.NET.Sdk\targets\Microsoft.NET.Sdk.FrameworkReferenceResolution.targets(14,5): message :       ResolveSDKReferences;
       C:\Program Files\dotnet\sdk\9.0.307\Sdks\Microsoft.NET.Sdk\targets\Microsoft.NET.Sdk.FrameworkReferenceResolution.targets(14,5): message :       ExpandSDKReferences;
       C:\Program Files\dotnet\sdk\9.0.307\Sdks\Microsoft.NET.Sdk\targets\Microsoft.NET.Sdk.FrameworkReferenceResolution.targets(14,5): message :     ;
       C:\Program Files\dotnet\sdk\9.0.307\Sdks\Microsoft.NET.Sdk\targets\Microsoft.NET.Sdk.FrameworkReferenceResolution.targets(14,5): message :       ResolvePackageDependenciesForBuild;
       C:\Program Files\dotnet\sdk\9.0.307\Sdks\Microsoft.NET.Sdk\targets\Microsoft.NET.Sdk.FrameworkReferenceResolution.targets(14,5): message :       _HandlePackageFileConflicts;
       C:\Program Files\dotnet\sdk\9.0.307\Sdks\Microsoft.NET.Sdk\targets\Microsoft.NET.Sdk.FrameworkReferenceResolution.targets(14,5): message :     ") konum: C:\Program Files\dotnet\sdk\9.0.307\Sdks\Microsoft.NET.Sdk\targets\Microsoft.NET.Sdk.FrameworkReferenceResolution.targets (14,5)
       C:\Program Files\dotnet\sdk\9.0.307\Sdks\Microsoft.NET.Sdk\targets\Microsoft.NET.Sdk.DefaultItems.targets(37,5): message : Özellik yeniden ataması: $(DefaultItemExcludes)=";bin\Debug\/**;obj\Debug\/**;bin\/**;obj\/**;**/*.user;**/*.*proj;**/*.sln;**/*.slnx;**/*.vssscc;**/.DS_Store" (önceki değer: ";bin\Debug\/**;obj\Debug\/**;bin\/**;obj\/**;**/*.user;**/*.*proj;**/*.sln;**/*.slnx;**/*.vssscc") konum: C:\Program Files\dotnet\sdk\9.0.307\Sdks\Microsoft.NET.Sdk\targets\Microsoft.NET.Sdk.DefaultItems.targets (37,5)
       C:\Program Files\dotnet\sdk\9.0.307\Sdks\Microsoft.NET.Sdk\targets\Microsoft.NET.Sdk.targets(44,5): message : Özellik yeniden ataması: $(_GenerateRuntimeConfigurationPropertyInputsCache)="C:\Users\alihe\OneDrive\Masaüstü\ForgeFlow Project\services\artifact\ForgeFlow.Artifact.Application\obj\Debug\net8.0\ForgeFlow.Artifact.Application.genruntimeconfig.cache" (önceki değer: "obj\Debug\net8.0\ForgeFlow.Artifact.Application.genruntimeconfig.cache") konum: C:\Program Files\dotnet\sdk\9.0.307\Sdks\Microsoft.NET.Sdk\targets\Microsoft.NET.Sdk.targets (44,5)
       C:\Program Files\dotnet\sdk\9.0.307\Sdks\Microsoft.NET.Sdk\targets\Microsoft.NET.Sdk.FrameworkReferenceResolution.targets(14,5): message : Özellik yeniden ataması: $(ResolveAssemblyReferencesDependsOn)="
       C:\Program Files\dotnet\sdk\9.0.307\Sdks\Microsoft.NET.Sdk\targets\Microsoft.NET.Sdk.FrameworkReferenceResolution.targets(14,5): message :       
       C:\Program Files\dotnet\sdk\9.0.307\Sdks\Microsoft.NET.Sdk\targets\Microsoft.NET.Sdk.FrameworkReferenceResolution.targets(14,5): message :       
       C:\Program Files\dotnet\sdk\9.0.307\Sdks\Microsoft.NET.Sdk\targets\Microsoft.NET.Sdk.FrameworkReferenceResolution.targets(14,5): message :       ResolveProjectReferences;
       C:\Program Files\dotnet\sdk\9.0.307\Sdks\Microsoft.NET.Sdk\targets\Microsoft.NET.Sdk.FrameworkReferenceResolution.targets(14,5): message :       FindInvalidProjectReferences;
       C:\Program Files\dotnet\sdk\9.0.307\Sdks\Microsoft.NET.Sdk\targets\Microsoft.NET.Sdk.FrameworkReferenceResolution.targets(14,5): message :       GetFrameworkPaths;
       C:\Program Files\dotnet\sdk\9.0.307\Sdks\Microsoft.NET.Sdk\targets\Microsoft.NET.Sdk.FrameworkReferenceResolution.targets(14,5): message :       GetReferenceAssemblyPaths;
       C:\Program Files\dotnet\sdk\9.0.307\Sdks\Microsoft.NET.Sdk\targets\Microsoft.NET.Sdk.FrameworkReferenceResolution.targets(14,5): message :       PrepareForBuild;
       C:\Program Files\dotnet\sdk\9.0.307\Sdks\Microsoft.NET.Sdk\targets\Microsoft.NET.Sdk.FrameworkReferenceResolution.targets(14,5): message :       ResolveSDKReferences;
       C:\Program Files\dotnet\sdk\9.0.307\Sdks\Microsoft.NET.Sdk\targets\Microsoft.NET.Sdk.FrameworkReferenceResolution.targets(14,5): message :       ExpandSDKReferences;
       C:\Program Files\dotnet\sdk\9.0.307\Sdks\Microsoft.NET.Sdk\targets\Microsoft.NET.Sdk.FrameworkReferenceResolution.targets(14,5): message :     ;
       C:\Program Files\dotnet\sdk\9.0.307\Sdks\Microsoft.NET.Sdk\targets\Microsoft.NET.Sdk.FrameworkReferenceResolution.targets(14,5): message :       ResolvePackageDependenciesForBuild;
       C:\Program Files\dotnet\sdk\9.0.307\Sdks\Microsoft.NET.Sdk\targets\Microsoft.NET.Sdk.FrameworkReferenceResolution.targets(14,5): message :       _HandlePackageFileConflicts;
       C:\Program Files\dotnet\sdk\9.0.307\Sdks\Microsoft.NET.Sdk\targets\Microsoft.NET.Sdk.FrameworkReferenceResolution.targets(14,5): message :     ;
       C:\Program Files\dotnet\sdk\9.0.307\Sdks\Microsoft.NET.Sdk\targets\Microsoft.NET.Sdk.FrameworkReferenceResolution.targets(14,5): message :       ResolveTargetingPackAssets;
       C:\Program Files\dotnet\sdk\9.0.307\Sdks\Microsoft.NET.Sdk\targets\Microsoft.NET.Sdk.FrameworkReferenceResolution.targets(14,5): message :     " (önceki değer: "
       C:\Program Files\dotnet\sdk\9.0.307\Sdks\Microsoft.NET.Sdk\targets\Microsoft.NET.Sdk.FrameworkReferenceResolution.targets(14,5): message :       
       C:\Program Files\dotnet\sdk\9.0.307\Sdks\Microsoft.NET.Sdk\targets\Microsoft.NET.Sdk.FrameworkReferenceResolution.targets(14,5): message :       ResolveProjectReferences;
       C:\Program Files\dotnet\sdk\9.0.307\Sdks\Microsoft.NET.Sdk\targets\Microsoft.NET.Sdk.FrameworkReferenceResolution.targets(14,5): message :       FindInvalidProjectReferences;
       C:\Program Files\dotnet\sdk\9.0.307\Sdks\Microsoft.NET.Sdk\targets\Microsoft.NET.Sdk.FrameworkReferenceResolution.targets(14,5): message :       GetFrameworkPaths;
       C:\Program Files\dotnet\sdk\9.0.307\Sdks\Microsoft.NET.Sdk\targets\Microsoft.NET.Sdk.FrameworkReferenceResolution.targets(14,5): message :       GetReferenceAssemblyPaths;
       C:\Program Files\dotnet\sdk\9.0.307\Sdks\Microsoft.NET.Sdk\targets\Microsoft.NET.Sdk.FrameworkReferenceResolution.targets(14,5): message :       PrepareForBuild;
       C:\Program Files\dotnet\sdk\9.0.307\Sdks\Microsoft.NET.Sdk\targets\Microsoft.NET.Sdk.FrameworkReferenceResolution.targets(14,5): message :       ResolveSDKReferences;
       C:\Program Files\dotnet\sdk\9.0.307\Sdks\Microsoft.NET.Sdk\targets\Microsoft.NET.Sdk.FrameworkReferenceResolution.targets(14,5): message :       ExpandSDKReferences;
       C:\Program Files\dotnet\sdk\9.0.307\Sdks\Microsoft.NET.Sdk\targets\Microsoft.NET.Sdk.FrameworkReferenceResolution.targets(14,5): message :     ;
       C:\Program Files\dotnet\sdk\9.0.307\Sdks\Microsoft.NET.Sdk\targets\Microsoft.NET.Sdk.FrameworkReferenceResolution.targets(14,5): message :       ResolvePackageDependenciesForBuild;
       C:\Program Files\dotnet\sdk\9.0.307\Sdks\Microsoft.NET.Sdk\targets\Microsoft.NET.Sdk.FrameworkReferenceResolution.targets(14,5): message :       _HandlePackageFileConflicts;
       C:\Program Files\dotnet\sdk\9.0.307\Sdks\Microsoft.NET.Sdk\targets\Microsoft.NET.Sdk.FrameworkReferenceResolution.targets(14,5): message :     ") konum: C:\Program Files\dotnet\sdk\9.0.307\Sdks\Microsoft.NET.Sdk\targets\Microsoft.NET.Sdk.FrameworkReferenceResolution.targets (14,5)
       C:\Program Files\dotnet\sdk\9.0.307\Sdks\Microsoft.NET.Sdk\targets\Microsoft.NET.Sdk.targets(44,5): message : Özellik yeniden ataması: $(_GenerateRuntimeConfigurationPropertyInputsCache)="C:\Users\alihe\OneDrive\Masaüstü\ForgeFlow Project\services\artifact\ForgeFlow.Artifact.Infrastructure\obj\Debug\net8.0\ForgeFlow.Artifact.Infrastructure.genruntimeconfig.cache" (önceki değer: "obj\Debug\net8.0\ForgeFlow.Artifact.Infrastructure.genruntimeconfig.cache") konum: C:\Program Files\dotnet\sdk\9.0.307\Sdks\Microsoft.NET.Sdk\targets\Microsoft.NET.Sdk.targets (44,5)
       C:\Program Files\dotnet\sdk\9.0.307\Sdks\Microsoft.NET.Sdk\targets\Microsoft.NET.Sdk.targets(46,5): message : Özellik yeniden ataması: $(_GeneratePublishDependencyFilePropertyInputsCache)="C:\Users\alihe\OneDrive\Masaüstü\ForgeFlow Project\services\artifact\ForgeFlow.Artifact.Application\obj\Debug\net8.0\ForgeFlow.Artifact.Application.genpublishdeps.cache" (önceki değer: "obj\Debug\net8.0\ForgeFlow.Artifact.Application.genpublishdeps.cache") konum: C:\Program Files\dotnet\sdk\9.0.307\Sdks\Microsoft.NET.Sdk\targets\Microsoft.NET.Sdk.targets (46,5)
       C:\Program Files\dotnet\sdk\9.0.307\Sdks\Microsoft.NET.Sdk\targets\Microsoft.NET.Sdk.targets(46,5): message : Özellik yeniden ataması: $(_GeneratePublishDependencyFilePropertyInputsCache)="C:\Users\alihe\OneDrive\Masaüstü\ForgeFlow Project\services\artifact\ForgeFlow.Artifact.Infrastructure\obj\Debug\net8.0\ForgeFlow.Artifact.Infrastructure.genpublishdeps.cache" (önceki değer: "obj\Debug\net8.0\ForgeFlow.Artifact.Infrastructure.genpublishdeps.cache") konum: C:\Program Files\dotnet\sdk\9.0.307\Sdks\Microsoft.NET.Sdk\targets\Microsoft.NET.Sdk.targets (46,5)
       C:\Program Files\dotnet\sdk\9.0.307\Sdks\Microsoft.NET.Sdk\targets\Microsoft.NET.Sdk.targets(48,5): message : Özellik yeniden ataması: $(_GenerateSingleFileBundlePropertyInputsCache)="C:\Users\alihe\OneDrive\Masaüstü\ForgeFlow Project\services\artifact\ForgeFlow.Artifact.Infrastructure\obj\Debug\net8.0\ForgeFlow.Artifact.Infrastructure.genbundle.cache" (önceki değer: "obj\Debug\net8.0\ForgeFlow.Artifact.Infrastructure.genbundle.cache") konum: C:\Program Files\dotnet\sdk\9.0.307\Sdks\Microsoft.NET.Sdk\targets\Microsoft.NET.Sdk.targets (48,5)
       C:\Program Files\dotnet\sdk\9.0.307\Sdks\Microsoft.NET.Sdk\targets\Microsoft.NET.Sdk.targets(48,5): message : Özellik yeniden ataması: $(_GenerateSingleFileBundlePropertyInputsCache)="C:\Users\alihe\OneDrive\Masaüstü\ForgeFlow Project\services\artifact\ForgeFlow.Artifact.Application\obj\Debug\net8.0\ForgeFlow.Artifact.Application.genbundle.cache" (önceki değer: "obj\Debug\net8.0\ForgeFlow.Artifact.Application.genbundle.cache") konum: C:\Program Files\dotnet\sdk\9.0.307\Sdks\Microsoft.NET.Sdk\targets\Microsoft.NET.Sdk.targets (48,5)
       C:\Program Files\dotnet\sdk\9.0.307\Sdks\Microsoft.NET.Sdk\targets\Microsoft.NET.Sdk.targets(81,5): message : Özellik yeniden ataması: $(GenerateRuntimeConfigDevFile)="false" (önceki değer: "true") konum: C:\Program Files\dotnet\sdk\9.0.307\Sdks\Microsoft.NET.Sdk\targets\Microsoft.NET.Sdk.targets (81,5)
       C:\Program Files\dotnet\sdk\9.0.307\Sdks\Microsoft.NET.Sdk\targets\Microsoft.NET.Sdk.targets(81,5): message : Özellik yeniden ataması: $(GenerateRuntimeConfigDevFile)="false" (önceki değer: "true") konum: C:\Program Files\dotnet\sdk\9.0.307\Sdks\Microsoft.NET.Sdk\targets\Microsoft.NET.Sdk.targets (81,5)
       C:\Program Files\dotnet\sdk\9.0.307\Sdks\Microsoft.NET.Sdk\targets\Microsoft.NET.Sdk.targets(97,5): message : 'C:\Users\alihe' değerine sahip 'USERPROFILE' özelliği ortamdan genişletildi.
       C:\Program Files\dotnet\sdk\9.0.307\Sdks\Microsoft.NET.Sdk\targets\Microsoft.NET.Sdk.targets(97,5): message : 'C:\Users\alihe' değerine sahip 'USERPROFILE' özelliği ortamdan genişletildi.
       C:\Program Files\dotnet\sdk\9.0.307\Sdks\Microsoft.NET.Sdk\targets\Microsoft.NET.Sdk.targets(97,5): message : Özellik yeniden ataması: $(_DefaultUserProfileRuntimeStorePath)="C:\Users\alihe" (önceki değer: "") konum: C:\Program Files\dotnet\sdk\9.0.307\Sdks\Microsoft.NET.Sdk\targets\Microsoft.NET.Sdk.targets (97,5)
       C:\Program Files\dotnet\sdk\9.0.307\Sdks\Microsoft.NET.Sdk\targets\Microsoft.NET.Sdk.targets(97,5): message : Özellik yeniden ataması: $(_DefaultUserProfileRuntimeStorePath)="C:\Users\alihe" (önceki değer: "") konum: C:\Program Files\dotnet\sdk\9.0.307\Sdks\Microsoft.NET.Sdk\targets\Microsoft.NET.Sdk.targets (97,5)
       C:\Program Files\dotnet\sdk\9.0.307\Sdks\Microsoft.NET.Sdk\targets\Microsoft.NET.Sdk.targets(98,5): message : Özellik yeniden ataması: $(_DefaultUserProfileRuntimeStorePath)="C:\Users\alihe\.dotnet\store" (önceki değer: "C:\Users\alihe") konum: C:\Program Files\dotnet\sdk\9.0.307\Sdks\Microsoft.NET.Sdk\targets\Microsoft.NET.Sdk.targets (98,5)
       C:\Program Files\dotnet\sdk\9.0.307\Sdks\Microsoft.NET.Sdk\targets\Microsoft.NET.Sdk.targets(98,5): message : Özellik yeniden ataması: $(_DefaultUserProfileRuntimeStorePath)="C:\Users\alihe\.dotnet\store" (önceki değer: "C:\Users\alihe") konum: C:\Program Files\dotnet\sdk\9.0.307\Sdks\Microsoft.NET.Sdk\targets\Microsoft.NET.Sdk.targets (98,5)
       C:\Program Files\dotnet\sdk\9.0.307\Sdks\Microsoft.NET.Sdk\targets\Microsoft.NET.Sdk.targets(140,5): message : Özellik yeniden ataması: $(AvailablePlatforms)="Any CPU,x86,x64,ARM32" (önceki değer: "Any CPU,x86,x64") konum: C:\Program Files\dotnet\sdk\9.0.307\Sdks\Microsoft.NET.Sdk\targets\Microsoft.NET.Sdk.targets (140,5)
       C:\Program Files\dotnet\sdk\9.0.307\Sdks\Microsoft.NET.Sdk\targets\Microsoft.NET.Sdk.targets(140,5): message : Özellik yeniden ataması: $(AvailablePlatforms)="Any CPU,x86,x64,ARM32" (önceki değer: "Any CPU,x86,x64") konum: C:\Program Files\dotnet\sdk\9.0.307\Sdks\Microsoft.NET.Sdk\targets\Microsoft.NET.Sdk.targets (140,5)
       C:\Program Files\dotnet\sdk\9.0.307\Sdks\Microsoft.NET.Sdk\targets\Microsoft.NET.Sdk.targets(144,5): message : Özellik yeniden ataması: $(AvailablePlatforms)="Any CPU,x86,x64,ARM32,ARM64" (önceki değer: "Any CPU,x86,x64,ARM32") konum: C:\Program Files\dotnet\sdk\9.0.307\Sdks\Microsoft.NET.Sdk\targets\Microsoft.NET.Sdk.targets (144,5)
       C:\Program Files\dotnet\sdk\9.0.307\Sdks\Microsoft.NET.Sdk\targets\Microsoft.NET.Sdk.targets(144,5): message : Özellik yeniden ataması: $(AvailablePlatforms)="Any CPU,x86,x64,ARM32,ARM64" (önceki değer: "Any CPU,x86,x64,ARM32") konum: C:\Program Files\dotnet\sdk\9.0.307\Sdks\Microsoft.NET.Sdk\targets\Microsoft.NET.Sdk.targets (144,5)
       C:\Program Files\dotnet\sdk\9.0.307\Sdks\Microsoft.NET.Sdk\targets\Microsoft.NET.Sdk.targets(201,5): message : Özellik yeniden ataması: $(CoreBuildDependsOn)="
       C:\Program Files\dotnet\sdk\9.0.307\Sdks\Microsoft.NET.Sdk\targets\Microsoft.NET.Sdk.targets(201,5): message :       _CheckForBuildWithNoBuild;
       C:\Program Files\dotnet\sdk\9.0.307\Sdks\Microsoft.NET.Sdk\targets\Microsoft.NET.Sdk.targets(201,5): message :       
       C:\Program Files\dotnet\sdk\9.0.307\Sdks\Microsoft.NET.Sdk\targets\Microsoft.NET.Sdk.targets(201,5): message :       BuildOnlySettings;
       C:\Program Files\dotnet\sdk\9.0.307\Sdks\Microsoft.NET.Sdk\targets\Microsoft.NET.Sdk.targets(201,5): message :       PrepareForBuild;
       C:\Program Files\dotnet\sdk\9.0.307\Sdks\Microsoft.NET.Sdk\targets\Microsoft.NET.Sdk.targets(201,5): message :       PreBuildEvent;
       C:\Program Files\dotnet\sdk\9.0.307\Sdks\Microsoft.NET.Sdk\targets\Microsoft.NET.Sdk.targets(201,5): message :       ResolveReferences;
       C:\Program Files\dotnet\sdk\9.0.307\Sdks\Microsoft.NET.Sdk\targets\Microsoft.NET.Sdk.targets(201,5): message :       PrepareResources;
       C:\Program Files\dotnet\sdk\9.0.307\Sdks\Microsoft.NET.Sdk\targets\Microsoft.NET.Sdk.targets(201,5): message :       ResolveKeySource;
       C:\Program Files\dotnet\sdk\9.0.307\Sdks\Microsoft.NET.Sdk\targets\Microsoft.NET.Sdk.targets(201,5): message :       Compile;
       C:\Program Files\dotnet\sdk\9.0.307\Sdks\Microsoft.NET.Sdk\targets\Microsoft.NET.Sdk.targets(201,5): message :       ExportWindowsMDFile;
       C:\Program Files\dotnet\sdk\9.0.307\Sdks\Microsoft.NET.Sdk\targets\Microsoft.NET.Sdk.targets(201,5): message :       UnmanagedUnregistration;
       C:\Program Files\dotnet\sdk\9.0.307\Sdks\Microsoft.NET.Sdk\targets\Microsoft.NET.Sdk.targets(201,5): message :       GenerateSerializationAssemblies;
       C:\Program Files\dotnet\sdk\9.0.307\Sdks\Microsoft.NET.Sdk\targets\Microsoft.NET.Sdk.targets(201,5): message :       CreateSatelliteAssemblies;
       C:\Program Files\dotnet\sdk\9.0.307\Sdks\Microsoft.NET.Sdk\targets\Microsoft.NET.Sdk.targets(201,5): message :       GenerateManifests;
       C:\Program Files\dotnet\sdk\9.0.307\Sdks\Microsoft.NET.Sdk\targets\Microsoft.NET.Sdk.targets(201,5): message :       GetTargetPath;
       C:\Program Files\dotnet\sdk\9.0.307\Sdks\Microsoft.NET.Sdk\targets\Microsoft.NET.Sdk.targets(201,5): message :       PrepareForRun;
       C:\Program Files\dotnet\sdk\9.0.307\Sdks\Microsoft.NET.Sdk\targets\Microsoft.NET.Sdk.targets(201,5): message :       UnmanagedRegistration;
       C:\Program Files\dotnet\sdk\9.0.307\Sdks\Microsoft.NET.Sdk\targets\Microsoft.NET.Sdk.targets(201,5): message :       IncrementalClean;
       C:\Program Files\dotnet\sdk\9.0.307\Sdks\Microsoft.NET.Sdk\targets\Microsoft.NET.Sdk.targets(201,5): message :       PostBuildEvent
       C:\Program Files\dotnet\sdk\9.0.307\Sdks\Microsoft.NET.Sdk\targets\Microsoft.NET.Sdk.targets(201,5): message :     ;
       C:\Program Files\dotnet\sdk\9.0.307\Sdks\Microsoft.NET.Sdk\targets\Microsoft.NET.Sdk.targets(201,5): message :       GenerateBuildDependencyFile;
       C:\Program Files\dotnet\sdk\9.0.307\Sdks\Microsoft.NET.Sdk\targets\Microsoft.NET.Sdk.targets(201,5): message :       GenerateBuildRuntimeConfigurationFiles
       C:\Program Files\dotnet\sdk\9.0.307\Sdks\Microsoft.NET.Sdk\targets\Microsoft.NET.Sdk.targets(201,5): message :     " (önceki değer: "
       C:\Program Files\dotnet\sdk\9.0.307\Sdks\Microsoft.NET.Sdk\targets\Microsoft.NET.Sdk.targets(201,5): message :       BuildOnlySettings;
       C:\Program Files\dotnet\sdk\9.0.307\Sdks\Microsoft.NET.Sdk\targets\Microsoft.NET.Sdk.targets(201,5): message :       PrepareForBuild;
       C:\Program Files\dotnet\sdk\9.0.307\Sdks\Microsoft.NET.Sdk\targets\Microsoft.NET.Sdk.targets(201,5): message :       PreBuildEvent;
       C:\Program Files\dotnet\sdk\9.0.307\Sdks\Microsoft.NET.Sdk\targets\Microsoft.NET.Sdk.targets(201,5): message :       ResolveReferences;
       C:\Program Files\dotnet\sdk\9.0.307\Sdks\Microsoft.NET.Sdk\targets\Microsoft.NET.Sdk.targets(201,5): message :       PrepareResources;
       C:\Program Files\dotnet\sdk\9.0.307\Sdks\Microsoft.NET.Sdk\targets\Microsoft.NET.Sdk.targets(201,5): message :       ResolveKeySource;
       C:\Program Files\dotnet\sdk\9.0.307\Sdks\Microsoft.NET.Sdk\targets\Microsoft.NET.Sdk.targets(201,5): message :       Compile;
       C:\Program Files\dotnet\sdk\9.0.307\Sdks\Microsoft.NET.Sdk\targets\Microsoft.NET.Sdk.targets(201,5): message :       ExportWindowsMDFile;
       C:\Program Files\dotnet\sdk\9.0.307\Sdks\Microsoft.NET.Sdk\targets\Microsoft.NET.Sdk.targets(201,5): message :       UnmanagedUnregistration;
       C:\Program Files\dotnet\sdk\9.0.307\Sdks\Microsoft.NET.Sdk\targets\Microsoft.NET.Sdk.targets(201,5): message :       GenerateSerializationAssemblies;
       C:\Program Files\dotnet\sdk\9.0.307\Sdks\Microsoft.NET.Sdk\targets\Microsoft.NET.Sdk.targets(201,5): message :       CreateSatelliteAssemblies;
       C:\Program Files\dotnet\sdk\9.0.307\Sdks\Microsoft.NET.Sdk\targets\Microsoft.NET.Sdk.targets(201,5): message :       GenerateManifests;
       C:\Program Files\dotnet\sdk\9.0.307\Sdks\Microsoft.NET.Sdk\targets\Microsoft.NET.Sdk.targets(201,5): message :       GetTargetPath;
       C:\Program Files\dotnet\sdk\9.0.307\Sdks\Microsoft.NET.Sdk\targets\Microsoft.NET.Sdk.targets(201,5): message :       PrepareForRun;
       C:\Program Files\dotnet\sdk\9.0.307\Sdks\Microsoft.NET.Sdk\targets\Microsoft.NET.Sdk.targets(201,5): message :       UnmanagedRegistration;
       C:\Program Files\dotnet\sdk\9.0.307\Sdks\Microsoft.NET.Sdk\targets\Microsoft.NET.Sdk.targets(201,5): message :       IncrementalClean;
       C:\Program Files\dotnet\sdk\9.0.307\Sdks\Microsoft.NET.Sdk\targets\Microsoft.NET.Sdk.targets(201,5): message :       PostBuildEvent
       C:\Program Files\dotnet\sdk\9.0.307\Sdks\Microsoft.NET.Sdk\targets\Microsoft.NET.Sdk.targets(201,5): message :     ") konum: C:\Program Files\dotnet\sdk\9.0.307\Sdks\Microsoft.NET.Sdk\targets\Microsoft.NET.Sdk.targets (201,5)
       C:\Program Files\dotnet\sdk\9.0.307\Sdks\Microsoft.NET.Sdk\targets\Microsoft.NET.Sdk.targets(201,5): message : Özellik yeniden ataması: $(CoreBuildDependsOn)="
       C:\Program Files\dotnet\sdk\9.0.307\Sdks\Microsoft.NET.Sdk\targets\Microsoft.NET.Sdk.targets(201,5): message :       _CheckForBuildWithNoBuild;
       C:\Program Files\dotnet\sdk\9.0.307\Sdks\Microsoft.NET.Sdk\targets\Microsoft.NET.Sdk.targets(201,5): message :       
       C:\Program Files\dotnet\sdk\9.0.307\Sdks\Microsoft.NET.Sdk\targets\Microsoft.NET.Sdk.targets(201,5): message :       BuildOnlySettings;
       C:\Program Files\dotnet\sdk\9.0.307\Sdks\Microsoft.NET.Sdk\targets\Microsoft.NET.Sdk.targets(201,5): message :       PrepareForBuild;
       C:\Program Files\dotnet\sdk\9.0.307\Sdks\Microsoft.NET.Sdk\targets\Microsoft.NET.Sdk.targets(201,5): message :       PreBuildEvent;
       C:\Program Files\dotnet\sdk\9.0.307\Sdks\Microsoft.NET.Sdk\targets\Microsoft.NET.Sdk.targets(201,5): message :       ResolveReferences;
       C:\Program Files\dotnet\sdk\9.0.307\Sdks\Microsoft.NET.Sdk\targets\Microsoft.NET.Sdk.targets(201,5): message :       PrepareResources;
       C:\Program Files\dotnet\sdk\9.0.307\Sdks\Microsoft.NET.Sdk\targets\Microsoft.NET.Sdk.targets(201,5): message :       ResolveKeySource;
       C:\Program Files\dotnet\sdk\9.0.307\Sdks\Microsoft.NET.Sdk\targets\Microsoft.NET.Sdk.targets(201,5): message :       Compile;
       C:\Program Files\dotnet\sdk\9.0.307\Sdks\Microsoft.NET.Sdk\targets\Microsoft.NET.Sdk.targets(201,5): message :       ExportWindowsMDFile;
       C:\Program Files\dotnet\sdk\9.0.307\Sdks\Microsoft.NET.Sdk\targets\Microsoft.NET.Sdk.targets(201,5): message :       UnmanagedUnregistration;
       C:\Program Files\dotnet\sdk\9.0.307\Sdks\Microsoft.NET.Sdk\targets\Microsoft.NET.Sdk.targets(201,5): message :       GenerateSerializationAssemblies;
       C:\Program Files\dotnet\sdk\9.0.307\Sdks\Microsoft.NET.Sdk\targets\Microsoft.NET.Sdk.targets(201,5): message :       CreateSatelliteAssemblies;
       C:\Program Files\dotnet\sdk\9.0.307\Sdks\Microsoft.NET.Sdk\targets\Microsoft.NET.Sdk.targets(201,5): message :       GenerateManifests;
       C:\Program Files\dotnet\sdk\9.0.307\Sdks\Microsoft.NET.Sdk\targets\Microsoft.NET.Sdk.targets(201,5): message :       GetTargetPath;
       C:\Program Files\dotnet\sdk\9.0.307\Sdks\Microsoft.NET.Sdk\targets\Microsoft.NET.Sdk.targets(201,5): message :       PrepareForRun;
       C:\Program Files\dotnet\sdk\9.0.307\Sdks\Microsoft.NET.Sdk\targets\Microsoft.NET.Sdk.targets(201,5): message :       UnmanagedRegistration;
       C:\Program Files\dotnet\sdk\9.0.307\Sdks\Microsoft.NET.Sdk\targets\Microsoft.NET.Sdk.targets(201,5): message :       IncrementalClean;
       C:\Program Files\dotnet\sdk\9.0.307\Sdks\Microsoft.NET.Sdk\targets\Microsoft.NET.Sdk.targets(201,5): message :       PostBuildEvent
       C:\Program Files\dotnet\sdk\9.0.307\Sdks\Microsoft.NET.Sdk\targets\Microsoft.NET.Sdk.targets(201,5): message :     ;
       C:\Program Files\dotnet\sdk\9.0.307\Sdks\Microsoft.NET.Sdk\targets\Microsoft.NET.Sdk.targets(201,5): message :       GenerateBuildDependencyFile;
       C:\Program Files\dotnet\sdk\9.0.307\Sdks\Microsoft.NET.Sdk\targets\Microsoft.NET.Sdk.targets(201,5): message :       GenerateBuildRuntimeConfigurationFiles
       C:\Program Files\dotnet\sdk\9.0.307\Sdks\Microsoft.NET.Sdk\targets\Microsoft.NET.Sdk.targets(201,5): message :     " (önceki değer: "
       C:\Program Files\dotnet\sdk\9.0.307\Sdks\Microsoft.NET.Sdk\targets\Microsoft.NET.Sdk.targets(201,5): message :       BuildOnlySettings;
       C:\Program Files\dotnet\sdk\9.0.307\Sdks\Microsoft.NET.Sdk\targets\Microsoft.NET.Sdk.targets(201,5): message :       PrepareForBuild;
       C:\Program Files\dotnet\sdk\9.0.307\Sdks\Microsoft.NET.Sdk\targets\Microsoft.NET.Sdk.targets(201,5): message :       PreBuildEvent;
       C:\Program Files\dotnet\sdk\9.0.307\Sdks\Microsoft.NET.Sdk\targets\Microsoft.NET.Sdk.targets(201,5): message :       ResolveReferences;
       C:\Program Files\dotnet\sdk\9.0.307\Sdks\Microsoft.NET.Sdk\targets\Microsoft.NET.Sdk.targets(201,5): message :       PrepareResources;
       C:\Program Files\dotnet\sdk\9.0.307\Sdks\Microsoft.NET.Sdk\targets\Microsoft.NET.Sdk.targets(201,5): message :       ResolveKeySource;
       C:\Program Files\dotnet\sdk\9.0.307\Sdks\Microsoft.NET.Sdk\targets\Microsoft.NET.Sdk.targets(201,5): message :       Compile;
       C:\Program Files\dotnet\sdk\9.0.307\Sdks\Microsoft.NET.Sdk\targets\Microsoft.NET.Sdk.targets(201,5): message :       ExportWindowsMDFile;
       C:\Program Files\dotnet\sdk\9.0.307\Sdks\Microsoft.NET.Sdk\targets\Microsoft.NET.Sdk.targets(201,5): message :       UnmanagedUnregistration;
       C:\Program Files\dotnet\sdk\9.0.307\Sdks\Microsoft.NET.Sdk\targets\Microsoft.NET.Sdk.targets(201,5): message :       GenerateSerializationAssemblies;
       C:\Program Files\dotnet\sdk\9.0.307\Sdks\Microsoft.NET.Sdk\targets\Microsoft.NET.Sdk.targets(201,5): message :       CreateSatelliteAssemblies;
       C:\Program Files\dotnet\sdk\9.0.307\Sdks\Microsoft.NET.Sdk\targets\Microsoft.NET.Sdk.targets(201,5): message :       GenerateManifests;
       C:\Program Files\dotnet\sdk\9.0.307\Sdks\Microsoft.NET.Sdk\targets\Microsoft.NET.Sdk.targets(201,5): message :       GetTargetPath;
       C:\Program Files\dotnet\sdk\9.0.307\Sdks\Microsoft.NET.Sdk\targets\Microsoft.NET.Sdk.targets(201,5): message :       PrepareForRun;
       C:\Program Files\dotnet\sdk\9.0.307\Sdks\Microsoft.NET.Sdk\targets\Microsoft.NET.Sdk.targets(201,5): message :       UnmanagedRegistration;
       C:\Program Files\dotnet\sdk\9.0.307\Sdks\Microsoft.NET.Sdk\targets\Microsoft.NET.Sdk.targets(201,5): message :       IncrementalClean;
       C:\Program Files\dotnet\sdk\9.0.307\Sdks\Microsoft.NET.Sdk\targets\Microsoft.NET.Sdk.targets(201,5): message :       PostBuildEvent
       C:\Program Files\dotnet\sdk\9.0.307\Sdks\Microsoft.NET.Sdk\targets\Microsoft.NET.Sdk.targets(201,5): message :     ") konum: C:\Program Files\dotnet\sdk\9.0.307\Sdks\Microsoft.NET.Sdk\targets\Microsoft.NET.Sdk.targets (201,5)
       C:\Program Files\dotnet\sdk\9.0.307\Sdks\Microsoft.NET.Sdk\targets\Microsoft.NET.Sdk.targets(210,5): message : Özellik yeniden ataması: $(CoreCleanDependsOn)="
       C:\Program Files\dotnet\sdk\9.0.307\Sdks\Microsoft.NET.Sdk\targets\Microsoft.NET.Sdk.targets(210,5): message :       _SdkBeforeClean;
       C:\Program Files\dotnet\sdk\9.0.307\Sdks\Microsoft.NET.Sdk\targets\Microsoft.NET.Sdk.targets(210,5): message :       
       C:\Program Files\dotnet\sdk\9.0.307\Sdks\Microsoft.NET.Sdk\targets\Microsoft.NET.Sdk.targets(210,5): message :     " (önceki değer: "") konum: C:\Program Files\dotnet\sdk\9.0.307\Sdks\Microsoft.NET.Sdk\targets\Microsoft.NET.Sdk.targets (210,5)
       C:\Program Files\dotnet\sdk\9.0.307\Sdks\Microsoft.NET.Sdk\targets\Microsoft.NET.Sdk.targets(210,5): message : Özellik yeniden ataması: $(CoreCleanDependsOn)="
       C:\Program Files\dotnet\sdk\9.0.307\Sdks\Microsoft.NET.Sdk\targets\Microsoft.NET.Sdk.targets(210,5): message :       _SdkBeforeClean;
       C:\Program Files\dotnet\sdk\9.0.307\Sdks\Microsoft.NET.Sdk\targets\Microsoft.NET.Sdk.targets(210,5): message :       
       C:\Program Files\dotnet\sdk\9.0.307\Sdks\Microsoft.NET.Sdk\targets\Microsoft.NET.Sdk.targets(210,5): message :     " (önceki değer: "") konum: C:\Program Files\dotnet\sdk\9.0.307\Sdks\Microsoft.NET.Sdk\targets\Microsoft.NET.Sdk.targets (210,5)
       C:\Program Files\dotnet\sdk\9.0.307\Sdks\Microsoft.NET.Sdk\targets\Microsoft.NET.Sdk.targets(217,5): message : Özellik yeniden ataması: $(RebuildDependsOn)="
       C:\Program Files\dotnet\sdk\9.0.307\Sdks\Microsoft.NET.Sdk\targets\Microsoft.NET.Sdk.targets(217,5): message :       _SdkBeforeRebuild;
       C:\Program Files\dotnet\sdk\9.0.307\Sdks\Microsoft.NET.Sdk\targets\Microsoft.NET.Sdk.targets(217,5): message :       
       C:\Program Files\dotnet\sdk\9.0.307\Sdks\Microsoft.NET.Sdk\targets\Microsoft.NET.Sdk.targets(217,5): message :       BeforeRebuild;
       C:\Program Files\dotnet\sdk\9.0.307\Sdks\Microsoft.NET.Sdk\targets\Microsoft.NET.Sdk.targets(217,5): message :       Clean;
       C:\Program Files\dotnet\sdk\9.0.307\Sdks\Microsoft.NET.Sdk\targets\Microsoft.NET.Sdk.targets(217,5): message :       Build;
       C:\Program Files\dotnet\sdk\9.0.307\Sdks\Microsoft.NET.Sdk\targets\Microsoft.NET.Sdk.targets(217,5): message :       AfterRebuild;
       C:\Program Files\dotnet\sdk\9.0.307\Sdks\Microsoft.NET.Sdk\targets\Microsoft.NET.Sdk.targets(217,5): message :     
       C:\Program Files\dotnet\sdk\9.0.307\Sdks\Microsoft.NET.Sdk\targets\Microsoft.NET.Sdk.targets(217,5): message :     " (önceki değer: "
       C:\Program Files\dotnet\sdk\9.0.307\Sdks\Microsoft.NET.Sdk\targets\Microsoft.NET.Sdk.targets(217,5): message :       BeforeRebuild;
       C:\Program Files\dotnet\sdk\9.0.307\Sdks\Microsoft.NET.Sdk\targets\Microsoft.NET.Sdk.targets(217,5): message :       Clean;
       C:\Program Files\dotnet\sdk\9.0.307\Sdks\Microsoft.NET.Sdk\targets\Microsoft.NET.Sdk.targets(217,5): message :       Build;
       C:\Program Files\dotnet\sdk\9.0.307\Sdks\Microsoft.NET.Sdk\targets\Microsoft.NET.Sdk.targets(217,5): message :       AfterRebuild;
       C:\Program Files\dotnet\sdk\9.0.307\Sdks\Microsoft.NET.Sdk\targets\Microsoft.NET.Sdk.targets(217,5): message :     ") konum: C:\Program Files\dotnet\sdk\9.0.307\Sdks\Microsoft.NET.Sdk\targets\Microsoft.NET.Sdk.targets (217,5)
       C:\Program Files\dotnet\sdk\9.0.307\Sdks\Microsoft.NET.Sdk\targets\Microsoft.NET.Sdk.targets(217,5): message : Özellik yeniden ataması: $(RebuildDependsOn)="
       C:\Program Files\dotnet\sdk\9.0.307\Sdks\Microsoft.NET.Sdk\targets\Microsoft.NET.Sdk.targets(217,5): message :       _SdkBeforeRebuild;
       C:\Program Files\dotnet\sdk\9.0.307\Sdks\Microsoft.NET.Sdk\targets\Microsoft.NET.Sdk.targets(217,5): message :       
       C:\Program Files\dotnet\sdk\9.0.307\Sdks\Microsoft.NET.Sdk\targets\Microsoft.NET.Sdk.targets(217,5): message :       BeforeRebuild;
       C:\Program Files\dotnet\sdk\9.0.307\Sdks\Microsoft.NET.Sdk\targets\Microsoft.NET.Sdk.targets(217,5): message :       Clean;
       C:\Program Files\dotnet\sdk\9.0.307\Sdks\Microsoft.NET.Sdk\targets\Microsoft.NET.Sdk.targets(217,5): message :       Build;
       C:\Program Files\dotnet\sdk\9.0.307\Sdks\Microsoft.NET.Sdk\targets\Microsoft.NET.Sdk.targets(217,5): message :       AfterRebuild;
       C:\Program Files\dotnet\sdk\9.0.307\Sdks\Microsoft.NET.Sdk\targets\Microsoft.NET.Sdk.targets(217,5): message :     
       C:\Program Files\dotnet\sdk\9.0.307\Sdks\Microsoft.NET.Sdk\targets\Microsoft.NET.Sdk.targets(217,5): message :     " (önceki değer: "
       C:\Program Files\dotnet\sdk\9.0.307\Sdks\Microsoft.NET.Sdk\targets\Microsoft.NET.Sdk.targets(217,5): message :       BeforeRebuild;
       C:\Program Files\dotnet\sdk\9.0.307\Sdks\Microsoft.NET.Sdk\targets\Microsoft.NET.Sdk.targets(217,5): message :       Clean;
       C:\Program Files\dotnet\sdk\9.0.307\Sdks\Microsoft.NET.Sdk\targets\Microsoft.NET.Sdk.targets(217,5): message :       Build;
       C:\Program Files\dotnet\sdk\9.0.307\Sdks\Microsoft.NET.Sdk\targets\Microsoft.NET.Sdk.targets(217,5): message :       AfterRebuild;
       C:\Program Files\dotnet\sdk\9.0.307\Sdks\Microsoft.NET.Sdk\targets\Microsoft.NET.Sdk.targets(217,5): message :     ") konum: C:\Program Files\dotnet\sdk\9.0.307\Sdks\Microsoft.NET.Sdk\targets\Microsoft.NET.Sdk.targets (217,5)
       C:\Program Files\dotnet\sdk\9.0.307\Sdks\Microsoft.NET.Sdk\targets\Microsoft.NET.Sdk.targets(784,5): message : Özellik yeniden ataması: $(CompileDependsOn)="
       C:\Program Files\dotnet\sdk\9.0.307\Sdks\Microsoft.NET.Sdk\targets\Microsoft.NET.Sdk.targets(784,5): message :       
       C:\Program Files\dotnet\sdk\9.0.307\Sdks\Microsoft.NET.Sdk\targets\Microsoft.NET.Sdk.targets(784,5): message :       ResolveReferences;
       C:\Program Files\dotnet\sdk\9.0.307\Sdks\Microsoft.NET.Sdk\targets\Microsoft.NET.Sdk.targets(784,5): message :       ResolveKeySource;
       C:\Program Files\dotnet\sdk\9.0.307\Sdks\Microsoft.NET.Sdk\targets\Microsoft.NET.Sdk.targets(784,5): message :       SetWin32ManifestProperties;
       C:\Program Files\dotnet\sdk\9.0.307\Sdks\Microsoft.NET.Sdk\targets\Microsoft.NET.Sdk.targets(784,5): message :       _SetPreferNativeArm64Win32ManifestProperties;
       C:\Program Files\dotnet\sdk\9.0.307\Sdks\Microsoft.NET.Sdk\targets\Microsoft.NET.Sdk.targets(784,5): message :       FindReferenceAssembliesForReferences;
       C:\Program Files\dotnet\sdk\9.0.307\Sdks\Microsoft.NET.Sdk\targets\Microsoft.NET.Sdk.targets(784,5): message :       _GenerateCompileInputs;
       C:\Program Files\dotnet\sdk\9.0.307\Sdks\Microsoft.NET.Sdk\targets\Microsoft.NET.Sdk.targets(784,5): message :       BeforeCompile;
       C:\Program Files\dotnet\sdk\9.0.307\Sdks\Microsoft.NET.Sdk\targets\Microsoft.NET.Sdk.targets(784,5): message :       _TimeStampBeforeCompile;
       C:\Program Files\dotnet\sdk\9.0.307\Sdks\Microsoft.NET.Sdk\targets\Microsoft.NET.Sdk.targets(784,5): message :       _GenerateCompileDependencyCache;
       C:\Program Files\dotnet\sdk\9.0.307\Sdks\Microsoft.NET.Sdk\targets\Microsoft.NET.Sdk.targets(784,5): message :       CoreCompile;
       C:\Program Files\dotnet\sdk\9.0.307\Sdks\Microsoft.NET.Sdk\targets\Microsoft.NET.Sdk.targets(784,5): message :       _TimeStampAfterCompile;
       C:\Program Files\dotnet\sdk\9.0.307\Sdks\Microsoft.NET.Sdk\targets\Microsoft.NET.Sdk.targets(784,5): message :       AfterCompile;
       C:\Program Files\dotnet\sdk\9.0.307\Sdks\Microsoft.NET.Sdk\targets\Microsoft.NET.Sdk.targets(784,5): message :     ;
       C:\Program Files\dotnet\sdk\9.0.307\Sdks\Microsoft.NET.Sdk\targets\Microsoft.NET.Sdk.targets(784,5): message :       _CreateAppHost;
       C:\Program Files\dotnet\sdk\9.0.307\Sdks\Microsoft.NET.Sdk\targets\Microsoft.NET.Sdk.targets(784,5): message :       _CreateComHost;
       C:\Program Files\dotnet\sdk\9.0.307\Sdks\Microsoft.NET.Sdk\targets\Microsoft.NET.Sdk.targets(784,5): message :       _GetIjwHostPaths;
       C:\Program Files\dotnet\sdk\9.0.307\Sdks\Microsoft.NET.Sdk\targets\Microsoft.NET.Sdk.targets(784,5): message :     " (önceki değer: "
       C:\Program Files\dotnet\sdk\9.0.307\Sdks\Microsoft.NET.Sdk\targets\Microsoft.NET.Sdk.targets(784,5): message :       ResolveReferences;
       C:\Program Files\dotnet\sdk\9.0.307\Sdks\Microsoft.NET.Sdk\targets\Microsoft.NET.Sdk.targets(784,5): message :       ResolveKeySource;
       C:\Program Files\dotnet\sdk\9.0.307\Sdks\Microsoft.NET.Sdk\targets\Microsoft.NET.Sdk.targets(784,5): message :       SetWin32ManifestProperties;
       C:\Program Files\dotnet\sdk\9.0.307\Sdks\Microsoft.NET.Sdk\targets\Microsoft.NET.Sdk.targets(784,5): message :       _SetPreferNativeArm64Win32ManifestProperties;
       C:\Program Files\dotnet\sdk\9.0.307\Sdks\Microsoft.NET.Sdk\targets\Microsoft.NET.Sdk.targets(784,5): message :       FindReferenceAssembliesForReferences;
       C:\Program Files\dotnet\sdk\9.0.307\Sdks\Microsoft.NET.Sdk\targets\Microsoft.NET.Sdk.targets(784,5): message :       _GenerateCompileInputs;
       C:\Program Files\dotnet\sdk\9.0.307\Sdks\Microsoft.NET.Sdk\targets\Microsoft.NET.Sdk.targets(784,5): message :       BeforeCompile;
       C:\Program Files\dotnet\sdk\9.0.307\Sdks\Microsoft.NET.Sdk\targets\Microsoft.NET.Sdk.targets(784,5): message :       _TimeStampBeforeCompile;
       C:\Program Files\dotnet\sdk\9.0.307\Sdks\Microsoft.NET.Sdk\targets\Microsoft.NET.Sdk.targets(784,5): message :       _GenerateCompileDependencyCache;
       C:\Program Files\dotnet\sdk\9.0.307\Sdks\Microsoft.NET.Sdk\targets\Microsoft.NET.Sdk.targets(784,5): message :       CoreCompile;
       C:\Program Files\dotnet\sdk\9.0.307\Sdks\Microsoft.NET.Sdk\targets\Microsoft.NET.Sdk.targets(784,5): message :       _TimeStampAfterCompile;
       C:\Program Files\dotnet\sdk\9.0.307\Sdks\Microsoft.NET.Sdk\targets\Microsoft.NET.Sdk.targets(784,5): message :       AfterCompile;
       C:\Program Files\dotnet\sdk\9.0.307\Sdks\Microsoft.NET.Sdk\targets\Microsoft.NET.Sdk.targets(784,5): message :     ") konum: C:\Program Files\dotnet\sdk\9.0.307\Sdks\Microsoft.NET.Sdk\targets\Microsoft.NET.Sdk.targets (784,5)
       C:\Program Files\dotnet\sdk\9.0.307\Sdks\Microsoft.NET.Sdk\targets\Microsoft.NET.Sdk.targets(784,5): message : Özellik yeniden ataması: $(CompileDependsOn)="
       C:\Program Files\dotnet\sdk\9.0.307\Sdks\Microsoft.NET.Sdk\targets\Microsoft.NET.Sdk.targets(784,5): message :       
       C:\Program Files\dotnet\sdk\9.0.307\Sdks\Microsoft.NET.Sdk\targets\Microsoft.NET.Sdk.targets(784,5): message :       ResolveReferences;
       C:\Program Files\dotnet\sdk\9.0.307\Sdks\Microsoft.NET.Sdk\targets\Microsoft.NET.Sdk.targets(784,5): message :       ResolveKeySource;
       C:\Program Files\dotnet\sdk\9.0.307\Sdks\Microsoft.NET.Sdk\targets\Microsoft.NET.Sdk.targets(784,5): message :       SetWin32ManifestProperties;
       C:\Program Files\dotnet\sdk\9.0.307\Sdks\Microsoft.NET.Sdk\targets\Microsoft.NET.Sdk.targets(784,5): message :       _SetPreferNativeArm64Win32ManifestProperties;
       C:\Program Files\dotnet\sdk\9.0.307\Sdks\Microsoft.NET.Sdk\targets\Microsoft.NET.Sdk.targets(784,5): message :       FindReferenceAssembliesForReferences;
       C:\Program Files\dotnet\sdk\9.0.307\Sdks\Microsoft.NET.Sdk\targets\Microsoft.NET.Sdk.targets(784,5): message :       _GenerateCompileInputs;
       C:\Program Files\dotnet\sdk\9.0.307\Sdks\Microsoft.NET.Sdk\targets\Microsoft.NET.Sdk.targets(784,5): message :       BeforeCompile;
       C:\Program Files\dotnet\sdk\9.0.307\Sdks\Microsoft.NET.Sdk\targets\Microsoft.NET.Sdk.targets(784,5): message :       _TimeStampBeforeCompile;
       C:\Program Files\dotnet\sdk\9.0.307\Sdks\Microsoft.NET.Sdk\targets\Microsoft.NET.Sdk.targets(784,5): message :       _GenerateCompileDependencyCache;
       C:\Program Files\dotnet\sdk\9.0.307\Sdks\Microsoft.NET.Sdk\targets\Microsoft.NET.Sdk.targets(784,5): message :       CoreCompile;
       C:\Program Files\dotnet\sdk\9.0.307\Sdks\Microsoft.NET.Sdk\targets\Microsoft.NET.Sdk.targets(784,5): message :       _TimeStampAfterCompile;
       C:\Program Files\dotnet\sdk\9.0.307\Sdks\Microsoft.NET.Sdk\targets\Microsoft.NET.Sdk.targets(784,5): message :       AfterCompile;
       C:\Program Files\dotnet\sdk\9.0.307\Sdks\Microsoft.NET.Sdk\targets\Microsoft.NET.Sdk.targets(784,5): message :     ;
       C:\Program Files\dotnet\sdk\9.0.307\Sdks\Microsoft.NET.Sdk\targets\Microsoft.NET.Sdk.targets(784,5): message :       _CreateAppHost;
       C:\Program Files\dotnet\sdk\9.0.307\Sdks\Microsoft.NET.Sdk\targets\Microsoft.NET.Sdk.targets(784,5): message :       _CreateComHost;
       C:\Program Files\dotnet\sdk\9.0.307\Sdks\Microsoft.NET.Sdk\targets\Microsoft.NET.Sdk.targets(784,5): message :       _GetIjwHostPaths;
       C:\Program Files\dotnet\sdk\9.0.307\Sdks\Microsoft.NET.Sdk\targets\Microsoft.NET.Sdk.targets(784,5): message :     " (önceki değer: "
       C:\Program Files\dotnet\sdk\9.0.307\Sdks\Microsoft.NET.Sdk\targets\Microsoft.NET.Sdk.targets(784,5): message :       ResolveReferences;
       C:\Program Files\dotnet\sdk\9.0.307\Sdks\Microsoft.NET.Sdk\targets\Microsoft.NET.Sdk.targets(784,5): message :       ResolveKeySource;
       C:\Program Files\dotnet\sdk\9.0.307\Sdks\Microsoft.NET.Sdk\targets\Microsoft.NET.Sdk.targets(784,5): message :       SetWin32ManifestProperties;
       C:\Program Files\dotnet\sdk\9.0.307\Sdks\Microsoft.NET.Sdk\targets\Microsoft.NET.Sdk.targets(784,5): message :       _SetPreferNativeArm64Win32ManifestProperties;
       C:\Program Files\dotnet\sdk\9.0.307\Sdks\Microsoft.NET.Sdk\targets\Microsoft.NET.Sdk.targets(784,5): message :       FindReferenceAssembliesForReferences;
       C:\Program Files\dotnet\sdk\9.0.307\Sdks\Microsoft.NET.Sdk\targets\Microsoft.NET.Sdk.targets(784,5): message :       _GenerateCompileInputs;
       C:\Program Files\dotnet\sdk\9.0.307\Sdks\Microsoft.NET.Sdk\targets\Microsoft.NET.Sdk.targets(784,5): message :       BeforeCompile;
       C:\Program Files\dotnet\sdk\9.0.307\Sdks\Microsoft.NET.Sdk\targets\Microsoft.NET.Sdk.targets(784,5): message :       _TimeStampBeforeCompile;
       C:\Program Files\dotnet\sdk\9.0.307\Sdks\Microsoft.NET.Sdk\targets\Microsoft.NET.Sdk.targets(784,5): message :       _GenerateCompileDependencyCache;
       C:\Program Files\dotnet\sdk\9.0.307\Sdks\Microsoft.NET.Sdk\targets\Microsoft.NET.Sdk.targets(784,5): message :       CoreCompile;
       C:\Program Files\dotnet\sdk\9.0.307\Sdks\Microsoft.NET.Sdk\targets\Microsoft.NET.Sdk.targets(784,5): message :       _TimeStampAfterCompile;
       C:\Program Files\dotnet\sdk\9.0.307\Sdks\Microsoft.NET.Sdk\targets\Microsoft.NET.Sdk.targets(784,5): message :       AfterCompile;
       C:\Program Files\dotnet\sdk\9.0.307\Sdks\Microsoft.NET.Sdk\targets\Microsoft.NET.Sdk.targets(784,5): message :     ") konum: C:\Program Files\dotnet\sdk\9.0.307\Sdks\Microsoft.NET.Sdk\targets\Microsoft.NET.Sdk.targets (784,5)
       C:\Program Files\dotnet\sdk\9.0.307\Sdks\Microsoft.NET.Sdk\targets\Microsoft.NET.Sdk.targets(1184,5): message : Özellik yeniden ataması: $(CreateSatelliteAssembliesDependsOn)="
       C:\Program Files\dotnet\sdk\9.0.307\Sdks\Microsoft.NET.Sdk\targets\Microsoft.NET.Sdk.targets(1184,5): message :       
       C:\Program Files\dotnet\sdk\9.0.307\Sdks\Microsoft.NET.Sdk\targets\Microsoft.NET.Sdk.targets(1184,5): message :       ;
       C:\Program Files\dotnet\sdk\9.0.307\Sdks\Microsoft.NET.Sdk\targets\Microsoft.NET.Sdk.targets(1184,5): message :       _GenerateSatelliteAssemblyInputs;
       C:\Program Files\dotnet\sdk\9.0.307\Sdks\Microsoft.NET.Sdk\targets\Microsoft.NET.Sdk.targets(1184,5): message :       ComputeIntermediateSatelliteAssemblies;
       C:\Program Files\dotnet\sdk\9.0.307\Sdks\Microsoft.NET.Sdk\targets\Microsoft.NET.Sdk.targets(1184,5): message :       GenerateSatelliteAssemblies
       C:\Program Files\dotnet\sdk\9.0.307\Sdks\Microsoft.NET.Sdk\targets\Microsoft.NET.Sdk.targets(1184,5): message :     ;
       C:\Program Files\dotnet\sdk\9.0.307\Sdks\Microsoft.NET.Sdk\targets\Microsoft.NET.Sdk.targets(1184,5): message :       CoreGenerateSatelliteAssemblies
       C:\Program Files\dotnet\sdk\9.0.307\Sdks\Microsoft.NET.Sdk\targets\Microsoft.NET.Sdk.targets(1184,5): message :     " (önceki değer: "
       C:\Program Files\dotnet\sdk\9.0.307\Sdks\Microsoft.NET.Sdk\targets\Microsoft.NET.Sdk.targets(1184,5): message :       ;
       C:\Program Files\dotnet\sdk\9.0.307\Sdks\Microsoft.NET.Sdk\targets\Microsoft.NET.Sdk.targets(1184,5): message :       _GenerateSatelliteAssemblyInputs;
       C:\Program Files\dotnet\sdk\9.0.307\Sdks\Microsoft.NET.Sdk\targets\Microsoft.NET.Sdk.targets(1184,5): message :       ComputeIntermediateSatelliteAssemblies;
       C:\Program Files\dotnet\sdk\9.0.307\Sdks\Microsoft.NET.Sdk\targets\Microsoft.NET.Sdk.targets(1184,5): message :       GenerateSatelliteAssemblies
       C:\Program Files\dotnet\sdk\9.0.307\Sdks\Microsoft.NET.Sdk\targets\Microsoft.NET.Sdk.targets(1184,5): message :     ") konum: C:\Program Files\dotnet\sdk\9.0.307\Sdks\Microsoft.NET.Sdk\targets\Microsoft.NET.Sdk.targets (1184,5)
       C:\Program Files\dotnet\sdk\9.0.307\Sdks\Microsoft.NET.Sdk\targets\Microsoft.NET.Sdk.targets(1184,5): message : Özellik yeniden ataması: $(CreateSatelliteAssembliesDependsOn)="
       C:\Program Files\dotnet\sdk\9.0.307\Sdks\Microsoft.NET.Sdk\targets\Microsoft.NET.Sdk.targets(1184,5): message :       
       C:\Program Files\dotnet\sdk\9.0.307\Sdks\Microsoft.NET.Sdk\targets\Microsoft.NET.Sdk.targets(1184,5): message :       ;
       C:\Program Files\dotnet\sdk\9.0.307\Sdks\Microsoft.NET.Sdk\targets\Microsoft.NET.Sdk.targets(1184,5): message :       _GenerateSatelliteAssemblyInputs;
       C:\Program Files\dotnet\sdk\9.0.307\Sdks\Microsoft.NET.Sdk\targets\Microsoft.NET.Sdk.targets(1184,5): message :       ComputeIntermediateSatelliteAssemblies;
       C:\Program Files\dotnet\sdk\9.0.307\Sdks\Microsoft.NET.Sdk\targets\Microsoft.NET.Sdk.targets(1184,5): message :       GenerateSatelliteAssemblies
       C:\Program Files\dotnet\sdk\9.0.307\Sdks\Microsoft.NET.Sdk\targets\Microsoft.NET.Sdk.targets(1184,5): message :     ;
       C:\Program Files\dotnet\sdk\9.0.307\Sdks\Microsoft.NET.Sdk\targets\Microsoft.NET.Sdk.targets(1184,5): message :       CoreGenerateSatelliteAssemblies
       C:\Program Files\dotnet\sdk\9.0.307\Sdks\Microsoft.NET.Sdk\targets\Microsoft.NET.Sdk.targets(1184,5): message :     " (önceki değer: "
       C:\Program Files\dotnet\sdk\9.0.307\Sdks\Microsoft.NET.Sdk\targets\Microsoft.NET.Sdk.targets(1184,5): message :       ;
       C:\Program Files\dotnet\sdk\9.0.307\Sdks\Microsoft.NET.Sdk\targets\Microsoft.NET.Sdk.targets(1184,5): message :       _GenerateSatelliteAssemblyInputs;
       C:\Program Files\dotnet\sdk\9.0.307\Sdks\Microsoft.NET.Sdk\targets\Microsoft.NET.Sdk.targets(1184,5): message :       ComputeIntermediateSatelliteAssemblies;
       C:\Program Files\dotnet\sdk\9.0.307\Sdks\Microsoft.NET.Sdk\targets\Microsoft.NET.Sdk.targets(1184,5): message :       GenerateSatelliteAssemblies
       C:\Program Files\dotnet\sdk\9.0.307\Sdks\Microsoft.NET.Sdk\targets\Microsoft.NET.Sdk.targets(1184,5): message :     ") konum: C:\Program Files\dotnet\sdk\9.0.307\Sdks\Microsoft.NET.Sdk\targets\Microsoft.NET.Sdk.targets (1184,5)
       C:\Program Files\dotnet\sdk\9.0.307\Sdks\Microsoft.SourceLink.GitLab\build\Microsoft.SourceLink.GitLab.targets(12,5): message : Özellik yeniden ataması: $(SourceLinkUrlInitializerTargets)=";_InitializeGitHubSourceLinkUrl;_InitializeGitLabSourceLinkUrl" (önceki değer: ";_InitializeGitHubSourceLinkUrl") konum: C:\Program Files\dotnet\sdk\9.0.307\Sdks\Microsoft.SourceLink.GitLab\build\Microsoft.SourceLink.GitLab.targets (12,5)
       C:\Program Files\dotnet\sdk\9.0.307\Sdks\Microsoft.SourceLink.GitLab\build\Microsoft.SourceLink.GitLab.targets(12,5): message : Özellik yeniden ataması: $(SourceLinkUrlInitializerTargets)=";_InitializeGitHubSourceLinkUrl;_InitializeGitLabSourceLinkUrl" (önceki değer: ";_InitializeGitHubSourceLinkUrl") konum: C:\Program Files\dotnet\sdk\9.0.307\Sdks\Microsoft.SourceLink.GitLab\build\Microsoft.SourceLink.GitLab.targets (12,5)
       C:\Program Files\dotnet\sdk\9.0.307\Sdks\Microsoft.SourceLink.GitLab\build\Microsoft.SourceLink.GitLab.targets(13,5): message : Özellik yeniden ataması: $(SourceControlManagerUrlTranslationTargets)=";TranslateGitHubUrlsInSourceControlInformation;TranslateGitLabUrlsInSourceControlInformation" (önceki değer: ";TranslateGitHubUrlsInSourceControlInformation") konum: C:\Program Files\dotnet\sdk\9.0.307\Sdks\Microsoft.SourceLink.GitLab\build\Microsoft.SourceLink.GitLab.targets (13,5)
       C:\Program Files\dotnet\sdk\9.0.307\Sdks\Microsoft.SourceLink.GitLab\build\Microsoft.SourceLink.GitLab.targets(13,5): message : Özellik yeniden ataması: $(SourceControlManagerUrlTranslationTargets)=";TranslateGitHubUrlsInSourceControlInformation;TranslateGitLabUrlsInSourceControlInformation" (önceki değer: ";TranslateGitHubUrlsInSourceControlInformation") konum: C:\Program Files\dotnet\sdk\9.0.307\Sdks\Microsoft.SourceLink.GitLab\build\Microsoft.SourceLink.GitLab.targets (13,5)
       C:\Program Files\dotnet\sdk\9.0.307\Sdks\Microsoft.SourceLink.AzureRepos.Git\build\Microsoft.SourceLink.AzureRepos.Git.targets(12,5): message : Özellik yeniden ataması: $(SourceLinkUrlInitializerTargets)=";_InitializeGitHubSourceLinkUrl;_InitializeGitLabSourceLinkUrl;_InitializeAzureReposGitSourceLinkUrl" (önceki değer: ";_InitializeGitHubSourceLinkUrl;_InitializeGitLabSourceLinkUrl") konum: C:\Program Files\dotnet\sdk\9.0.307\Sdks\Microsoft.SourceLink.AzureRepos.Git\build\Microsoft.SourceLink.AzureRepos.Git.targets (12,5)
       C:\Program Files\dotnet\sdk\9.0.307\Sdks\Microsoft.SourceLink.AzureRepos.Git\build\Microsoft.SourceLink.AzureRepos.Git.targets(12,5): message : Özellik yeniden ataması: $(SourceLinkUrlInitializerTargets)=";_InitializeGitHubSourceLinkUrl;_InitializeGitLabSourceLinkUrl;_InitializeAzureReposGitSourceLinkUrl" (önceki değer: ";_InitializeGitHubSourceLinkUrl;_InitializeGitLabSourceLinkUrl") konum: C:\Program Files\dotnet\sdk\9.0.307\Sdks\Microsoft.SourceLink.AzureRepos.Git\build\Microsoft.SourceLink.AzureRepos.Git.targets (12,5)
       C:\Program Files\dotnet\sdk\9.0.307\Sdks\Microsoft.SourceLink.AzureRepos.Git\build\Microsoft.SourceLink.AzureRepos.Git.targets(13,5): message : Özellik yeniden ataması: $(SourceControlManagerUrlTranslationTargets)=";TranslateGitHubUrlsInSourceControlInformation;TranslateGitLabUrlsInSourceControlInformation;TranslateAzureReposGitUrlsInSourceControlInformation" (önceki değer: ";TranslateGitHubUrlsInSourceControlInformation;TranslateGitLabUrlsInSourceControlInformation") konum: C:\Program Files\dotnet\sdk\9.0.307\Sdks\Microsoft.SourceLink.AzureRepos.Git\build\Microsoft.SourceLink.AzureRepos.Git.targets (13,5)
       C:\Program Files\dotnet\sdk\9.0.307\Sdks\Microsoft.SourceLink.Bitbucket.Git\build\Microsoft.SourceLink.Bitbucket.Git.targets(12,5): message : Özellik yeniden ataması: $(SourceLinkUrlInitializerTargets)=";_InitializeGitHubSourceLinkUrl;_InitializeGitLabSourceLinkUrl;_InitializeAzureReposGitSourceLinkUrl;_InitializeBitbucketGitSourceLinkUrl" (önceki değer: ";_InitializeGitHubSourceLinkUrl;_InitializeGitLabSourceLinkUrl;_InitializeAzureReposGitSourceLinkUrl") konum: C:\Program Files\dotnet\sdk\9.0.307\Sdks\Microsoft.SourceLink.Bitbucket.Git\build\Microsoft.SourceLink.Bitbucket.Git.targets (12,5)
       C:\Program Files\dotnet\sdk\9.0.307\Sdks\Microsoft.SourceLink.Bitbucket.Git\build\Microsoft.SourceLink.Bitbucket.Git.targets(13,5): message : Özellik yeniden ataması: $(SourceControlManagerUrlTranslationTargets)=";TranslateGitHubUrlsInSourceControlInformation;TranslateGitLabUrlsInSourceControlInformation;TranslateAzureReposGitUrlsInSourceControlInformation;TranslateBitbucketGitUrlsInSourceControlInformation" (önceki değer: ";TranslateGitHubUrlsInSourceControlInformation;TranslateGitLabUrlsInSourceControlInformation;TranslateAzureReposGitUrlsInSourceControlInformation") konum: C:\Program Files\dotnet\sdk\9.0.307\Sdks\Microsoft.SourceLink.Bitbucket.Git\build\Microsoft.SourceLink.Bitbucket.Git.targets (13,5)
       C:\Program Files\dotnet\sdk\9.0.307\Sdks\Microsoft.SourceLink.AzureRepos.Git\build\Microsoft.SourceLink.AzureRepos.Git.targets(13,5): message : Özellik yeniden ataması: $(SourceControlManagerUrlTranslationTargets)=";TranslateGitHubUrlsInSourceControlInformation;TranslateGitLabUrlsInSourceControlInformation;TranslateAzureReposGitUrlsInSourceControlInformation" (önceki değer: ";TranslateGitHubUrlsInSourceControlInformation;TranslateGitLabUrlsInSourceControlInformation") konum: C:\Program Files\dotnet\sdk\9.0.307\Sdks\Microsoft.SourceLink.AzureRepos.Git\build\Microsoft.SourceLink.AzureRepos.Git.targets (13,5)
       C:\Program Files\dotnet\sdk\9.0.307\Sdks\Microsoft.NET.Sdk\targets\Microsoft.NET.DesignerSupport.targets(21,5): message : Özellik yeniden ataması: $(DesignerRuntimeImplementationProjectOutputGroupDependsOn)="
       C:\Program Files\dotnet\sdk\9.0.307\Sdks\Microsoft.NET.Sdk\targets\Microsoft.NET.DesignerSupport.targets(21,5): message :       
       C:\Program Files\dotnet\sdk\9.0.307\Sdks\Microsoft.NET.Sdk\targets\Microsoft.NET.DesignerSupport.targets(21,5): message :       ;
       C:\Program Files\dotnet\sdk\9.0.307\Sdks\Microsoft.NET.Sdk\targets\Microsoft.NET.DesignerSupport.targets(21,5): message :       
       C:\Program Files\dotnet\sdk\9.0.307\Sdks\Microsoft.NET.Sdk\targets\Microsoft.NET.DesignerSupport.targets(21,5): message :       ;
       C:\Program Files\dotnet\sdk\9.0.307\Sdks\Microsoft.NET.Sdk\targets\Microsoft.NET.DesignerSupport.targets(21,5): message :       BuildOnlySettings;
       C:\Program Files\dotnet\sdk\9.0.307\Sdks\Microsoft.NET.Sdk\targets\Microsoft.NET.DesignerSupport.targets(21,5): message :       PrepareForBuild;
       C:\Program Files\dotnet\sdk\9.0.307\Sdks\Microsoft.NET.Sdk\targets\Microsoft.NET.DesignerSupport.targets(21,5): message :       AssignTargetPaths;
       C:\Program Files\dotnet\sdk\9.0.307\Sdks\Microsoft.NET.Sdk\targets\Microsoft.NET.DesignerSupport.targets(21,5): message :       ResolveReferences
       C:\Program Files\dotnet\sdk\9.0.307\Sdks\Microsoft.NET.Sdk\targets\Microsoft.NET.DesignerSupport.targets(21,5): message :     
       C:\Program Files\dotnet\sdk\9.0.307\Sdks\Microsoft.NET.Sdk\targets\Microsoft.NET.DesignerSupport.targets(21,5): message :     ;
       C:\Program Files\dotnet\sdk\9.0.307\Sdks\Microsoft.NET.Sdk\targets\Microsoft.NET.DesignerSupport.targets(21,5): message :       _GenerateDesignerDepsFile;
       C:\Program Files\dotnet\sdk\9.0.307\Sdks\Microsoft.NET.Sdk\targets\Microsoft.NET.DesignerSupport.targets(21,5): message :       _GenerateDesignerRuntimeConfigFile;
       C:\Program Files\dotnet\sdk\9.0.307\Sdks\Microsoft.NET.Sdk\targets\Microsoft.NET.DesignerSupport.targets(21,5): message :       GetCopyToOutputDirectoryItems;
       C:\Program Files\dotnet\sdk\9.0.307\Sdks\Microsoft.NET.Sdk\targets\Microsoft.NET.DesignerSupport.targets(21,5): message :       _GatherDesignerShadowCopyFiles;
       C:\Program Files\dotnet\sdk\9.0.307\Sdks\Microsoft.NET.Sdk\targets\Microsoft.NET.DesignerSupport.targets(21,5): message :     " (önceki değer: "
       C:\Program Files\dotnet\sdk\9.0.307\Sdks\Microsoft.NET.Sdk\targets\Microsoft.NET.DesignerSupport.targets(21,5): message :       ;
       C:\Program Files\dotnet\sdk\9.0.307\Sdks\Microsoft.NET.Sdk\targets\Microsoft.NET.DesignerSupport.targets(21,5): message :       
       C:\Program Files\dotnet\sdk\9.0.307\Sdks\Microsoft.NET.Sdk\targets\Microsoft.NET.DesignerSupport.targets(21,5): message :       ;
       C:\Program Files\dotnet\sdk\9.0.307\Sdks\Microsoft.NET.Sdk\targets\Microsoft.NET.DesignerSupport.targets(21,5): message :       BuildOnlySettings;
       C:\Program Files\dotnet\sdk\9.0.307\Sdks\Microsoft.NET.Sdk\targets\Microsoft.NET.DesignerSupport.targets(21,5): message :       PrepareForBuild;
       C:\Program Files\dotnet\sdk\9.0.307\Sdks\Microsoft.NET.Sdk\targets\Microsoft.NET.DesignerSupport.targets(21,5): message :       AssignTargetPaths;
       C:\Program Files\dotnet\sdk\9.0.307\Sdks\Microsoft.NET.Sdk\targets\Microsoft.NET.DesignerSupport.targets(21,5): message :       ResolveReferences
       C:\Program Files\dotnet\sdk\9.0.307\Sdks\Microsoft.NET.Sdk\targets\Microsoft.NET.DesignerSupport.targets(21,5): message :     
       C:\Program Files\dotnet\sdk\9.0.307\Sdks\Microsoft.NET.Sdk\targets\Microsoft.NET.DesignerSupport.targets(21,5): message :     ") konum: C:\Program Files\dotnet\sdk\9.0.307\Sdks\Microsoft.NET.Sdk\targets\Microsoft.NET.DesignerSupport.targets (21,5)
       C:\Program Files\dotnet\sdk\9.0.307\Sdks\Microsoft.SourceLink.Bitbucket.Git\build\Microsoft.SourceLink.Bitbucket.Git.targets(12,5): message : Özellik yeniden ataması: $(SourceLinkUrlInitializerTargets)=";_InitializeGitHubSourceLinkUrl;_InitializeGitLabSourceLinkUrl;_InitializeAzureReposGitSourceLinkUrl;_InitializeBitbucketGitSourceLinkUrl" (önceki değer: ";_InitializeGitHubSourceLinkUrl;_InitializeGitLabSourceLinkUrl;_InitializeAzureReposGitSourceLinkUrl") konum: C:\Program Files\dotnet\sdk\9.0.307\Sdks\Microsoft.SourceLink.Bitbucket.Git\build\Microsoft.SourceLink.Bitbucket.Git.targets (12,5)
       C:\Program Files\dotnet\sdk\9.0.307\Sdks\Microsoft.NET.Sdk\targets\Microsoft.NET.PackTool.targets(68,5): message : Özellik yeniden ataması: $(_GenerateToolsSettingsFileCacheFile)="C:\Users\alihe\OneDrive\Masaüstü\ForgeFlow Project\services\artifact\ForgeFlow.Artifact.Infrastructure\obj\Debug\net8.0\ForgeFlow.Artifact.Infrastructure.toolssettingsinput.cache" (önceki değer: "obj\Debug\net8.0\ForgeFlow.Artifact.Infrastructure.toolssettingsinput.cache") konum: C:\Program Files\dotnet\sdk\9.0.307\Sdks\Microsoft.NET.Sdk\targets\Microsoft.NET.PackTool.targets (68,5)
       C:\Program Files\dotnet\sdk\9.0.307\Sdks\Microsoft.SourceLink.Bitbucket.Git\build\Microsoft.SourceLink.Bitbucket.Git.targets(13,5): message : Özellik yeniden ataması: $(SourceControlManagerUrlTranslationTargets)=";TranslateGitHubUrlsInSourceControlInformation;TranslateGitLabUrlsInSourceControlInformation;TranslateAzureReposGitUrlsInSourceControlInformation;TranslateBitbucketGitUrlsInSourceControlInformation" (önceki değer: ";TranslateGitHubUrlsInSourceControlInformation;TranslateGitLabUrlsInSourceControlInformation;TranslateAzureReposGitUrlsInSourceControlInformation") konum: C:\Program Files\dotnet\sdk\9.0.307\Sdks\Microsoft.SourceLink.Bitbucket.Git\build\Microsoft.SourceLink.Bitbucket.Git.targets (13,5)
       C:\Program Files\dotnet\sdk\9.0.307\Sdks\Microsoft.NET.Sdk\targets\Microsoft.NET.PackTool.targets(137,5): message : Özellik yeniden ataması: $(_ShimInputCacheFile)="C:\Users\alihe\OneDrive\Masaüstü\ForgeFlow Project\services\artifact\ForgeFlow.Artifact.Infrastructure\obj\Debug\net8.0\ForgeFlow.Artifact.Infrastructure.shiminput.cache" (önceki değer: "obj\Debug\net8.0\ForgeFlow.Artifact.Infrastructure.shiminput.cache") konum: C:\Program Files\dotnet\sdk\9.0.307\Sdks\Microsoft.NET.Sdk\targets\Microsoft.NET.PackTool.targets (137,5)
       C:\Program Files\dotnet\sdk\9.0.307\Sdks\Microsoft.NET.Sdk\targets\Microsoft.NET.DesignerSupport.targets(21,5): message : Özellik yeniden ataması: $(DesignerRuntimeImplementationProjectOutputGroupDependsOn)="
       C:\Program Files\dotnet\sdk\9.0.307\Sdks\Microsoft.NET.Sdk\targets\Microsoft.NET.DesignerSupport.targets(21,5): message :       
       C:\Program Files\dotnet\sdk\9.0.307\Sdks\Microsoft.NET.Sdk\targets\Microsoft.NET.DesignerSupport.targets(21,5): message :       ;
       C:\Program Files\dotnet\sdk\9.0.307\Sdks\Microsoft.NET.Sdk\targets\Microsoft.NET.DesignerSupport.targets(21,5): message :       
       C:\Program Files\dotnet\sdk\9.0.307\Sdks\Microsoft.NET.Sdk\targets\Microsoft.NET.DesignerSupport.targets(21,5): message :       ;
       C:\Program Files\dotnet\sdk\9.0.307\Sdks\Microsoft.NET.Sdk\targets\Microsoft.NET.DesignerSupport.targets(21,5): message :       BuildOnlySettings;
       C:\Program Files\dotnet\sdk\9.0.307\Sdks\Microsoft.NET.Sdk\targets\Microsoft.NET.DesignerSupport.targets(21,5): message :       PrepareForBuild;
       C:\Program Files\dotnet\sdk\9.0.307\Sdks\Microsoft.NET.Sdk\targets\Microsoft.NET.DesignerSupport.targets(21,5): message :       AssignTargetPaths;
       C:\Program Files\dotnet\sdk\9.0.307\Sdks\Microsoft.NET.Sdk\targets\Microsoft.NET.DesignerSupport.targets(21,5): message :       ResolveReferences
       C:\Program Files\dotnet\sdk\9.0.307\Sdks\Microsoft.NET.Sdk\targets\Microsoft.NET.DesignerSupport.targets(21,5): message :     
       C:\Program Files\dotnet\sdk\9.0.307\Sdks\Microsoft.NET.Sdk\targets\Microsoft.NET.DesignerSupport.targets(21,5): message :     ;
       C:\Program Files\dotnet\sdk\9.0.307\Sdks\Microsoft.NET.Sdk\targets\Microsoft.NET.DesignerSupport.targets(21,5): message :       _GenerateDesignerDepsFile;
       C:\Program Files\dotnet\sdk\9.0.307\Sdks\Microsoft.NET.Sdk\targets\Microsoft.NET.DesignerSupport.targets(21,5): message :       _GenerateDesignerRuntimeConfigFile;
       C:\Program Files\dotnet\sdk\9.0.307\Sdks\Microsoft.NET.Sdk\targets\Microsoft.NET.DesignerSupport.targets(21,5): message :       GetCopyToOutputDirectoryItems;
       C:\Program Files\dotnet\sdk\9.0.307\Sdks\Microsoft.NET.Sdk\targets\Microsoft.NET.DesignerSupport.targets(21,5): message :       _GatherDesignerShadowCopyFiles;
       C:\Program Files\dotnet\sdk\9.0.307\Sdks\Microsoft.NET.Sdk\targets\Microsoft.NET.DesignerSupport.targets(21,5): message :     " (önceki değer: "
       C:\Program Files\dotnet\sdk\9.0.307\Sdks\Microsoft.NET.Sdk\targets\Microsoft.NET.DesignerSupport.targets(21,5): message :       ;
       C:\Program Files\dotnet\sdk\9.0.307\Sdks\Microsoft.NET.Sdk\targets\Microsoft.NET.DesignerSupport.targets(21,5): message :       
       C:\Program Files\dotnet\sdk\9.0.307\Sdks\Microsoft.NET.Sdk\targets\Microsoft.NET.DesignerSupport.targets(21,5): message :       ;
       C:\Program Files\dotnet\sdk\9.0.307\Sdks\Microsoft.NET.Sdk\targets\Microsoft.NET.DesignerSupport.targets(21,5): message :       BuildOnlySettings;
       C:\Program Files\dotnet\sdk\9.0.307\Sdks\Microsoft.NET.Sdk\targets\Microsoft.NET.DesignerSupport.targets(21,5): message :       PrepareForBuild;
       C:\Program Files\dotnet\sdk\9.0.307\Sdks\Microsoft.NET.Sdk\targets\Microsoft.NET.DesignerSupport.targets(21,5): message :       AssignTargetPaths;
       C:\Program Files\dotnet\sdk\9.0.307\Sdks\Microsoft.NET.Sdk\targets\Microsoft.NET.DesignerSupport.targets(21,5): message :       ResolveReferences
       C:\Program Files\dotnet\sdk\9.0.307\Sdks\Microsoft.NET.Sdk\targets\Microsoft.NET.DesignerSupport.targets(21,5): message :     
       C:\Program Files\dotnet\sdk\9.0.307\Sdks\Microsoft.NET.Sdk\targets\Microsoft.NET.DesignerSupport.targets(21,5): message :     ") konum: C:\Program Files\dotnet\sdk\9.0.307\Sdks\Microsoft.NET.Sdk\targets\Microsoft.NET.DesignerSupport.targets (21,5)
       C:\Program Files\dotnet\sdk\9.0.307\Sdks\Microsoft.NET.Sdk\targets\Microsoft.NET.PackTool.targets(139,5): message : Özellik yeniden ataması: $(_ShimCreatedSentinelFile)="C:\Users\alihe\OneDrive\Masaüstü\ForgeFlow Project\services\artifact\ForgeFlow.Artifact.Infrastructure\obj\Debug\net8.0\ForgeFlow.Artifact.Infrastructure.shimcreated.sentinel" (önceki değer: "obj\Debug\net8.0\ForgeFlow.Artifact.Infrastructure.shimcreated.sentinel") konum: C:\Program Files\dotnet\sdk\9.0.307\Sdks\Microsoft.NET.Sdk\targets\Microsoft.NET.PackTool.targets (139,5)
       C:\Program Files\dotnet\sdk\9.0.307\Sdks\Microsoft.NET.Sdk\targets\Microsoft.NET.PackTool.targets(68,5): message : Özellik yeniden ataması: $(_GenerateToolsSettingsFileCacheFile)="C:\Users\alihe\OneDrive\Masaüstü\ForgeFlow Project\services\artifact\ForgeFlow.Artifact.Application\obj\Debug\net8.0\ForgeFlow.Artifact.Application.toolssettingsinput.cache" (önceki değer: "obj\Debug\net8.0\ForgeFlow.Artifact.Application.toolssettingsinput.cache") konum: C:\Program Files\dotnet\sdk\9.0.307\Sdks\Microsoft.NET.Sdk\targets\Microsoft.NET.PackTool.targets (68,5)
       C:\Program Files\dotnet\sdk\9.0.307\Sdks\Microsoft.NET.Sdk\targets\Microsoft.NET.Sdk.CSharp.targets(31,5): message : Özellik yeniden ataması: $(DefineConstants)="TRACE;DEBUG" (önceki değer: "TRACE") konum: C:\Program Files\dotnet\sdk\9.0.307\Sdks\Microsoft.NET.Sdk\targets\Microsoft.NET.Sdk.CSharp.targets (31,5)
       C:\Program Files\dotnet\sdk\9.0.307\Sdks\Microsoft.NET.Sdk\targets\Microsoft.NET.PackTool.targets(137,5): message : Özellik yeniden ataması: $(_ShimInputCacheFile)="C:\Users\alihe\OneDrive\Masaüstü\ForgeFlow Project\services\artifact\ForgeFlow.Artifact.Application\obj\Debug\net8.0\ForgeFlow.Artifact.Application.shiminput.cache" (önceki değer: "obj\Debug\net8.0\ForgeFlow.Artifact.Application.shiminput.cache") konum: C:\Program Files\dotnet\sdk\9.0.307\Sdks\Microsoft.NET.Sdk\targets\Microsoft.NET.PackTool.targets (137,5)
       C:\Program Files\dotnet\sdk\9.0.307\Sdks\Microsoft.NET.Sdk\targets\Microsoft.NET.Sdk.CSharp.targets(34,5): message : Özellik yeniden ataması: $(DefineConstants)="TRACE;DEBUG;NET;NET8_0;NETCOREAPP" (önceki değer: "TRACE;DEBUG") konum: C:\Program Files\dotnet\sdk\9.0.307\Sdks\Microsoft.NET.Sdk\targets\Microsoft.NET.Sdk.CSharp.targets (34,5)
       C:\Program Files\dotnet\sdk\9.0.307\Sdks\Microsoft.NET.Sdk\targets\Microsoft.NET.PackTool.targets(139,5): message : Özellik yeniden ataması: $(_ShimCreatedSentinelFile)="C:\Users\alihe\OneDrive\Masaüstü\ForgeFlow Project\services\artifact\ForgeFlow.Artifact.Application\obj\Debug\net8.0\ForgeFlow.Artifact.Application.shimcreated.sentinel" (önceki değer: "obj\Debug\net8.0\ForgeFlow.Artifact.Application.shimcreated.sentinel") konum: C:\Program Files\dotnet\sdk\9.0.307\Sdks\Microsoft.NET.Sdk\targets\Microsoft.NET.PackTool.targets (139,5)
       C:\Program Files\dotnet\sdk\9.0.307\Sdks\Microsoft.NET.Sdk\targets\Microsoft.NET.Sdk.CSharp.targets(31,5): message : Özellik yeniden ataması: $(DefineConstants)="TRACE;DEBUG" (önceki değer: "TRACE") konum: C:\Program Files\dotnet\sdk\9.0.307\Sdks\Microsoft.NET.Sdk\targets\Microsoft.NET.Sdk.CSharp.targets (31,5)
       C:\Program Files\dotnet\sdk\9.0.307\Sdks\Microsoft.NET.Sdk\targets\Microsoft.NET.Sdk.CSharp.targets(48,5): message : Özellik yeniden ataması: $(WarningsAsErrors)=";NU1605;SYSLIB0011" (önceki değer: ";NU1605") konum: C:\Program Files\dotnet\sdk\9.0.307\Sdks\Microsoft.NET.Sdk\targets\Microsoft.NET.Sdk.CSharp.targets (48,5)
       C:\Program Files\dotnet\sdk\9.0.307\Sdks\Microsoft.NET.Sdk\targets\Microsoft.NET.Sdk.CSharp.targets(34,5): message : Özellik yeniden ataması: $(DefineConstants)="TRACE;DEBUG;NET;NET8_0;NETCOREAPP" (önceki değer: "TRACE;DEBUG") konum: C:\Program Files\dotnet\sdk\9.0.307\Sdks\Microsoft.NET.Sdk\targets\Microsoft.NET.Sdk.CSharp.targets (34,5)
       C:\Program Files\dotnet\sdk\9.0.307\Sdks\NuGet.Build.Tasks.Pack\build\NuGet.Build.Tasks.Pack.targets(34,5): message : Özellik yeniden ataması: $(PackageDescription)="Package Description" (önceki değer: "") konum: C:\Program Files\dotnet\sdk\9.0.307\Sdks\NuGet.Build.Tasks.Pack\build\NuGet.Build.Tasks.Pack.targets (34,5)
       C:\Program Files\dotnet\sdk\9.0.307\Sdks\Microsoft.NET.Sdk\targets\Microsoft.NET.Sdk.CSharp.targets(48,5): message : Özellik yeniden ataması: $(WarningsAsErrors)=";NU1605;SYSLIB0011" (önceki değer: ";NU1605") konum: C:\Program Files\dotnet\sdk\9.0.307\Sdks\Microsoft.NET.Sdk\targets\Microsoft.NET.Sdk.CSharp.targets (48,5)
       C:\Program Files\dotnet\sdk\9.0.307\Sdks\NuGet.Build.Tasks.Pack\build\NuGet.Build.Tasks.Pack.targets(34,5): message : Özellik yeniden ataması: $(PackageDescription)="Package Description" (önceki değer: "") konum: C:\Program Files\dotnet\sdk\9.0.307\Sdks\NuGet.Build.Tasks.Pack\build\NuGet.Build.Tasks.Pack.targets (34,5)
       C:\Program Files\dotnet\sdk\9.0.307\Sdks\NuGet.Build.Tasks.Pack\build\NuGet.Build.Tasks.Pack.targets(59,5): message : Özellik yeniden ataması: $(GenerateNuspecDependsOn)="Build;_LoadPackInputItems; _GetTargetFrameworksOutput; _WalkEachTargetPerFramework; _GetPackageFiles; " (önceki değer: "_LoadPackInputItems; _GetTargetFrameworksOutput; _WalkEachTargetPerFramework; _GetPackageFiles; ") konum: C:\Program Files\dotnet\sdk\9.0.307\Sdks\NuGet.Build.Tasks.Pack\build\NuGet.Build.Tasks.Pack.targets (59,5)
       C:\Program Files\dotnet\sdk\9.0.307\Sdks\NuGet.Build.Tasks.Pack\build\NuGet.Build.Tasks.Pack.targets(59,5): message : Özellik yeniden ataması: $(GenerateNuspecDependsOn)="Build;_LoadPackInputItems; _GetTargetFrameworksOutput; _WalkEachTargetPerFramework; _GetPackageFiles; " (önceki değer: "_LoadPackInputItems; _GetTargetFrameworksOutput; _WalkEachTargetPerFramework; _GetPackageFiles; ") konum: C:\Program Files\dotnet\sdk\9.0.307\Sdks\NuGet.Build.Tasks.Pack\build\NuGet.Build.Tasks.Pack.targets (59,5)
       C:\Program Files\dotnet\sdk\9.0.307\Sdks\Microsoft.NET.Sdk\Sdk\Sdk.targets(60,5): message : Özellik yeniden ataması: $(_IsNotSetContainersTargetsDir)="true" (önceki değer: "false") konum: C:\Program Files\dotnet\sdk\9.0.307\Sdks\Microsoft.NET.Sdk\Sdk\Sdk.targets (60,5)
       C:\Program Files\dotnet\sdk\9.0.307\Sdks\Microsoft.NET.Sdk\Sdk\Sdk.targets(60,5): message : Özellik yeniden ataması: $(_IsNotSetContainersTargetsDir)="true" (önceki değer: "false") konum: C:\Program Files\dotnet\sdk\9.0.307\Sdks\Microsoft.NET.Sdk\Sdk\Sdk.targets (60,5)
       C:\Program Files\dotnet\sdk\9.0.307\Containers\build\Microsoft.NET.Build.Containers.targets(5,5): message : Özellik yeniden ataması: $(_IsSDKContainerAllowedVersion)="true" (önceki değer: "false") konum: C:\Program Files\dotnet\sdk\9.0.307\Containers\build\Microsoft.NET.Build.Containers.targets (5,5)
       C:\Program Files\dotnet\sdk\9.0.307\Containers\build\Microsoft.NET.Build.Containers.targets(5,5): message : Özellik yeniden ataması: $(_IsSDKContainerAllowedVersion)="true" (önceki değer: "false") konum: C:\Program Files\dotnet\sdk\9.0.307\Containers\build\Microsoft.NET.Build.Containers.targets (5,5)
       C:\Program Files\dotnet\sdk\9.0.307\Containers\build\Microsoft.NET.Build.Containers.targets(15,5): message : Özellik yeniden ataması: $(_ContainerIsTargetingNet8TFM)="true" (önceki değer: "false") konum: C:\Program Files\dotnet\sdk\9.0.307\Containers\build\Microsoft.NET.Build.Containers.targets (15,5)
       C:\Program Files\dotnet\sdk\9.0.307\Containers\build\Microsoft.NET.Build.Containers.targets(15,5): message : Özellik yeniden ataması: $(_ContainerIsTargetingNet8TFM)="true" (önceki değer: "false") konum: C:\Program Files\dotnet\sdk\9.0.307\Containers\build\Microsoft.NET.Build.Containers.targets (15,5)
       "C:\Program Files\dotnet\sdk\9.0.307\Sdks\Microsoft.NET.Sdk\targets\Microsoft.NET.Sdk.FrameworkReferenceResolution.targets" projesindeki "ResolveFrameworkReferences" hedefi kullanılarak "C:\Program Files\dotnet\sdk\9.0.307\Microsoft.Common.CurrentVersion.targets" projesindeki "ResolveFrameworkReferences" hedefinin üzerine yazılıyor.
       "C:\Program Files\dotnet\sdk\9.0.307\Sdks\Microsoft.NET.Sdk\targets\Microsoft.NET.Sdk.targets" projesindeki "Run" hedefi kullanılarak "C:\Program Files\dotnet\sdk\9.0.307\Microsoft.Common.CurrentVersion.targets" projesindeki "Run" hedefinin üzerine yazılıyor.
       "C:\Program Files\dotnet\sdk\9.0.307\Sdks\Microsoft.NET.Sdk\targets\Microsoft.NET.Sdk.targets" projesindeki "GenerateSupportedTargetFrameworkAlias" hedefi kullanılarak "C:\Program Files\dotnet\sdk\9.0.307\Microsoft.Common.CurrentVersion.targets" projesindeki "GenerateSupportedTargetFrameworkAlias" hedefinin üzerine yazılıyor.
       "C:\Program Files\dotnet\sdk\9.0.307\Sdks\Microsoft.NET.Sdk\targets\Microsoft.NET.DisableStandardFrameworkResolution.targets" projesindeki "GetReferenceAssemblyPaths" hedefi kullanılarak "C:\Program Files\dotnet\sdk\9.0.307\Microsoft.Common.CurrentVersion.targets" projesindeki "GetReferenceAssemblyPaths" hedefinin üzerine yazılıyor.
       "C:\Program Files\dotnet\sdk\9.0.307\Sdks\Microsoft.NET.Sdk\targets\Microsoft.NET.Sdk.FrameworkReferenceResolution.targets" projesindeki "ResolveFrameworkReferences" hedefi kullanılarak "C:\Program Files\dotnet\sdk\9.0.307\Microsoft.Common.CurrentVersion.targets" projesindeki "ResolveFrameworkReferences" hedefinin üzerine yazılıyor.
       "C:\Program Files\dotnet\sdk\9.0.307\Sdks\Microsoft.NET.Sdk\targets\Microsoft.NET.DisableStandardFrameworkResolution.targets" projesindeki "GetFrameworkPaths" hedefi kullanılarak "C:\Program Files\dotnet\sdk\9.0.307\Microsoft.Common.CurrentVersion.targets" projesindeki "GetFrameworkPaths" hedefinin üzerine yazılıyor.
       "C:\Program Files\dotnet\sdk\9.0.307\Sdks\Microsoft.NET.Sdk\targets\Microsoft.NET.DesignerSupport.targets" projesindeki "DesignerRuntimeImplementationProjectOutputGroup" hedefi kullanılarak "C:\Program Files\dotnet\sdk\9.0.307\Microsoft.Common.CurrentVersion.targets" projesindeki "DesignerRuntimeImplementationProjectOutputGroup" hedefinin üzerine yazılıyor.
       "C:\Program Files\dotnet\sdk\9.0.307\Sdks\Microsoft.NET.Sdk\targets\Microsoft.NET.Sdk.targets" projesindeki "Run" hedefi kullanılarak "C:\Program Files\dotnet\sdk\9.0.307\Microsoft.Common.CurrentVersion.targets" projesindeki "Run" hedefinin üzerine yazılıyor.
       "C:\Program Files\dotnet\sdk\9.0.307\Sdks\Microsoft.NET.Sdk\targets\Microsoft.NET.Publish.targets" projesindeki "Publish" hedefi kullanılarak "C:\Program Files\dotnet\sdk\9.0.307\Microsoft.Common.CurrentVersion.targets" projesindeki "Publish" hedefinin üzerine yazılıyor.
       "C:\Program Files\dotnet\sdk\9.0.307\Sdks\Microsoft.NET.Sdk\targets\Microsoft.NET.Sdk.targets" projesindeki "GenerateSupportedTargetFrameworkAlias" hedefi kullanılarak "C:\Program Files\dotnet\sdk\9.0.307\Microsoft.Common.CurrentVersion.targets" projesindeki "GenerateSupportedTargetFrameworkAlias" hedefinin üzerine yazılıyor.
       "C:\Program Files\dotnet\sdk\9.0.307\Sdks\Microsoft.NET.Sdk\targets\Microsoft.NET.DisableStandardFrameworkResolution.targets" projesindeki "GetReferenceAssemblyPaths" hedefi kullanılarak "C:\Program Files\dotnet\sdk\9.0.307\Microsoft.Common.CurrentVersion.targets" projesindeki "GetReferenceAssemblyPaths" hedefinin üzerine yazılıyor.
       "C:\Program Files\dotnet\sdk\9.0.307\Sdks\Microsoft.NET.Sdk\targets\Microsoft.NET.Publish.targets" projesindeki "ResolveReadyToRunCompilers" hedefi kullanılarak "C:\Program Files\dotnet\sdk\9.0.307\Sdks\Microsoft.NET.Sdk\targets\Microsoft.NET.CrossGen.targets" projesindeki "ResolveReadyToRunCompilers" hedefinin üzerine yazılıyor.
       "C:\Program Files\dotnet\sdk\9.0.307\Sdks\Microsoft.NET.Sdk\targets\Microsoft.NET.DisableStandardFrameworkResolution.targets" projesindeki "GetFrameworkPaths" hedefi kullanılarak "C:\Program Files\dotnet\sdk\9.0.307\Microsoft.Common.CurrentVersion.targets" projesindeki "GetFrameworkPaths" hedefinin üzerine yazılıyor.
       "C:\Program Files\dotnet\sdk\9.0.307\Sdks\Microsoft.NET.Sdk\targets\Microsoft.NET.Publish.targets" projesindeki "GetCopyToPublishDirectoryItems" hedefi kullanılarak "C:\Program Files\dotnet\sdk\9.0.307\Microsoft.Common.CurrentVersion.targets" projesindeki "GetCopyToPublishDirectoryItems" hedefinin üzerine yazılıyor.
       "C:\Program Files\dotnet\sdk\9.0.307\Sdks\Microsoft.NET.Sdk\targets\Microsoft.NET.DesignerSupport.targets" projesindeki "DesignerRuntimeImplementationProjectOutputGroup" hedefi kullanılarak "C:\Program Files\dotnet\sdk\9.0.307\Microsoft.Common.CurrentVersion.targets" projesindeki "DesignerRuntimeImplementationProjectOutputGroup" hedefinin üzerine yazılıyor.
       "C:\Program Files\dotnet\sdk\9.0.307\Sdks\Microsoft.NET.Sdk\targets\Microsoft.NET.Publish.targets" projesindeki "Publish" hedefi kullanılarak "C:\Program Files\dotnet\sdk\9.0.307\Microsoft.Common.CurrentVersion.targets" projesindeki "Publish" hedefinin üzerine yazılıyor.
       "C:\Program Files\dotnet\sdk\9.0.307\Sdks\Microsoft.NET.Sdk\targets\Microsoft.NET.Publish.targets" projesindeki "ResolveReadyToRunCompilers" hedefi kullanılarak "C:\Program Files\dotnet\sdk\9.0.307\Sdks\Microsoft.NET.Sdk\targets\Microsoft.NET.CrossGen.targets" projesindeki "ResolveReadyToRunCompilers" hedefinin üzerine yazılıyor.
       "C:\Program Files\dotnet\sdk\9.0.307\Sdks\Microsoft.NET.Sdk\targets\Microsoft.NET.Publish.targets" projesindeki "GetCopyToPublishDirectoryItems" hedefi kullanılarak "C:\Program Files\dotnet\sdk\9.0.307\Microsoft.Common.CurrentVersion.targets" projesindeki "GetCopyToPublishDirectoryItems" hedefinin üzerine yazılıyor.
   1:3>"C:\Users\alihe\OneDrive\Masaüstü\ForgeFlow Project\services\artifact\ForgeFlow.Artifact.Api\ForgeFlow.Artifact.Api.csproj" projesi (1:3) 3 düğümünde "C:\Users\alihe\OneDrive\Masaüstü\ForgeFlow Project\services\artifact\ForgeFlow.Artifact.Application\ForgeFlow.Artifact.Application.csproj" (3) oluşturuyor (_GenerateRestoreProjectPathWalk hedef).
     3>Yanlış koşul nedeniyle "_GenerateRestoreProjectPathItemsAllFrameworks" hedefi atlandı; ( '$(TargetFrameworks)' != '' ), ( '' != '' ) olarak değerlendirildi.
   1:3>"C:\Users\alihe\OneDrive\Masaüstü\ForgeFlow Project\services\artifact\ForgeFlow.Artifact.Api\ForgeFlow.Artifact.Api.csproj" projesi (1:3) 2 düğümünde "C:\Users\alihe\OneDrive\Masaüstü\ForgeFlow Project\services\artifact\ForgeFlow.Artifact.Infrastructure\ForgeFlow.Artifact.Infrastructure.csproj" (4) oluşturuyor (_GenerateRestoreProjectPathWalk hedef).
     4>Yanlış koşul nedeniyle "_GenerateRestoreProjectPathItemsAllFrameworks" hedefi atlandı; ( '$(TargetFrameworks)' != '' ), ( '' != '' ) olarak değerlendirildi.
     3>"C:\Users\alihe\OneDrive\Masaüstü\ForgeFlow Project\services\artifact\ForgeFlow.Artifact.Application\ForgeFlow.Artifact.Application.csproj" projesinin "C:\Program Files\dotnet\sdk\9.0.307\NuGet.targets" dosyasındaki "_GenerateRestoreProjectPathItemsPerFramework" hedefi ("_GenerateRestoreProjectPathItemsCurrentProject" hedefi buna bağımlı):
     3>"Microsoft.Build.Tasks.Core, Version=15.1.0.0, Culture=neutral, PublicKeyToken=b03f5f7f11d50a3a" derlemesindeki "ConvertToAbsolutePath" görevi kullanılıyor.
     4>"C:\Users\alihe\OneDrive\Masaüstü\ForgeFlow Project\services\artifact\ForgeFlow.Artifact.Infrastructure\ForgeFlow.Artifact.Infrastructure.csproj" projesinin "C:\Program Files\dotnet\sdk\9.0.307\NuGet.targets" dosyasındaki "_GenerateRestoreProjectPathItemsPerFramework" hedefi ("_GenerateRestoreProjectPathItemsCurrentProject" hedefi buna bağımlı):
     4>"Microsoft.Build.Tasks.Core, Version=15.1.0.0, Culture=neutral, PublicKeyToken=b03f5f7f11d50a3a" derlemesindeki "ConvertToAbsolutePath" görevi kullanılıyor.
       "ConvertToAbsolutePath" görevi
     3>"ConvertToAbsolutePath" görevi
       "ConvertToAbsolutePath" görevini yürütme tamamlandı.
     4>"ConvertToAbsolutePath" görevini yürütme tamamlandı.
     4>"ForgeFlow.Artifact.Infrastructure.csproj" projesinde "_GenerateRestoreProjectPathItemsPerFramework" hedefini oluşturma tamamlandı.
     3>"ForgeFlow.Artifact.Application.csproj" projesinde "_GenerateRestoreProjectPathItemsPerFramework" hedefini oluşturma tamamlandı.
     3>"C:\Users\alihe\OneDrive\Masaüstü\ForgeFlow Project\services\artifact\ForgeFlow.Artifact.Application\ForgeFlow.Artifact.Application.csproj" projesinin "C:\Program Files\dotnet\sdk\9.0.307\NuGet.targets" dosyasındaki "_GenerateRestoreProjectPathItemsCurrentProject" hedefi ("_GenerateRestoreProjectPathItems" hedefi buna bağımlı):
     3>"ForgeFlow.Artifact.Application.csproj" projesinde "_GenerateRestoreProjectPathItemsCurrentProject" hedefini oluşturma tamamlandı.
     4>"C:\Users\alihe\OneDrive\Masaüstü\ForgeFlow Project\services\artifact\ForgeFlow.Artifact.Infrastructure\ForgeFlow.Artifact.Infrastructure.csproj" projesinin "C:\Program Files\dotnet\sdk\9.0.307\NuGet.targets" dosyasındaki "_GenerateRestoreProjectPathItemsCurrentProject" hedefi ("_GenerateRestoreProjectPathItems" hedefi buna bağımlı):
     4>"ForgeFlow.Artifact.Infrastructure.csproj" projesinde "_GenerateRestoreProjectPathItemsCurrentProject" hedefini oluşturma tamamlandı.
     4>"C:\Users\alihe\OneDrive\Masaüstü\ForgeFlow Project\services\artifact\ForgeFlow.Artifact.Infrastructure\ForgeFlow.Artifact.Infrastructure.csproj" projesinin "C:\Program Files\dotnet\sdk\9.0.307\NuGet.targets" dosyasındaki "_GenerateRestoreProjectPathItems" hedefi ("_GenerateRestoreProjectPathWalk" hedefi buna bağımlı):
       "Microsoft.Build.Tasks.Core, Version=15.1.0.0, Culture=neutral, PublicKeyToken=b03f5f7f11d50a3a" derlemesindeki "RemoveDuplicates" görevi kullanılıyor.
     3>"C:\Users\alihe\OneDrive\Masaüstü\ForgeFlow Project\services\artifact\ForgeFlow.Artifact.Application\ForgeFlow.Artifact.Application.csproj" projesinin "C:\Program Files\dotnet\sdk\9.0.307\NuGet.targets" dosyasındaki "_GenerateRestoreProjectPathItems" hedefi ("_GenerateRestoreProjectPathWalk" hedefi buna bağımlı):
     3>"Microsoft.Build.Tasks.Core, Version=15.1.0.0, Culture=neutral, PublicKeyToken=b03f5f7f11d50a3a" derlemesindeki "RemoveDuplicates" görevi kullanılıyor.
     4>"RemoveDuplicates" görevi
       "RemoveDuplicates" görevini yürütme tamamlandı.
     3>"RemoveDuplicates" görevi
       "RemoveDuplicates" görevini yürütme tamamlandı.
     4>"ForgeFlow.Artifact.Infrastructure.csproj" projesinde "_GenerateRestoreProjectPathItems" hedefini oluşturma tamamlandı.
     3>"ForgeFlow.Artifact.Application.csproj" projesinde "_GenerateRestoreProjectPathItems" hedefini oluşturma tamamlandı.
     4>"C:\Users\alihe\OneDrive\Masaüstü\ForgeFlow Project\services\artifact\ForgeFlow.Artifact.Infrastructure\ForgeFlow.Artifact.Infrastructure.csproj" projesinin "C:\Program Files\dotnet\sdk\9.0.307\NuGet.targets" dosyasındaki "_GenerateRestoreProjectPathWalk" hedefi (giriş noktası):
     4>"Microsoft.Build.Tasks.Core, Version=15.1.0.0, Culture=neutral, PublicKeyToken=b03f5f7f11d50a3a" derlemesindeki "MSBuild" görevi kullanılıyor.
       "MSBuild" görevi
     3>"C:\Users\alihe\OneDrive\Masaüstü\ForgeFlow Project\services\artifact\ForgeFlow.Artifact.Application\ForgeFlow.Artifact.Application.csproj" projesinin "C:\Program Files\dotnet\sdk\9.0.307\NuGet.targets" dosyasındaki "_GenerateRestoreProjectPathWalk" hedefi (giriş noktası):
     3>"Microsoft.Build.Tasks.Core, Version=15.1.0.0, Culture=neutral, PublicKeyToken=b03f5f7f11d50a3a" derlemesindeki "MSBuild" görevi kullanılıyor.
     4>_GenerateRestoreProjectPathWalk:
         Genel Özellikler:
           ExcludeRestorePackageImports=true
     3>"MSBuild" görevi
         Genel Özellikler:
           ExcludeRestorePackageImports=true
     0>C:\Program Files\dotnet\sdk\9.0.307\Sdks\Microsoft.NET.Sdk\Sdk\Sdk.props(49,11): message : 'C:\Program Files\dotnet\sdk\9.0.307\' değerine sahip 'MSBuildExtensionsPath' özelliği ortamdan genişletildi.
       C:\Program Files\dotnet\sdk\9.0.307\Current\Microsoft.Common.props(60,5): message : Özellik yeniden ataması: $(MSBuildProjectExtensionsPath)="C:\Users\alihe\OneDrive\Masaüstü\ForgeFlow Project\services\artifact\ForgeFlow.Artifact.Domain\obj\" (önceki değer: "obj\") konum: C:\Program Files\dotnet\sdk\9.0.307\Current\Microsoft.Common.props (60,5)
       C:\Program Files\dotnet\sdk\9.0.307\Current\Microsoft.Common.props(84,119): message : 'C:\Users\alihe\AppData\Local\Microsoft\MSBuild' değerine sahip 'MSBuildUserExtensionsPath' özelliği ortamdan genişletildi.
       C:\Program Files\dotnet\sdk\9.0.307\Sdks\Microsoft.NET.Sdk\targets\Microsoft.NET.Sdk.props(90,5): message : Özellik yeniden ataması: $(AssemblySearchPaths)="{CandidateAssemblyFiles};{HintPathFromItem}" (önceki değer: "{CandidateAssemblyFiles}") konum: C:\Program Files\dotnet\sdk\9.0.307\Sdks\Microsoft.NET.Sdk\targets\Microsoft.NET.Sdk.props (90,5)
       C:\Program Files\dotnet\sdk\9.0.307\Sdks\Microsoft.NET.Sdk\targets\Microsoft.NET.Sdk.props(91,5): message : Özellik yeniden ataması: $(AssemblySearchPaths)="{CandidateAssemblyFiles};{HintPathFromItem};{TargetFrameworkDirectory}" (önceki değer: "{CandidateAssemblyFiles};{HintPathFromItem}") konum: C:\Program Files\dotnet\sdk\9.0.307\Sdks\Microsoft.NET.Sdk\targets\Microsoft.NET.Sdk.props (91,5)
       C:\Program Files\dotnet\sdk\9.0.307\Sdks\Microsoft.NET.Sdk\targets\Microsoft.NET.Sdk.props(92,5): message : Özellik yeniden ataması: $(AssemblySearchPaths)="{CandidateAssemblyFiles};{HintPathFromItem};{TargetFrameworkDirectory};{RawFileName}" (önceki değer: "{CandidateAssemblyFiles};{HintPathFromItem};{TargetFrameworkDirectory}") konum: C:\Program Files\dotnet\sdk\9.0.307\Sdks\Microsoft.NET.Sdk\targets\Microsoft.NET.Sdk.props (92,5)
       C:\Program Files\dotnet\sdk\9.0.307\Sdks\Microsoft.NET.Sdk\targets\Microsoft.NET.PackProjectTool.props(15,5): message : Özellik yeniden ataması: $(TargetsForTfmSpecificContentInPackage)=";PackTool;_PackProjectToolValidation" (önceki değer: ";PackTool") konum: C:\Program Files\dotnet\sdk\9.0.307\Sdks\Microsoft.NET.Sdk\targets\Microsoft.NET.PackProjectTool.props (15,5)
       C:\Program Files\dotnet\sdk\9.0.307\Sdks\Microsoft.NET.Sdk\targets\Microsoft.NET.Sdk.ImportPublishProfile.targets(28,5): message : Özellik yeniden ataması: $(PublishProfileImported)="false" (önceki değer: "true") konum: C:\Program Files\dotnet\sdk\9.0.307\Sdks\Microsoft.NET.Sdk\targets\Microsoft.NET.Sdk.ImportPublishProfile.targets (28,5)
       C:\Program Files\dotnet\sdk\9.0.307\Sdks\Microsoft.NET.Sdk\targets\Microsoft.NET.TargetFrameworkInference.targets(69,5): message : Özellik yeniden ataması: $(TargetPlatformVersion)="" (önceki değer: "0.0") konum: C:\Program Files\dotnet\sdk\9.0.307\Sdks\Microsoft.NET.Sdk\targets\Microsoft.NET.TargetFrameworkInference.targets (69,5)
       C:\Program Files\dotnet\sdk\9.0.307\Sdks\Microsoft.NET.Sdk\targets\Microsoft.NET.DefaultOutputPaths.targets(122,5): message : Özellik yeniden ataması: $(DefaultItemExcludes)=";bin\Debug\/**;obj\Debug\/**" (önceki değer: ";bin\Debug\/**") konum: C:\Program Files\dotnet\sdk\9.0.307\Sdks\Microsoft.NET.Sdk\targets\Microsoft.NET.DefaultOutputPaths.targets (122,5)
       C:\Program Files\dotnet\sdk\9.0.307\Sdks\Microsoft.NET.Sdk\targets\Microsoft.NET.DefaultOutputPaths.targets(137,5): message : Özellik yeniden ataması: $(OutputPath)="bin\Debug\net8.0\" (önceki değer: "bin\Debug\") konum: C:\Program Files\dotnet\sdk\9.0.307\Sdks\Microsoft.NET.Sdk\targets\Microsoft.NET.DefaultOutputPaths.targets (137,5)
       C:\Program Files\dotnet\sdk\9.0.307\Sdks\Microsoft.NET.Sdk\targets\Microsoft.NET.DefaultOutputPaths.targets(142,5): message : Özellik yeniden ataması: $(IntermediateOutputPath)="obj\Debug\net8.0\" (önceki değer: "obj\Debug\") konum: C:\Program Files\dotnet\sdk\9.0.307\Sdks\Microsoft.NET.Sdk\targets\Microsoft.NET.DefaultOutputPaths.targets (142,5)
       C:\Program Files\dotnet\sdk\9.0.307\Sdks\Microsoft.NET.Sdk\targets\Microsoft.NET.Sdk.BeforeCommon.targets(187,5): message : Özellik yeniden ataması: $(_FrameworkIdentifierForImplicitDefine)="NET" (önceki değer: "NETCOREAPP") konum: C:\Program Files\dotnet\sdk\9.0.307\Sdks\Microsoft.NET.Sdk\targets\Microsoft.NET.Sdk.BeforeCommon.targets (187,5)
       C:\Program Files\dotnet\sdk\9.0.307\Sdks\Microsoft.NET.Sdk\targets\Microsoft.NET.Sdk.BeforeCommon.targets(192,5): message : Özellik yeniden ataması: $(_FrameworkVersionForImplicitDefine)="8_0" (önceki değer: "8.0") konum: C:\Program Files\dotnet\sdk\9.0.307\Sdks\Microsoft.NET.Sdk\targets\Microsoft.NET.Sdk.BeforeCommon.targets (192,5)
       C:\Program Files\dotnet\sdk\9.0.307\Roslyn\Microsoft.CSharp.Core.targets(200,5): message : Özellik yeniden ataması: $(CommandLineArgsForDesignTimeEvaluation)="-langversion:12.0 -define:TRACE" (önceki değer: "-langversion:12.0") konum: C:\Program Files\dotnet\sdk\9.0.307\Roslyn\Microsoft.CSharp.Core.targets (200,5)
       C:\Program Files\dotnet\sdk\9.0.307\Microsoft.Common.CurrentVersion.targets(175,5): message : Özellik yeniden ataması: $(_DebugSymbolsProduced)="true" (önceki değer: "false") konum: C:\Program Files\dotnet\sdk\9.0.307\Microsoft.Common.CurrentVersion.targets (175,5)
       C:\Program Files\dotnet\sdk\9.0.307\Microsoft.Common.CurrentVersion.targets(185,5): message : Özellik yeniden ataması: $(_DocumentationFileProduced)="false" (önceki değer: "true") konum: C:\Program Files\dotnet\sdk\9.0.307\Microsoft.Common.CurrentVersion.targets (185,5)
       C:\Program Files\dotnet\sdk\9.0.307\Microsoft.Common.CurrentVersion.targets(392,5): message : Özellik yeniden ataması: $(MSBuildCopyMarkerName)="ForgeFlo.5B8FB4BD" (önceki değer: "ForgeFlow.Artifact.Domain.csproj") konum: C:\Program Files\dotnet\sdk\9.0.307\Microsoft.Common.CurrentVersion.targets (392,5)
       C:\Program Files\dotnet\sdk\9.0.307\Microsoft.Common.CurrentVersion.targets(393,5): message : Özellik yeniden ataması: $(MSBuildCopyMarkerName)="ForgeFlo.5B8FB4BD.Up2Date" (önceki değer: "ForgeFlo.5B8FB4BD") konum: C:\Program Files\dotnet\sdk\9.0.307\Microsoft.Common.CurrentVersion.targets (393,5)
       C:\Program Files\dotnet\sdk\9.0.307\Microsoft.Common.CurrentVersion.targets(541,5): message : Özellik yeniden ataması: $(ProcessorArchitecture)="msil" (önceki değer: "") konum: C:\Program Files\dotnet\sdk\9.0.307\Microsoft.Common.CurrentVersion.targets (541,5)
       C:\Program Files\dotnet\sdk\9.0.307\Microsoft.Common.CurrentVersion.targets(580,5): message : Özellik yeniden ataması: $(DelaySign)="" (önceki değer: "false") konum: C:\Program Files\dotnet\sdk\9.0.307\Microsoft.Common.CurrentVersion.targets (580,5)
       C:\Program Files\dotnet\sdk\9.0.307\Microsoft.Common.CurrentVersion.targets(2619,5): message : 'C:\Users\alihe\AppData\Local' değerine sahip 'LOCALAPPDATA' özelliği ortamdan genişletildi.
       C:\Program Files\dotnet\sdk\9.0.307\Microsoft.Common.CurrentVersion.targets(3947,5): message : Özellik yeniden ataması: $(_SGenGenerateSerializationAssembliesConfig)="Auto" (önceki değer: "") konum: C:\Program Files\dotnet\sdk\9.0.307\Microsoft.Common.CurrentVersion.targets (3947,5)
       C:\Program Files\dotnet\sdk\9.0.307\Microsoft.Common.CurrentVersion.targets(3948,5): message : Özellik yeniden ataması: $(_SGenGenerateSerializationAssembliesConfig)="Off" (önceki değer: "Auto") konum: C:\Program Files\dotnet\sdk\9.0.307\Microsoft.Common.CurrentVersion.targets (3948,5)
       C:\Program Files\dotnet\sdk\9.0.307\Microsoft.Common.CurrentVersion.targets(5159,5): message : Özellik yeniden ataması: $(_TargetsThatPrepareProjectReferences)="
       C:\Program Files\dotnet\sdk\9.0.307\Microsoft.Common.CurrentVersion.targets(5159,5): message :       AssignProjectConfiguration;
       C:\Program Files\dotnet\sdk\9.0.307\Microsoft.Common.CurrentVersion.targets(5159,5): message :       _SplitProjectReferencesByFileExistence
       C:\Program Files\dotnet\sdk\9.0.307\Microsoft.Common.CurrentVersion.targets(5159,5): message :     " (önceki değer: "_SplitProjectReferencesByFileExistence") konum: C:\Program Files\dotnet\sdk\9.0.307\Microsoft.Common.CurrentVersion.targets (5159,5)
       C:\Program Files\dotnet\sdk\9.0.307\Microsoft.Common.CurrentVersion.targets(6954,5): message : 'C:\Program Files\dotnet\sdk\9.0.307' değerine sahip 'MSBuildExtensionsPath32' özelliği ortamdan genişletildi.
       C:\Program Files\dotnet\sdk\9.0.307\Sdks\Microsoft.NET.Sdk\targets\Microsoft.PackageDependencyResolution.targets(24,5): message : Özellik yeniden ataması: $(ProjectAssetsFile)="C:\Users\alihe\OneDrive\Masaüstü\ForgeFlow Project\services\artifact\ForgeFlow.Artifact.Domain\obj\project.assets.json" (önceki değer: "C:\Users\alihe\OneDrive\Masaüstü\ForgeFlow Project\services\artifact\ForgeFlow.Artifact.Domain\obj\/project.assets.json") konum: C:\Program Files\dotnet\sdk\9.0.307\Sdks\Microsoft.NET.Sdk\targets\Microsoft.PackageDependencyResolution.targets (24,5)
       C:\Program Files\dotnet\sdk\9.0.307\Sdks\Microsoft.NET.Sdk\targets\Microsoft.PackageDependencyResolution.targets(29,5): message : Özellik yeniden ataması: $(ProjectAssetsCacheFile)="C:\Users\alihe\OneDrive\Masaüstü\ForgeFlow Project\services\artifact\ForgeFlow.Artifact.Domain\obj\Debug\net8.0\ForgeFlow.Artifact.Domain.assets.cache" (önceki değer: "obj\Debug\net8.0\ForgeFlow.Artifact.Domain.assets.cache") konum: C:\Program Files\dotnet\sdk\9.0.307\Sdks\Microsoft.NET.Sdk\targets\Microsoft.PackageDependencyResolution.targets (29,5)
       C:\Program Files\dotnet\sdk\9.0.307\Sdks\Microsoft.NET.Sdk\targets\Microsoft.PackageDependencyResolution.targets(80,5): message : Özellik yeniden ataması: $(ResolveAssemblyReferencesDependsOn)="
       C:\Program Files\dotnet\sdk\9.0.307\Sdks\Microsoft.NET.Sdk\targets\Microsoft.PackageDependencyResolution.targets(80,5): message :       
       C:\Program Files\dotnet\sdk\9.0.307\Sdks\Microsoft.NET.Sdk\targets\Microsoft.PackageDependencyResolution.targets(80,5): message :       ResolveProjectReferences;
       C:\Program Files\dotnet\sdk\9.0.307\Sdks\Microsoft.NET.Sdk\targets\Microsoft.PackageDependencyResolution.targets(80,5): message :       FindInvalidProjectReferences;
       C:\Program Files\dotnet\sdk\9.0.307\Sdks\Microsoft.NET.Sdk\targets\Microsoft.PackageDependencyResolution.targets(80,5): message :       GetFrameworkPaths;
       C:\Program Files\dotnet\sdk\9.0.307\Sdks\Microsoft.NET.Sdk\targets\Microsoft.PackageDependencyResolution.targets(80,5): message :       GetReferenceAssemblyPaths;
       C:\Program Files\dotnet\sdk\9.0.307\Sdks\Microsoft.NET.Sdk\targets\Microsoft.PackageDependencyResolution.targets(80,5): message :       PrepareForBuild;
       C:\Program Files\dotnet\sdk\9.0.307\Sdks\Microsoft.NET.Sdk\targets\Microsoft.PackageDependencyResolution.targets(80,5): message :       ResolveSDKReferences;
       C:\Program Files\dotnet\sdk\9.0.307\Sdks\Microsoft.NET.Sdk\targets\Microsoft.PackageDependencyResolution.targets(80,5): message :       ExpandSDKReferences;
       C:\Program Files\dotnet\sdk\9.0.307\Sdks\Microsoft.NET.Sdk\targets\Microsoft.PackageDependencyResolution.targets(80,5): message :     ;
       C:\Program Files\dotnet\sdk\9.0.307\Sdks\Microsoft.NET.Sdk\targets\Microsoft.PackageDependencyResolution.targets(80,5): message :       ResolvePackageDependenciesForBuild;
       C:\Program Files\dotnet\sdk\9.0.307\Sdks\Microsoft.NET.Sdk\targets\Microsoft.PackageDependencyResolution.targets(80,5): message :       _HandlePackageFileConflicts;
       C:\Program Files\dotnet\sdk\9.0.307\Sdks\Microsoft.NET.Sdk\targets\Microsoft.PackageDependencyResolution.targets(80,5): message :     " (önceki değer: "
       C:\Program Files\dotnet\sdk\9.0.307\Sdks\Microsoft.NET.Sdk\targets\Microsoft.PackageDependencyResolution.targets(80,5): message :       ResolveProjectReferences;
       C:\Program Files\dotnet\sdk\9.0.307\Sdks\Microsoft.NET.Sdk\targets\Microsoft.PackageDependencyResolution.targets(80,5): message :       FindInvalidProjectReferences;
       C:\Program Files\dotnet\sdk\9.0.307\Sdks\Microsoft.NET.Sdk\targets\Microsoft.PackageDependencyResolution.targets(80,5): message :       GetFrameworkPaths;
       C:\Program Files\dotnet\sdk\9.0.307\Sdks\Microsoft.NET.Sdk\targets\Microsoft.PackageDependencyResolution.targets(80,5): message :       GetReferenceAssemblyPaths;
       C:\Program Files\dotnet\sdk\9.0.307\Sdks\Microsoft.NET.Sdk\targets\Microsoft.PackageDependencyResolution.targets(80,5): message :       PrepareForBuild;
       C:\Program Files\dotnet\sdk\9.0.307\Sdks\Microsoft.NET.Sdk\targets\Microsoft.PackageDependencyResolution.targets(80,5): message :       ResolveSDKReferences;
       C:\Program Files\dotnet\sdk\9.0.307\Sdks\Microsoft.NET.Sdk\targets\Microsoft.PackageDependencyResolution.targets(80,5): message :       ExpandSDKReferences;
       C:\Program Files\dotnet\sdk\9.0.307\Sdks\Microsoft.NET.Sdk\targets\Microsoft.PackageDependencyResolution.targets(80,5): message :     ") konum: C:\Program Files\dotnet\sdk\9.0.307\Sdks\Microsoft.NET.Sdk\targets\Microsoft.PackageDependencyResolution.targets (80,5)
       C:\Program Files\dotnet\sdk\9.0.307\Sdks\Microsoft.NET.Sdk\targets\Microsoft.PackageDependencyResolution.targets(86,5): message : Özellik yeniden ataması: $(PrepareResourcesDependsOn)="
       C:\Program Files\dotnet\sdk\9.0.307\Sdks\Microsoft.NET.Sdk\targets\Microsoft.PackageDependencyResolution.targets(86,5): message :       ResolvePackageDependenciesForBuild;
       C:\Program Files\dotnet\sdk\9.0.307\Sdks\Microsoft.NET.Sdk\targets\Microsoft.PackageDependencyResolution.targets(86,5): message :       _HandlePackageFileConflicts;
       C:\Program Files\dotnet\sdk\9.0.307\Sdks\Microsoft.NET.Sdk\targets\Microsoft.PackageDependencyResolution.targets(86,5): message :       
       C:\Program Files\dotnet\sdk\9.0.307\Sdks\Microsoft.NET.Sdk\targets\Microsoft.PackageDependencyResolution.targets(86,5): message :       ;
       C:\Program Files\dotnet\sdk\9.0.307\Sdks\Microsoft.NET.Sdk\targets\Microsoft.PackageDependencyResolution.targets(86,5): message :       PrepareResourceNames;
       C:\Program Files\dotnet\sdk\9.0.307\Sdks\Microsoft.NET.Sdk\targets\Microsoft.PackageDependencyResolution.targets(86,5): message :       ResGen;
       C:\Program Files\dotnet\sdk\9.0.307\Sdks\Microsoft.NET.Sdk\targets\Microsoft.PackageDependencyResolution.targets(86,5): message :       CompileLicxFiles
       C:\Program Files\dotnet\sdk\9.0.307\Sdks\Microsoft.NET.Sdk\targets\Microsoft.PackageDependencyResolution.targets(86,5): message :     
       C:\Program Files\dotnet\sdk\9.0.307\Sdks\Microsoft.NET.Sdk\targets\Microsoft.PackageDependencyResolution.targets(86,5): message :     " (önceki değer: "
       C:\Program Files\dotnet\sdk\9.0.307\Sdks\Microsoft.NET.Sdk\targets\Microsoft.PackageDependencyResolution.targets(86,5): message :       ;
       C:\Program Files\dotnet\sdk\9.0.307\Sdks\Microsoft.NET.Sdk\targets\Microsoft.PackageDependencyResolution.targets(86,5): message :       PrepareResourceNames;
       C:\Program Files\dotnet\sdk\9.0.307\Sdks\Microsoft.NET.Sdk\targets\Microsoft.PackageDependencyResolution.targets(86,5): message :       ResGen;
       C:\Program Files\dotnet\sdk\9.0.307\Sdks\Microsoft.NET.Sdk\targets\Microsoft.PackageDependencyResolution.targets(86,5): message :       CompileLicxFiles
       C:\Program Files\dotnet\sdk\9.0.307\Sdks\Microsoft.NET.Sdk\targets\Microsoft.PackageDependencyResolution.targets(86,5): message :     ") konum: C:\Program Files\dotnet\sdk\9.0.307\Sdks\Microsoft.NET.Sdk\targets\Microsoft.PackageDependencyResolution.targets (86,5)
       C:\Program Files\dotnet\sdk\9.0.307\Sdks\Microsoft.NET.Sdk\targets\Microsoft.NET.Sdk.DefaultItems.targets(27,5): message : Özellik yeniden ataması: $(DefaultItemExcludes)=";bin\Debug\/**;obj\Debug\/**;bin\/**" (önceki değer: ";bin\Debug\/**;obj\Debug\/**") konum: C:\Program Files\dotnet\sdk\9.0.307\Sdks\Microsoft.NET.Sdk\targets\Microsoft.NET.Sdk.DefaultItems.targets (27,5)
       C:\Program Files\dotnet\sdk\9.0.307\Sdks\Microsoft.NET.Sdk\targets\Microsoft.NET.Sdk.DefaultItems.targets(29,5): message : Özellik yeniden ataması: $(DefaultItemExcludes)=";bin\Debug\/**;obj\Debug\/**;bin\/**;obj\/**" (önceki değer: ";bin\Debug\/**;obj\Debug\/**;bin\/**") konum: C:\Program Files\dotnet\sdk\9.0.307\Sdks\Microsoft.NET.Sdk\targets\Microsoft.NET.Sdk.DefaultItems.targets (29,5)
       C:\Program Files\dotnet\sdk\9.0.307\Sdks\Microsoft.NET.Sdk\targets\Microsoft.NET.Sdk.DefaultItems.targets(32,5): message : Özellik yeniden ataması: $(DefaultItemExcludes)=";bin\Debug\/**;obj\Debug\/**;bin\/**;obj\/**;**/*.user" (önceki değer: ";bin\Debug\/**;obj\Debug\/**;bin\/**;obj\/**") konum: C:\Program Files\dotnet\sdk\9.0.307\Sdks\Microsoft.NET.Sdk\targets\Microsoft.NET.Sdk.DefaultItems.targets (32,5)
       C:\Program Files\dotnet\sdk\9.0.307\Sdks\Microsoft.NET.Sdk\targets\Microsoft.NET.Sdk.DefaultItems.targets(33,5): message : Özellik yeniden ataması: $(DefaultItemExcludes)=";bin\Debug\/**;obj\Debug\/**;bin\/**;obj\/**;**/*.user;**/*.*proj" (önceki değer: ";bin\Debug\/**;obj\Debug\/**;bin\/**;obj\/**;**/*.user") konum: C:\Program Files\dotnet\sdk\9.0.307\Sdks\Microsoft.NET.Sdk\targets\Microsoft.NET.Sdk.DefaultItems.targets (33,5)
       C:\Program Files\dotnet\sdk\9.0.307\Sdks\Microsoft.NET.Sdk\targets\Microsoft.NET.Sdk.DefaultItems.targets(34,5): message : Özellik yeniden ataması: $(DefaultItemExcludes)=";bin\Debug\/**;obj\Debug\/**;bin\/**;obj\/**;**/*.user;**/*.*proj;**/*.sln" (önceki değer: ";bin\Debug\/**;obj\Debug\/**;bin\/**;obj\/**;**/*.user;**/*.*proj") konum: C:\Program Files\dotnet\sdk\9.0.307\Sdks\Microsoft.NET.Sdk\targets\Microsoft.NET.Sdk.DefaultItems.targets (34,5)
       C:\Program Files\dotnet\sdk\9.0.307\Sdks\Microsoft.NET.Sdk\targets\Microsoft.NET.Sdk.DefaultItems.targets(35,5): message : Özellik yeniden ataması: $(DefaultItemExcludes)=";bin\Debug\/**;obj\Debug\/**;bin\/**;obj\/**;**/*.user;**/*.*proj;**/*.sln;**/*.slnx" (önceki değer: ";bin\Debug\/**;obj\Debug\/**;bin\/**;obj\/**;**/*.user;**/*.*proj;**/*.sln") konum: C:\Program Files\dotnet\sdk\9.0.307\Sdks\Microsoft.NET.Sdk\targets\Microsoft.NET.Sdk.DefaultItems.targets (35,5)
       C:\Program Files\dotnet\sdk\9.0.307\Sdks\Microsoft.NET.Sdk\targets\Microsoft.NET.Sdk.DefaultItems.targets(36,5): message : Özellik yeniden ataması: $(DefaultItemExcludes)=";bin\Debug\/**;obj\Debug\/**;bin\/**;obj\/**;**/*.user;**/*.*proj;**/*.sln;**/*.slnx;**/*.vssscc" (önceki değer: ";bin\Debug\/**;obj\Debug\/**;bin\/**;obj\/**;**/*.user;**/*.*proj;**/*.sln;**/*.slnx") konum: C:\Program Files\dotnet\sdk\9.0.307\Sdks\Microsoft.NET.Sdk\targets\Microsoft.NET.Sdk.DefaultItems.targets (36,5)
       C:\Program Files\dotnet\sdk\9.0.307\Sdks\Microsoft.NET.Sdk\targets\Microsoft.NET.Sdk.DefaultItems.targets(37,5): message : Özellik yeniden ataması: $(DefaultItemExcludes)=";bin\Debug\/**;obj\Debug\/**;bin\/**;obj\/**;**/*.user;**/*.*proj;**/*.sln;**/*.slnx;**/*.vssscc;**/.DS_Store" (önceki değer: ";bin\Debug\/**;obj\Debug\/**;bin\/**;obj\/**;**/*.user;**/*.*proj;**/*.sln;**/*.slnx;**/*.vssscc") konum: C:\Program Files\dotnet\sdk\9.0.307\Sdks\Microsoft.NET.Sdk\targets\Microsoft.NET.Sdk.DefaultItems.targets (37,5)
       C:\Program Files\dotnet\sdk\9.0.307\Sdks\Microsoft.NET.Sdk\targets\Microsoft.NET.Sdk.FrameworkReferenceResolution.targets(14,5): message : Özellik yeniden ataması: $(ResolveAssemblyReferencesDependsOn)="
       C:\Program Files\dotnet\sdk\9.0.307\Sdks\Microsoft.NET.Sdk\targets\Microsoft.NET.Sdk.FrameworkReferenceResolution.targets(14,5): message :       
       C:\Program Files\dotnet\sdk\9.0.307\Sdks\Microsoft.NET.Sdk\targets\Microsoft.NET.Sdk.FrameworkReferenceResolution.targets(14,5): message :       
       C:\Program Files\dotnet\sdk\9.0.307\Sdks\Microsoft.NET.Sdk\targets\Microsoft.NET.Sdk.FrameworkReferenceResolution.targets(14,5): message :       ResolveProjectReferences;
       C:\Program Files\dotnet\sdk\9.0.307\Sdks\Microsoft.NET.Sdk\targets\Microsoft.NET.Sdk.FrameworkReferenceResolution.targets(14,5): message :       FindInvalidProjectReferences;
       C:\Program Files\dotnet\sdk\9.0.307\Sdks\Microsoft.NET.Sdk\targets\Microsoft.NET.Sdk.FrameworkReferenceResolution.targets(14,5): message :       GetFrameworkPaths;
       C:\Program Files\dotnet\sdk\9.0.307\Sdks\Microsoft.NET.Sdk\targets\Microsoft.NET.Sdk.FrameworkReferenceResolution.targets(14,5): message :       GetReferenceAssemblyPaths;
       C:\Program Files\dotnet\sdk\9.0.307\Sdks\Microsoft.NET.Sdk\targets\Microsoft.NET.Sdk.FrameworkReferenceResolution.targets(14,5): message :       PrepareForBuild;
       C:\Program Files\dotnet\sdk\9.0.307\Sdks\Microsoft.NET.Sdk\targets\Microsoft.NET.Sdk.FrameworkReferenceResolution.targets(14,5): message :       ResolveSDKReferences;
       C:\Program Files\dotnet\sdk\9.0.307\Sdks\Microsoft.NET.Sdk\targets\Microsoft.NET.Sdk.FrameworkReferenceResolution.targets(14,5): message :       ExpandSDKReferences;
       C:\Program Files\dotnet\sdk\9.0.307\Sdks\Microsoft.NET.Sdk\targets\Microsoft.NET.Sdk.FrameworkReferenceResolution.targets(14,5): message :     ;
       C:\Program Files\dotnet\sdk\9.0.307\Sdks\Microsoft.NET.Sdk\targets\Microsoft.NET.Sdk.FrameworkReferenceResolution.targets(14,5): message :       ResolvePackageDependenciesForBuild;
       C:\Program Files\dotnet\sdk\9.0.307\Sdks\Microsoft.NET.Sdk\targets\Microsoft.NET.Sdk.FrameworkReferenceResolution.targets(14,5): message :       _HandlePackageFileConflicts;
       C:\Program Files\dotnet\sdk\9.0.307\Sdks\Microsoft.NET.Sdk\targets\Microsoft.NET.Sdk.FrameworkReferenceResolution.targets(14,5): message :     ;
       C:\Program Files\dotnet\sdk\9.0.307\Sdks\Microsoft.NET.Sdk\targets\Microsoft.NET.Sdk.FrameworkReferenceResolution.targets(14,5): message :       ResolveTargetingPackAssets;
       C:\Program Files\dotnet\sdk\9.0.307\Sdks\Microsoft.NET.Sdk\targets\Microsoft.NET.Sdk.FrameworkReferenceResolution.targets(14,5): message :     " (önceki değer: "
       C:\Program Files\dotnet\sdk\9.0.307\Sdks\Microsoft.NET.Sdk\targets\Microsoft.NET.Sdk.FrameworkReferenceResolution.targets(14,5): message :       
       C:\Program Files\dotnet\sdk\9.0.307\Sdks\Microsoft.NET.Sdk\targets\Microsoft.NET.Sdk.FrameworkReferenceResolution.targets(14,5): message :       ResolveProjectReferences;
       C:\Program Files\dotnet\sdk\9.0.307\Sdks\Microsoft.NET.Sdk\targets\Microsoft.NET.Sdk.FrameworkReferenceResolution.targets(14,5): message :       FindInvalidProjectReferences;
       C:\Program Files\dotnet\sdk\9.0.307\Sdks\Microsoft.NET.Sdk\targets\Microsoft.NET.Sdk.FrameworkReferenceResolution.targets(14,5): message :       GetFrameworkPaths;
       C:\Program Files\dotnet\sdk\9.0.307\Sdks\Microsoft.NET.Sdk\targets\Microsoft.NET.Sdk.FrameworkReferenceResolution.targets(14,5): message :       GetReferenceAssemblyPaths;
       C:\Program Files\dotnet\sdk\9.0.307\Sdks\Microsoft.NET.Sdk\targets\Microsoft.NET.Sdk.FrameworkReferenceResolution.targets(14,5): message :       PrepareForBuild;
       C:\Program Files\dotnet\sdk\9.0.307\Sdks\Microsoft.NET.Sdk\targets\Microsoft.NET.Sdk.FrameworkReferenceResolution.targets(14,5): message :       ResolveSDKReferences;
       C:\Program Files\dotnet\sdk\9.0.307\Sdks\Microsoft.NET.Sdk\targets\Microsoft.NET.Sdk.FrameworkReferenceResolution.targets(14,5): message :       ExpandSDKReferences;
       C:\Program Files\dotnet\sdk\9.0.307\Sdks\Microsoft.NET.Sdk\targets\Microsoft.NET.Sdk.FrameworkReferenceResolution.targets(14,5): message :     ;
       C:\Program Files\dotnet\sdk\9.0.307\Sdks\Microsoft.NET.Sdk\targets\Microsoft.NET.Sdk.FrameworkReferenceResolution.targets(14,5): message :       ResolvePackageDependenciesForBuild;
       C:\Program Files\dotnet\sdk\9.0.307\Sdks\Microsoft.NET.Sdk\targets\Microsoft.NET.Sdk.FrameworkReferenceResolution.targets(14,5): message :       _HandlePackageFileConflicts;
       C:\Program Files\dotnet\sdk\9.0.307\Sdks\Microsoft.NET.Sdk\targets\Microsoft.NET.Sdk.FrameworkReferenceResolution.targets(14,5): message :     ") konum: C:\Program Files\dotnet\sdk\9.0.307\Sdks\Microsoft.NET.Sdk\targets\Microsoft.NET.Sdk.FrameworkReferenceResolution.targets (14,5)
       C:\Program Files\dotnet\sdk\9.0.307\Sdks\Microsoft.NET.Sdk\targets\Microsoft.NET.Sdk.targets(44,5): message : Özellik yeniden ataması: $(_GenerateRuntimeConfigurationPropertyInputsCache)="C:\Users\alihe\OneDrive\Masaüstü\ForgeFlow Project\services\artifact\ForgeFlow.Artifact.Domain\obj\Debug\net8.0\ForgeFlow.Artifact.Domain.genruntimeconfig.cache" (önceki değer: "obj\Debug\net8.0\ForgeFlow.Artifact.Domain.genruntimeconfig.cache") konum: C:\Program Files\dotnet\sdk\9.0.307\Sdks\Microsoft.NET.Sdk\targets\Microsoft.NET.Sdk.targets (44,5)
       C:\Program Files\dotnet\sdk\9.0.307\Sdks\Microsoft.NET.Sdk\targets\Microsoft.NET.Sdk.targets(46,5): message : Özellik yeniden ataması: $(_GeneratePublishDependencyFilePropertyInputsCache)="C:\Users\alihe\OneDrive\Masaüstü\ForgeFlow Project\services\artifact\ForgeFlow.Artifact.Domain\obj\Debug\net8.0\ForgeFlow.Artifact.Domain.genpublishdeps.cache" (önceki değer: "obj\Debug\net8.0\ForgeFlow.Artifact.Domain.genpublishdeps.cache") konum: C:\Program Files\dotnet\sdk\9.0.307\Sdks\Microsoft.NET.Sdk\targets\Microsoft.NET.Sdk.targets (46,5)
       C:\Program Files\dotnet\sdk\9.0.307\Sdks\Microsoft.NET.Sdk\targets\Microsoft.NET.Sdk.targets(48,5): message : Özellik yeniden ataması: $(_GenerateSingleFileBundlePropertyInputsCache)="C:\Users\alihe\OneDrive\Masaüstü\ForgeFlow Project\services\artifact\ForgeFlow.Artifact.Domain\obj\Debug\net8.0\ForgeFlow.Artifact.Domain.genbundle.cache" (önceki değer: "obj\Debug\net8.0\ForgeFlow.Artifact.Domain.genbundle.cache") konum: C:\Program Files\dotnet\sdk\9.0.307\Sdks\Microsoft.NET.Sdk\targets\Microsoft.NET.Sdk.targets (48,5)
       C:\Program Files\dotnet\sdk\9.0.307\Sdks\Microsoft.NET.Sdk\targets\Microsoft.NET.Sdk.targets(81,5): message : Özellik yeniden ataması: $(GenerateRuntimeConfigDevFile)="false" (önceki değer: "true") konum: C:\Program Files\dotnet\sdk\9.0.307\Sdks\Microsoft.NET.Sdk\targets\Microsoft.NET.Sdk.targets (81,5)
       C:\Program Files\dotnet\sdk\9.0.307\Sdks\Microsoft.NET.Sdk\targets\Microsoft.NET.Sdk.targets(97,5): message : 'C:\Users\alihe' değerine sahip 'USERPROFILE' özelliği ortamdan genişletildi.
       C:\Program Files\dotnet\sdk\9.0.307\Sdks\Microsoft.NET.Sdk\targets\Microsoft.NET.Sdk.targets(97,5): message : Özellik yeniden ataması: $(_DefaultUserProfileRuntimeStorePath)="C:\Users\alihe" (önceki değer: "") konum: C:\Program Files\dotnet\sdk\9.0.307\Sdks\Microsoft.NET.Sdk\targets\Microsoft.NET.Sdk.targets (97,5)
       C:\Program Files\dotnet\sdk\9.0.307\Sdks\Microsoft.NET.Sdk\targets\Microsoft.NET.Sdk.targets(98,5): message : Özellik yeniden ataması: $(_DefaultUserProfileRuntimeStorePath)="C:\Users\alihe\.dotnet\store" (önceki değer: "C:\Users\alihe") konum: C:\Program Files\dotnet\sdk\9.0.307\Sdks\Microsoft.NET.Sdk\targets\Microsoft.NET.Sdk.targets (98,5)
       C:\Program Files\dotnet\sdk\9.0.307\Sdks\Microsoft.NET.Sdk\targets\Microsoft.NET.Sdk.targets(140,5): message : Özellik yeniden ataması: $(AvailablePlatforms)="Any CPU,x86,x64,ARM32" (önceki değer: "Any CPU,x86,x64") konum: C:\Program Files\dotnet\sdk\9.0.307\Sdks\Microsoft.NET.Sdk\targets\Microsoft.NET.Sdk.targets (140,5)
       C:\Program Files\dotnet\sdk\9.0.307\Sdks\Microsoft.NET.Sdk\targets\Microsoft.NET.Sdk.targets(144,5): message : Özellik yeniden ataması: $(AvailablePlatforms)="Any CPU,x86,x64,ARM32,ARM64" (önceki değer: "Any CPU,x86,x64,ARM32") konum: C:\Program Files\dotnet\sdk\9.0.307\Sdks\Microsoft.NET.Sdk\targets\Microsoft.NET.Sdk.targets (144,5)
       C:\Program Files\dotnet\sdk\9.0.307\Sdks\Microsoft.NET.Sdk\targets\Microsoft.NET.Sdk.targets(201,5): message : Özellik yeniden ataması: $(CoreBuildDependsOn)="
       C:\Program Files\dotnet\sdk\9.0.307\Sdks\Microsoft.NET.Sdk\targets\Microsoft.NET.Sdk.targets(201,5): message :       _CheckForBuildWithNoBuild;
       C:\Program Files\dotnet\sdk\9.0.307\Sdks\Microsoft.NET.Sdk\targets\Microsoft.NET.Sdk.targets(201,5): message :       
       C:\Program Files\dotnet\sdk\9.0.307\Sdks\Microsoft.NET.Sdk\targets\Microsoft.NET.Sdk.targets(201,5): message :       BuildOnlySettings;
       C:\Program Files\dotnet\sdk\9.0.307\Sdks\Microsoft.NET.Sdk\targets\Microsoft.NET.Sdk.targets(201,5): message :       PrepareForBuild;
       C:\Program Files\dotnet\sdk\9.0.307\Sdks\Microsoft.NET.Sdk\targets\Microsoft.NET.Sdk.targets(201,5): message :       PreBuildEvent;
       C:\Program Files\dotnet\sdk\9.0.307\Sdks\Microsoft.NET.Sdk\targets\Microsoft.NET.Sdk.targets(201,5): message :       ResolveReferences;
       C:\Program Files\dotnet\sdk\9.0.307\Sdks\Microsoft.NET.Sdk\targets\Microsoft.NET.Sdk.targets(201,5): message :       PrepareResources;
       C:\Program Files\dotnet\sdk\9.0.307\Sdks\Microsoft.NET.Sdk\targets\Microsoft.NET.Sdk.targets(201,5): message :       ResolveKeySource;
       C:\Program Files\dotnet\sdk\9.0.307\Sdks\Microsoft.NET.Sdk\targets\Microsoft.NET.Sdk.targets(201,5): message :       Compile;
       C:\Program Files\dotnet\sdk\9.0.307\Sdks\Microsoft.NET.Sdk\targets\Microsoft.NET.Sdk.targets(201,5): message :       ExportWindowsMDFile;
       C:\Program Files\dotnet\sdk\9.0.307\Sdks\Microsoft.NET.Sdk\targets\Microsoft.NET.Sdk.targets(201,5): message :       UnmanagedUnregistration;
       C:\Program Files\dotnet\sdk\9.0.307\Sdks\Microsoft.NET.Sdk\targets\Microsoft.NET.Sdk.targets(201,5): message :       GenerateSerializationAssemblies;
       C:\Program Files\dotnet\sdk\9.0.307\Sdks\Microsoft.NET.Sdk\targets\Microsoft.NET.Sdk.targets(201,5): message :       CreateSatelliteAssemblies;
       C:\Program Files\dotnet\sdk\9.0.307\Sdks\Microsoft.NET.Sdk\targets\Microsoft.NET.Sdk.targets(201,5): message :       GenerateManifests;
       C:\Program Files\dotnet\sdk\9.0.307\Sdks\Microsoft.NET.Sdk\targets\Microsoft.NET.Sdk.targets(201,5): message :       GetTargetPath;
       C:\Program Files\dotnet\sdk\9.0.307\Sdks\Microsoft.NET.Sdk\targets\Microsoft.NET.Sdk.targets(201,5): message :       PrepareForRun;
       C:\Program Files\dotnet\sdk\9.0.307\Sdks\Microsoft.NET.Sdk\targets\Microsoft.NET.Sdk.targets(201,5): message :       UnmanagedRegistration;
       C:\Program Files\dotnet\sdk\9.0.307\Sdks\Microsoft.NET.Sdk\targets\Microsoft.NET.Sdk.targets(201,5): message :       IncrementalClean;
       C:\Program Files\dotnet\sdk\9.0.307\Sdks\Microsoft.NET.Sdk\targets\Microsoft.NET.Sdk.targets(201,5): message :       PostBuildEvent
       C:\Program Files\dotnet\sdk\9.0.307\Sdks\Microsoft.NET.Sdk\targets\Microsoft.NET.Sdk.targets(201,5): message :     ;
       C:\Program Files\dotnet\sdk\9.0.307\Sdks\Microsoft.NET.Sdk\targets\Microsoft.NET.Sdk.targets(201,5): message :       GenerateBuildDependencyFile;
       C:\Program Files\dotnet\sdk\9.0.307\Sdks\Microsoft.NET.Sdk\targets\Microsoft.NET.Sdk.targets(201,5): message :       GenerateBuildRuntimeConfigurationFiles
       C:\Program Files\dotnet\sdk\9.0.307\Sdks\Microsoft.NET.Sdk\targets\Microsoft.NET.Sdk.targets(201,5): message :     " (önceki değer: "
       C:\Program Files\dotnet\sdk\9.0.307\Sdks\Microsoft.NET.Sdk\targets\Microsoft.NET.Sdk.targets(201,5): message :       BuildOnlySettings;
       C:\Program Files\dotnet\sdk\9.0.307\Sdks\Microsoft.NET.Sdk\targets\Microsoft.NET.Sdk.targets(201,5): message :       PrepareForBuild;
       C:\Program Files\dotnet\sdk\9.0.307\Sdks\Microsoft.NET.Sdk\targets\Microsoft.NET.Sdk.targets(201,5): message :       PreBuildEvent;
       C:\Program Files\dotnet\sdk\9.0.307\Sdks\Microsoft.NET.Sdk\targets\Microsoft.NET.Sdk.targets(201,5): message :       ResolveReferences;
       C:\Program Files\dotnet\sdk\9.0.307\Sdks\Microsoft.NET.Sdk\targets\Microsoft.NET.Sdk.targets(201,5): message :       PrepareResources;
       C:\Program Files\dotnet\sdk\9.0.307\Sdks\Microsoft.NET.Sdk\targets\Microsoft.NET.Sdk.targets(201,5): message :       ResolveKeySource;
       C:\Program Files\dotnet\sdk\9.0.307\Sdks\Microsoft.NET.Sdk\targets\Microsoft.NET.Sdk.targets(201,5): message :       Compile;
       C:\Program Files\dotnet\sdk\9.0.307\Sdks\Microsoft.NET.Sdk\targets\Microsoft.NET.Sdk.targets(201,5): message :       ExportWindowsMDFile;
       C:\Program Files\dotnet\sdk\9.0.307\Sdks\Microsoft.NET.Sdk\targets\Microsoft.NET.Sdk.targets(201,5): message :       UnmanagedUnregistration;
       C:\Program Files\dotnet\sdk\9.0.307\Sdks\Microsoft.NET.Sdk\targets\Microsoft.NET.Sdk.targets(201,5): message :       GenerateSerializationAssemblies;
       C:\Program Files\dotnet\sdk\9.0.307\Sdks\Microsoft.NET.Sdk\targets\Microsoft.NET.Sdk.targets(201,5): message :       CreateSatelliteAssemblies;
       C:\Program Files\dotnet\sdk\9.0.307\Sdks\Microsoft.NET.Sdk\targets\Microsoft.NET.Sdk.targets(201,5): message :       GenerateManifests;
       C:\Program Files\dotnet\sdk\9.0.307\Sdks\Microsoft.NET.Sdk\targets\Microsoft.NET.Sdk.targets(201,5): message :       GetTargetPath;
       C:\Program Files\dotnet\sdk\9.0.307\Sdks\Microsoft.NET.Sdk\targets\Microsoft.NET.Sdk.targets(201,5): message :       PrepareForRun;
       C:\Program Files\dotnet\sdk\9.0.307\Sdks\Microsoft.NET.Sdk\targets\Microsoft.NET.Sdk.targets(201,5): message :       UnmanagedRegistration;
       C:\Program Files\dotnet\sdk\9.0.307\Sdks\Microsoft.NET.Sdk\targets\Microsoft.NET.Sdk.targets(201,5): message :       IncrementalClean;
       C:\Program Files\dotnet\sdk\9.0.307\Sdks\Microsoft.NET.Sdk\targets\Microsoft.NET.Sdk.targets(201,5): message :       PostBuildEvent
       C:\Program Files\dotnet\sdk\9.0.307\Sdks\Microsoft.NET.Sdk\targets\Microsoft.NET.Sdk.targets(201,5): message :     ") konum: C:\Program Files\dotnet\sdk\9.0.307\Sdks\Microsoft.NET.Sdk\targets\Microsoft.NET.Sdk.targets (201,5)
       C:\Program Files\dotnet\sdk\9.0.307\Sdks\Microsoft.NET.Sdk\targets\Microsoft.NET.Sdk.targets(210,5): message : Özellik yeniden ataması: $(CoreCleanDependsOn)="
       C:\Program Files\dotnet\sdk\9.0.307\Sdks\Microsoft.NET.Sdk\targets\Microsoft.NET.Sdk.targets(210,5): message :       _SdkBeforeClean;
       C:\Program Files\dotnet\sdk\9.0.307\Sdks\Microsoft.NET.Sdk\targets\Microsoft.NET.Sdk.targets(210,5): message :       
       C:\Program Files\dotnet\sdk\9.0.307\Sdks\Microsoft.NET.Sdk\targets\Microsoft.NET.Sdk.targets(210,5): message :     " (önceki değer: "") konum: C:\Program Files\dotnet\sdk\9.0.307\Sdks\Microsoft.NET.Sdk\targets\Microsoft.NET.Sdk.targets (210,5)
       C:\Program Files\dotnet\sdk\9.0.307\Sdks\Microsoft.NET.Sdk\targets\Microsoft.NET.Sdk.targets(217,5): message : Özellik yeniden ataması: $(RebuildDependsOn)="
       C:\Program Files\dotnet\sdk\9.0.307\Sdks\Microsoft.NET.Sdk\targets\Microsoft.NET.Sdk.targets(217,5): message :       _SdkBeforeRebuild;
       C:\Program Files\dotnet\sdk\9.0.307\Sdks\Microsoft.NET.Sdk\targets\Microsoft.NET.Sdk.targets(217,5): message :       
       C:\Program Files\dotnet\sdk\9.0.307\Sdks\Microsoft.NET.Sdk\targets\Microsoft.NET.Sdk.targets(217,5): message :       BeforeRebuild;
       C:\Program Files\dotnet\sdk\9.0.307\Sdks\Microsoft.NET.Sdk\targets\Microsoft.NET.Sdk.targets(217,5): message :       Clean;
       C:\Program Files\dotnet\sdk\9.0.307\Sdks\Microsoft.NET.Sdk\targets\Microsoft.NET.Sdk.targets(217,5): message :       Build;
       C:\Program Files\dotnet\sdk\9.0.307\Sdks\Microsoft.NET.Sdk\targets\Microsoft.NET.Sdk.targets(217,5): message :       AfterRebuild;
       C:\Program Files\dotnet\sdk\9.0.307\Sdks\Microsoft.NET.Sdk\targets\Microsoft.NET.Sdk.targets(217,5): message :     
       C:\Program Files\dotnet\sdk\9.0.307\Sdks\Microsoft.NET.Sdk\targets\Microsoft.NET.Sdk.targets(217,5): message :     " (önceki değer: "
       C:\Program Files\dotnet\sdk\9.0.307\Sdks\Microsoft.NET.Sdk\targets\Microsoft.NET.Sdk.targets(217,5): message :       BeforeRebuild;
       C:\Program Files\dotnet\sdk\9.0.307\Sdks\Microsoft.NET.Sdk\targets\Microsoft.NET.Sdk.targets(217,5): message :       Clean;
       C:\Program Files\dotnet\sdk\9.0.307\Sdks\Microsoft.NET.Sdk\targets\Microsoft.NET.Sdk.targets(217,5): message :       Build;
       C:\Program Files\dotnet\sdk\9.0.307\Sdks\Microsoft.NET.Sdk\targets\Microsoft.NET.Sdk.targets(217,5): message :       AfterRebuild;
       C:\Program Files\dotnet\sdk\9.0.307\Sdks\Microsoft.NET.Sdk\targets\Microsoft.NET.Sdk.targets(217,5): message :     ") konum: C:\Program Files\dotnet\sdk\9.0.307\Sdks\Microsoft.NET.Sdk\targets\Microsoft.NET.Sdk.targets (217,5)
       C:\Program Files\dotnet\sdk\9.0.307\Sdks\Microsoft.NET.Sdk\targets\Microsoft.NET.Sdk.targets(784,5): message : Özellik yeniden ataması: $(CompileDependsOn)="
       C:\Program Files\dotnet\sdk\9.0.307\Sdks\Microsoft.NET.Sdk\targets\Microsoft.NET.Sdk.targets(784,5): message :       
       C:\Program Files\dotnet\sdk\9.0.307\Sdks\Microsoft.NET.Sdk\targets\Microsoft.NET.Sdk.targets(784,5): message :       ResolveReferences;
       C:\Program Files\dotnet\sdk\9.0.307\Sdks\Microsoft.NET.Sdk\targets\Microsoft.NET.Sdk.targets(784,5): message :       ResolveKeySource;
       C:\Program Files\dotnet\sdk\9.0.307\Sdks\Microsoft.NET.Sdk\targets\Microsoft.NET.Sdk.targets(784,5): message :       SetWin32ManifestProperties;
       C:\Program Files\dotnet\sdk\9.0.307\Sdks\Microsoft.NET.Sdk\targets\Microsoft.NET.Sdk.targets(784,5): message :       _SetPreferNativeArm64Win32ManifestProperties;
       C:\Program Files\dotnet\sdk\9.0.307\Sdks\Microsoft.NET.Sdk\targets\Microsoft.NET.Sdk.targets(784,5): message :       FindReferenceAssembliesForReferences;
       C:\Program Files\dotnet\sdk\9.0.307\Sdks\Microsoft.NET.Sdk\targets\Microsoft.NET.Sdk.targets(784,5): message :       _GenerateCompileInputs;
       C:\Program Files\dotnet\sdk\9.0.307\Sdks\Microsoft.NET.Sdk\targets\Microsoft.NET.Sdk.targets(784,5): message :       BeforeCompile;
       C:\Program Files\dotnet\sdk\9.0.307\Sdks\Microsoft.NET.Sdk\targets\Microsoft.NET.Sdk.targets(784,5): message :       _TimeStampBeforeCompile;
       C:\Program Files\dotnet\sdk\9.0.307\Sdks\Microsoft.NET.Sdk\targets\Microsoft.NET.Sdk.targets(784,5): message :       _GenerateCompileDependencyCache;
       C:\Program Files\dotnet\sdk\9.0.307\Sdks\Microsoft.NET.Sdk\targets\Microsoft.NET.Sdk.targets(784,5): message :       CoreCompile;
       C:\Program Files\dotnet\sdk\9.0.307\Sdks\Microsoft.NET.Sdk\targets\Microsoft.NET.Sdk.targets(784,5): message :       _TimeStampAfterCompile;
       C:\Program Files\dotnet\sdk\9.0.307\Sdks\Microsoft.NET.Sdk\targets\Microsoft.NET.Sdk.targets(784,5): message :       AfterCompile;
       C:\Program Files\dotnet\sdk\9.0.307\Sdks\Microsoft.NET.Sdk\targets\Microsoft.NET.Sdk.targets(784,5): message :     ;
       C:\Program Files\dotnet\sdk\9.0.307\Sdks\Microsoft.NET.Sdk\targets\Microsoft.NET.Sdk.targets(784,5): message :       _CreateAppHost;
       C:\Program Files\dotnet\sdk\9.0.307\Sdks\Microsoft.NET.Sdk\targets\Microsoft.NET.Sdk.targets(784,5): message :       _CreateComHost;
       C:\Program Files\dotnet\sdk\9.0.307\Sdks\Microsoft.NET.Sdk\targets\Microsoft.NET.Sdk.targets(784,5): message :       _GetIjwHostPaths;
       C:\Program Files\dotnet\sdk\9.0.307\Sdks\Microsoft.NET.Sdk\targets\Microsoft.NET.Sdk.targets(784,5): message :     " (önceki değer: "
       C:\Program Files\dotnet\sdk\9.0.307\Sdks\Microsoft.NET.Sdk\targets\Microsoft.NET.Sdk.targets(784,5): message :       ResolveReferences;
       C:\Program Files\dotnet\sdk\9.0.307\Sdks\Microsoft.NET.Sdk\targets\Microsoft.NET.Sdk.targets(784,5): message :       ResolveKeySource;
       C:\Program Files\dotnet\sdk\9.0.307\Sdks\Microsoft.NET.Sdk\targets\Microsoft.NET.Sdk.targets(784,5): message :       SetWin32ManifestProperties;
       C:\Program Files\dotnet\sdk\9.0.307\Sdks\Microsoft.NET.Sdk\targets\Microsoft.NET.Sdk.targets(784,5): message :       _SetPreferNativeArm64Win32ManifestProperties;
       C:\Program Files\dotnet\sdk\9.0.307\Sdks\Microsoft.NET.Sdk\targets\Microsoft.NET.Sdk.targets(784,5): message :       FindReferenceAssembliesForReferences;
       C:\Program Files\dotnet\sdk\9.0.307\Sdks\Microsoft.NET.Sdk\targets\Microsoft.NET.Sdk.targets(784,5): message :       _GenerateCompileInputs;
       C:\Program Files\dotnet\sdk\9.0.307\Sdks\Microsoft.NET.Sdk\targets\Microsoft.NET.Sdk.targets(784,5): message :       BeforeCompile;
       C:\Program Files\dotnet\sdk\9.0.307\Sdks\Microsoft.NET.Sdk\targets\Microsoft.NET.Sdk.targets(784,5): message :       _TimeStampBeforeCompile;
       C:\Program Files\dotnet\sdk\9.0.307\Sdks\Microsoft.NET.Sdk\targets\Microsoft.NET.Sdk.targets(784,5): message :       _GenerateCompileDependencyCache;
       C:\Program Files\dotnet\sdk\9.0.307\Sdks\Microsoft.NET.Sdk\targets\Microsoft.NET.Sdk.targets(784,5): message :       CoreCompile;
       C:\Program Files\dotnet\sdk\9.0.307\Sdks\Microsoft.NET.Sdk\targets\Microsoft.NET.Sdk.targets(784,5): message :       _TimeStampAfterCompile;
       C:\Program Files\dotnet\sdk\9.0.307\Sdks\Microsoft.NET.Sdk\targets\Microsoft.NET.Sdk.targets(784,5): message :       AfterCompile;
       C:\Program Files\dotnet\sdk\9.0.307\Sdks\Microsoft.NET.Sdk\targets\Microsoft.NET.Sdk.targets(784,5): message :     ") konum: C:\Program Files\dotnet\sdk\9.0.307\Sdks\Microsoft.NET.Sdk\targets\Microsoft.NET.Sdk.targets (784,5)
       C:\Program Files\dotnet\sdk\9.0.307\Sdks\Microsoft.NET.Sdk\targets\Microsoft.NET.Sdk.targets(1184,5): message : Özellik yeniden ataması: $(CreateSatelliteAssembliesDependsOn)="
       C:\Program Files\dotnet\sdk\9.0.307\Sdks\Microsoft.NET.Sdk\targets\Microsoft.NET.Sdk.targets(1184,5): message :       
       C:\Program Files\dotnet\sdk\9.0.307\Sdks\Microsoft.NET.Sdk\targets\Microsoft.NET.Sdk.targets(1184,5): message :       ;
       C:\Program Files\dotnet\sdk\9.0.307\Sdks\Microsoft.NET.Sdk\targets\Microsoft.NET.Sdk.targets(1184,5): message :       _GenerateSatelliteAssemblyInputs;
       C:\Program Files\dotnet\sdk\9.0.307\Sdks\Microsoft.NET.Sdk\targets\Microsoft.NET.Sdk.targets(1184,5): message :       ComputeIntermediateSatelliteAssemblies;
       C:\Program Files\dotnet\sdk\9.0.307\Sdks\Microsoft.NET.Sdk\targets\Microsoft.NET.Sdk.targets(1184,5): message :       GenerateSatelliteAssemblies
       C:\Program Files\dotnet\sdk\9.0.307\Sdks\Microsoft.NET.Sdk\targets\Microsoft.NET.Sdk.targets(1184,5): message :     ;
       C:\Program Files\dotnet\sdk\9.0.307\Sdks\Microsoft.NET.Sdk\targets\Microsoft.NET.Sdk.targets(1184,5): message :       CoreGenerateSatelliteAssemblies
       C:\Program Files\dotnet\sdk\9.0.307\Sdks\Microsoft.NET.Sdk\targets\Microsoft.NET.Sdk.targets(1184,5): message :     " (önceki değer: "
       C:\Program Files\dotnet\sdk\9.0.307\Sdks\Microsoft.NET.Sdk\targets\Microsoft.NET.Sdk.targets(1184,5): message :       ;
       C:\Program Files\dotnet\sdk\9.0.307\Sdks\Microsoft.NET.Sdk\targets\Microsoft.NET.Sdk.targets(1184,5): message :       _GenerateSatelliteAssemblyInputs;
       C:\Program Files\dotnet\sdk\9.0.307\Sdks\Microsoft.NET.Sdk\targets\Microsoft.NET.Sdk.targets(1184,5): message :       ComputeIntermediateSatelliteAssemblies;
       C:\Program Files\dotnet\sdk\9.0.307\Sdks\Microsoft.NET.Sdk\targets\Microsoft.NET.Sdk.targets(1184,5): message :       GenerateSatelliteAssemblies
       C:\Program Files\dotnet\sdk\9.0.307\Sdks\Microsoft.NET.Sdk\targets\Microsoft.NET.Sdk.targets(1184,5): message :     ") konum: C:\Program Files\dotnet\sdk\9.0.307\Sdks\Microsoft.NET.Sdk\targets\Microsoft.NET.Sdk.targets (1184,5)
       C:\Program Files\dotnet\sdk\9.0.307\Sdks\Microsoft.SourceLink.GitLab\build\Microsoft.SourceLink.GitLab.targets(12,5): message : Özellik yeniden ataması: $(SourceLinkUrlInitializerTargets)=";_InitializeGitHubSourceLinkUrl;_InitializeGitLabSourceLinkUrl" (önceki değer: ";_InitializeGitHubSourceLinkUrl") konum: C:\Program Files\dotnet\sdk\9.0.307\Sdks\Microsoft.SourceLink.GitLab\build\Microsoft.SourceLink.GitLab.targets (12,5)
       C:\Program Files\dotnet\sdk\9.0.307\Sdks\Microsoft.SourceLink.GitLab\build\Microsoft.SourceLink.GitLab.targets(13,5): message : Özellik yeniden ataması: $(SourceControlManagerUrlTranslationTargets)=";TranslateGitHubUrlsInSourceControlInformation;TranslateGitLabUrlsInSourceControlInformation" (önceki değer: ";TranslateGitHubUrlsInSourceControlInformation") konum: C:\Program Files\dotnet\sdk\9.0.307\Sdks\Microsoft.SourceLink.GitLab\build\Microsoft.SourceLink.GitLab.targets (13,5)
       C:\Program Files\dotnet\sdk\9.0.307\Sdks\Microsoft.SourceLink.AzureRepos.Git\build\Microsoft.SourceLink.AzureRepos.Git.targets(12,5): message : Özellik yeniden ataması: $(SourceLinkUrlInitializerTargets)=";_InitializeGitHubSourceLinkUrl;_InitializeGitLabSourceLinkUrl;_InitializeAzureReposGitSourceLinkUrl" (önceki değer: ";_InitializeGitHubSourceLinkUrl;_InitializeGitLabSourceLinkUrl") konum: C:\Program Files\dotnet\sdk\9.0.307\Sdks\Microsoft.SourceLink.AzureRepos.Git\build\Microsoft.SourceLink.AzureRepos.Git.targets (12,5)
       C:\Program Files\dotnet\sdk\9.0.307\Sdks\Microsoft.SourceLink.AzureRepos.Git\build\Microsoft.SourceLink.AzureRepos.Git.targets(13,5): message : Özellik yeniden ataması: $(SourceControlManagerUrlTranslationTargets)=";TranslateGitHubUrlsInSourceControlInformation;TranslateGitLabUrlsInSourceControlInformation;TranslateAzureReposGitUrlsInSourceControlInformation" (önceki değer: ";TranslateGitHubUrlsInSourceControlInformation;TranslateGitLabUrlsInSourceControlInformation") konum: C:\Program Files\dotnet\sdk\9.0.307\Sdks\Microsoft.SourceLink.AzureRepos.Git\build\Microsoft.SourceLink.AzureRepos.Git.targets (13,5)
       C:\Program Files\dotnet\sdk\9.0.307\Sdks\Microsoft.SourceLink.Bitbucket.Git\build\Microsoft.SourceLink.Bitbucket.Git.targets(12,5): message : Özellik yeniden ataması: $(SourceLinkUrlInitializerTargets)=";_InitializeGitHubSourceLinkUrl;_InitializeGitLabSourceLinkUrl;_InitializeAzureReposGitSourceLinkUrl;_InitializeBitbucketGitSourceLinkUrl" (önceki değer: ";_InitializeGitHubSourceLinkUrl;_InitializeGitLabSourceLinkUrl;_InitializeAzureReposGitSourceLinkUrl") konum: C:\Program Files\dotnet\sdk\9.0.307\Sdks\Microsoft.SourceLink.Bitbucket.Git\build\Microsoft.SourceLink.Bitbucket.Git.targets (12,5)
       C:\Program Files\dotnet\sdk\9.0.307\Sdks\Microsoft.SourceLink.Bitbucket.Git\build\Microsoft.SourceLink.Bitbucket.Git.targets(13,5): message : Özellik yeniden ataması: $(SourceControlManagerUrlTranslationTargets)=";TranslateGitHubUrlsInSourceControlInformation;TranslateGitLabUrlsInSourceControlInformation;TranslateAzureReposGitUrlsInSourceControlInformation;TranslateBitbucketGitUrlsInSourceControlInformation" (önceki değer: ";TranslateGitHubUrlsInSourceControlInformation;TranslateGitLabUrlsInSourceControlInformation;TranslateAzureReposGitUrlsInSourceControlInformation") konum: C:\Program Files\dotnet\sdk\9.0.307\Sdks\Microsoft.SourceLink.Bitbucket.Git\build\Microsoft.SourceLink.Bitbucket.Git.targets (13,5)
       C:\Program Files\dotnet\sdk\9.0.307\Sdks\Microsoft.NET.Sdk\targets\Microsoft.NET.DesignerSupport.targets(21,5): message : Özellik yeniden ataması: $(DesignerRuntimeImplementationProjectOutputGroupDependsOn)="
       C:\Program Files\dotnet\sdk\9.0.307\Sdks\Microsoft.NET.Sdk\targets\Microsoft.NET.DesignerSupport.targets(21,5): message :       
       C:\Program Files\dotnet\sdk\9.0.307\Sdks\Microsoft.NET.Sdk\targets\Microsoft.NET.DesignerSupport.targets(21,5): message :       ;
       C:\Program Files\dotnet\sdk\9.0.307\Sdks\Microsoft.NET.Sdk\targets\Microsoft.NET.DesignerSupport.targets(21,5): message :       
       C:\Program Files\dotnet\sdk\9.0.307\Sdks\Microsoft.NET.Sdk\targets\Microsoft.NET.DesignerSupport.targets(21,5): message :       ;
       C:\Program Files\dotnet\sdk\9.0.307\Sdks\Microsoft.NET.Sdk\targets\Microsoft.NET.DesignerSupport.targets(21,5): message :       BuildOnlySettings;
       C:\Program Files\dotnet\sdk\9.0.307\Sdks\Microsoft.NET.Sdk\targets\Microsoft.NET.DesignerSupport.targets(21,5): message :       PrepareForBuild;
       C:\Program Files\dotnet\sdk\9.0.307\Sdks\Microsoft.NET.Sdk\targets\Microsoft.NET.DesignerSupport.targets(21,5): message :       AssignTargetPaths;
       C:\Program Files\dotnet\sdk\9.0.307\Sdks\Microsoft.NET.Sdk\targets\Microsoft.NET.DesignerSupport.targets(21,5): message :       ResolveReferences
       C:\Program Files\dotnet\sdk\9.0.307\Sdks\Microsoft.NET.Sdk\targets\Microsoft.NET.DesignerSupport.targets(21,5): message :     
       C:\Program Files\dotnet\sdk\9.0.307\Sdks\Microsoft.NET.Sdk\targets\Microsoft.NET.DesignerSupport.targets(21,5): message :     ;
       C:\Program Files\dotnet\sdk\9.0.307\Sdks\Microsoft.NET.Sdk\targets\Microsoft.NET.DesignerSupport.targets(21,5): message :       _GenerateDesignerDepsFile;
       C:\Program Files\dotnet\sdk\9.0.307\Sdks\Microsoft.NET.Sdk\targets\Microsoft.NET.DesignerSupport.targets(21,5): message :       _GenerateDesignerRuntimeConfigFile;
       C:\Program Files\dotnet\sdk\9.0.307\Sdks\Microsoft.NET.Sdk\targets\Microsoft.NET.DesignerSupport.targets(21,5): message :       GetCopyToOutputDirectoryItems;
       C:\Program Files\dotnet\sdk\9.0.307\Sdks\Microsoft.NET.Sdk\targets\Microsoft.NET.DesignerSupport.targets(21,5): message :       _GatherDesignerShadowCopyFiles;
       C:\Program Files\dotnet\sdk\9.0.307\Sdks\Microsoft.NET.Sdk\targets\Microsoft.NET.DesignerSupport.targets(21,5): message :     " (önceki değer: "
       C:\Program Files\dotnet\sdk\9.0.307\Sdks\Microsoft.NET.Sdk\targets\Microsoft.NET.DesignerSupport.targets(21,5): message :       ;
       C:\Program Files\dotnet\sdk\9.0.307\Sdks\Microsoft.NET.Sdk\targets\Microsoft.NET.DesignerSupport.targets(21,5): message :       
       C:\Program Files\dotnet\sdk\9.0.307\Sdks\Microsoft.NET.Sdk\targets\Microsoft.NET.DesignerSupport.targets(21,5): message :       ;
       C:\Program Files\dotnet\sdk\9.0.307\Sdks\Microsoft.NET.Sdk\targets\Microsoft.NET.DesignerSupport.targets(21,5): message :       BuildOnlySettings;
       C:\Program Files\dotnet\sdk\9.0.307\Sdks\Microsoft.NET.Sdk\targets\Microsoft.NET.DesignerSupport.targets(21,5): message :       PrepareForBuild;
       C:\Program Files\dotnet\sdk\9.0.307\Sdks\Microsoft.NET.Sdk\targets\Microsoft.NET.DesignerSupport.targets(21,5): message :       AssignTargetPaths;
       C:\Program Files\dotnet\sdk\9.0.307\Sdks\Microsoft.NET.Sdk\targets\Microsoft.NET.DesignerSupport.targets(21,5): message :       ResolveReferences
       C:\Program Files\dotnet\sdk\9.0.307\Sdks\Microsoft.NET.Sdk\targets\Microsoft.NET.DesignerSupport.targets(21,5): message :     
       C:\Program Files\dotnet\sdk\9.0.307\Sdks\Microsoft.NET.Sdk\targets\Microsoft.NET.DesignerSupport.targets(21,5): message :     ") konum: C:\Program Files\dotnet\sdk\9.0.307\Sdks\Microsoft.NET.Sdk\targets\Microsoft.NET.DesignerSupport.targets (21,5)
       C:\Program Files\dotnet\sdk\9.0.307\Sdks\Microsoft.NET.Sdk\targets\Microsoft.NET.PackTool.targets(68,5): message : Özellik yeniden ataması: $(_GenerateToolsSettingsFileCacheFile)="C:\Users\alihe\OneDrive\Masaüstü\ForgeFlow Project\services\artifact\ForgeFlow.Artifact.Domain\obj\Debug\net8.0\ForgeFlow.Artifact.Domain.toolssettingsinput.cache" (önceki değer: "obj\Debug\net8.0\ForgeFlow.Artifact.Domain.toolssettingsinput.cache") konum: C:\Program Files\dotnet\sdk\9.0.307\Sdks\Microsoft.NET.Sdk\targets\Microsoft.NET.PackTool.targets (68,5)
       C:\Program Files\dotnet\sdk\9.0.307\Sdks\Microsoft.NET.Sdk\targets\Microsoft.NET.PackTool.targets(137,5): message : Özellik yeniden ataması: $(_ShimInputCacheFile)="C:\Users\alihe\OneDrive\Masaüstü\ForgeFlow Project\services\artifact\ForgeFlow.Artifact.Domain\obj\Debug\net8.0\ForgeFlow.Artifact.Domain.shiminput.cache" (önceki değer: "obj\Debug\net8.0\ForgeFlow.Artifact.Domain.shiminput.cache") konum: C:\Program Files\dotnet\sdk\9.0.307\Sdks\Microsoft.NET.Sdk\targets\Microsoft.NET.PackTool.targets (137,5)
       C:\Program Files\dotnet\sdk\9.0.307\Sdks\Microsoft.NET.Sdk\targets\Microsoft.NET.PackTool.targets(139,5): message : Özellik yeniden ataması: $(_ShimCreatedSentinelFile)="C:\Users\alihe\OneDrive\Masaüstü\ForgeFlow Project\services\artifact\ForgeFlow.Artifact.Domain\obj\Debug\net8.0\ForgeFlow.Artifact.Domain.shimcreated.sentinel" (önceki değer: "obj\Debug\net8.0\ForgeFlow.Artifact.Domain.shimcreated.sentinel") konum: C:\Program Files\dotnet\sdk\9.0.307\Sdks\Microsoft.NET.Sdk\targets\Microsoft.NET.PackTool.targets (139,5)
       C:\Program Files\dotnet\sdk\9.0.307\Sdks\Microsoft.NET.Sdk\targets\Microsoft.NET.Sdk.CSharp.targets(31,5): message : Özellik yeniden ataması: $(DefineConstants)="TRACE;DEBUG" (önceki değer: "TRACE") konum: C:\Program Files\dotnet\sdk\9.0.307\Sdks\Microsoft.NET.Sdk\targets\Microsoft.NET.Sdk.CSharp.targets (31,5)
       C:\Program Files\dotnet\sdk\9.0.307\Sdks\Microsoft.NET.Sdk\targets\Microsoft.NET.Sdk.CSharp.targets(34,5): message : Özellik yeniden ataması: $(DefineConstants)="TRACE;DEBUG;NET;NET8_0;NETCOREAPP" (önceki değer: "TRACE;DEBUG") konum: C:\Program Files\dotnet\sdk\9.0.307\Sdks\Microsoft.NET.Sdk\targets\Microsoft.NET.Sdk.CSharp.targets (34,5)
       C:\Program Files\dotnet\sdk\9.0.307\Sdks\Microsoft.NET.Sdk\targets\Microsoft.NET.Sdk.CSharp.targets(48,5): message : Özellik yeniden ataması: $(WarningsAsErrors)=";NU1605;SYSLIB0011" (önceki değer: ";NU1605") konum: C:\Program Files\dotnet\sdk\9.0.307\Sdks\Microsoft.NET.Sdk\targets\Microsoft.NET.Sdk.CSharp.targets (48,5)
       C:\Program Files\dotnet\sdk\9.0.307\Sdks\NuGet.Build.Tasks.Pack\build\NuGet.Build.Tasks.Pack.targets(34,5): message : Özellik yeniden ataması: $(PackageDescription)="Package Description" (önceki değer: "") konum: C:\Program Files\dotnet\sdk\9.0.307\Sdks\NuGet.Build.Tasks.Pack\build\NuGet.Build.Tasks.Pack.targets (34,5)
       C:\Program Files\dotnet\sdk\9.0.307\Sdks\NuGet.Build.Tasks.Pack\build\NuGet.Build.Tasks.Pack.targets(59,5): message : Özellik yeniden ataması: $(GenerateNuspecDependsOn)="Build;_LoadPackInputItems; _GetTargetFrameworksOutput; _WalkEachTargetPerFramework; _GetPackageFiles; " (önceki değer: "_LoadPackInputItems; _GetTargetFrameworksOutput; _WalkEachTargetPerFramework; _GetPackageFiles; ") konum: C:\Program Files\dotnet\sdk\9.0.307\Sdks\NuGet.Build.Tasks.Pack\build\NuGet.Build.Tasks.Pack.targets (59,5)
       C:\Program Files\dotnet\sdk\9.0.307\Sdks\Microsoft.NET.Sdk\Sdk\Sdk.targets(60,5): message : Özellik yeniden ataması: $(_IsNotSetContainersTargetsDir)="true" (önceki değer: "false") konum: C:\Program Files\dotnet\sdk\9.0.307\Sdks\Microsoft.NET.Sdk\Sdk\Sdk.targets (60,5)
       C:\Program Files\dotnet\sdk\9.0.307\Containers\build\Microsoft.NET.Build.Containers.targets(5,5): message : Özellik yeniden ataması: $(_IsSDKContainerAllowedVersion)="true" (önceki değer: "false") konum: C:\Program Files\dotnet\sdk\9.0.307\Containers\build\Microsoft.NET.Build.Containers.targets (5,5)
       C:\Program Files\dotnet\sdk\9.0.307\Containers\build\Microsoft.NET.Build.Containers.targets(15,5): message : Özellik yeniden ataması: $(_ContainerIsTargetingNet8TFM)="true" (önceki değer: "false") konum: C:\Program Files\dotnet\sdk\9.0.307\Containers\build\Microsoft.NET.Build.Containers.targets (15,5)
       "C:\Program Files\dotnet\sdk\9.0.307\Sdks\Microsoft.NET.Sdk\targets\Microsoft.NET.Sdk.FrameworkReferenceResolution.targets" projesindeki "ResolveFrameworkReferences" hedefi kullanılarak "C:\Program Files\dotnet\sdk\9.0.307\Microsoft.Common.CurrentVersion.targets" projesindeki "ResolveFrameworkReferences" hedefinin üzerine yazılıyor.
       "C:\Program Files\dotnet\sdk\9.0.307\Sdks\Microsoft.NET.Sdk\targets\Microsoft.NET.Sdk.targets" projesindeki "Run" hedefi kullanılarak "C:\Program Files\dotnet\sdk\9.0.307\Microsoft.Common.CurrentVersion.targets" projesindeki "Run" hedefinin üzerine yazılıyor.
       "C:\Program Files\dotnet\sdk\9.0.307\Sdks\Microsoft.NET.Sdk\targets\Microsoft.NET.Sdk.targets" projesindeki "GenerateSupportedTargetFrameworkAlias" hedefi kullanılarak "C:\Program Files\dotnet\sdk\9.0.307\Microsoft.Common.CurrentVersion.targets" projesindeki "GenerateSupportedTargetFrameworkAlias" hedefinin üzerine yazılıyor.
       "C:\Program Files\dotnet\sdk\9.0.307\Sdks\Microsoft.NET.Sdk\targets\Microsoft.NET.DisableStandardFrameworkResolution.targets" projesindeki "GetReferenceAssemblyPaths" hedefi kullanılarak "C:\Program Files\dotnet\sdk\9.0.307\Microsoft.Common.CurrentVersion.targets" projesindeki "GetReferenceAssemblyPaths" hedefinin üzerine yazılıyor.
       "C:\Program Files\dotnet\sdk\9.0.307\Sdks\Microsoft.NET.Sdk\targets\Microsoft.NET.DisableStandardFrameworkResolution.targets" projesindeki "GetFrameworkPaths" hedefi kullanılarak "C:\Program Files\dotnet\sdk\9.0.307\Microsoft.Common.CurrentVersion.targets" projesindeki "GetFrameworkPaths" hedefinin üzerine yazılıyor.
       "C:\Program Files\dotnet\sdk\9.0.307\Sdks\Microsoft.NET.Sdk\targets\Microsoft.NET.DesignerSupport.targets" projesindeki "DesignerRuntimeImplementationProjectOutputGroup" hedefi kullanılarak "C:\Program Files\dotnet\sdk\9.0.307\Microsoft.Common.CurrentVersion.targets" projesindeki "DesignerRuntimeImplementationProjectOutputGroup" hedefinin üzerine yazılıyor.
       "C:\Program Files\dotnet\sdk\9.0.307\Sdks\Microsoft.NET.Sdk\targets\Microsoft.NET.Publish.targets" projesindeki "Publish" hedefi kullanılarak "C:\Program Files\dotnet\sdk\9.0.307\Microsoft.Common.CurrentVersion.targets" projesindeki "Publish" hedefinin üzerine yazılıyor.
       "C:\Program Files\dotnet\sdk\9.0.307\Sdks\Microsoft.NET.Sdk\targets\Microsoft.NET.Publish.targets" projesindeki "ResolveReadyToRunCompilers" hedefi kullanılarak "C:\Program Files\dotnet\sdk\9.0.307\Sdks\Microsoft.NET.Sdk\targets\Microsoft.NET.CrossGen.targets" projesindeki "ResolveReadyToRunCompilers" hedefinin üzerine yazılıyor.
       "C:\Program Files\dotnet\sdk\9.0.307\Sdks\Microsoft.NET.Sdk\targets\Microsoft.NET.Publish.targets" projesindeki "GetCopyToPublishDirectoryItems" hedefi kullanılarak "C:\Program Files\dotnet\sdk\9.0.307\Microsoft.Common.CurrentVersion.targets" projesindeki "GetCopyToPublishDirectoryItems" hedefinin üzerine yazılıyor.
     4>"C:\Users\alihe\OneDrive\Masaüstü\ForgeFlow Project\services\artifact\ForgeFlow.Artifact.Infrastructure\ForgeFlow.Artifact.Infrastructure.csproj" projesi (4) 2 düğümünde "C:\Users\alihe\OneDrive\Masaüstü\ForgeFlow Project\services\artifact\ForgeFlow.Artifact.Domain\ForgeFlow.Artifact.Domain.csproj" (5) oluşturuyor (_GenerateRestoreProjectPathWalk hedef).
     5>Yanlış koşul nedeniyle "_GenerateRestoreProjectPathItemsAllFrameworks" hedefi atlandı; ( '$(TargetFrameworks)' != '' ), ( '' != '' ) olarak değerlendirildi.
     5>"C:\Users\alihe\OneDrive\Masaüstü\ForgeFlow Project\services\artifact\ForgeFlow.Artifact.Domain\ForgeFlow.Artifact.Domain.csproj" projesinin "C:\Program Files\dotnet\sdk\9.0.307\NuGet.targets" dosyasındaki "_GenerateRestoreProjectPathItemsPerFramework" hedefi ("_GenerateRestoreProjectPathItemsCurrentProject" hedefi buna bağımlı):
       "ConvertToAbsolutePath" görevi
       "ConvertToAbsolutePath" görevini yürütme tamamlandı.
     5>"ForgeFlow.Artifact.Domain.csproj" projesinde "_GenerateRestoreProjectPathItemsPerFramework" hedefini oluşturma tamamlandı.
     5>"C:\Users\alihe\OneDrive\Masaüstü\ForgeFlow Project\services\artifact\ForgeFlow.Artifact.Domain\ForgeFlow.Artifact.Domain.csproj" projesinin "C:\Program Files\dotnet\sdk\9.0.307\NuGet.targets" dosyasındaki "_GenerateRestoreProjectPathItemsCurrentProject" hedefi ("_GenerateRestoreProjectPathItems" hedefi buna bağımlı):
     5>"ForgeFlow.Artifact.Domain.csproj" projesinde "_GenerateRestoreProjectPathItemsCurrentProject" hedefini oluşturma tamamlandı.
     5>"C:\Users\alihe\OneDrive\Masaüstü\ForgeFlow Project\services\artifact\ForgeFlow.Artifact.Domain\ForgeFlow.Artifact.Domain.csproj" projesinin "C:\Program Files\dotnet\sdk\9.0.307\NuGet.targets" dosyasındaki "_GenerateRestoreProjectPathItems" hedefi ("_GenerateRestoreProjectPathWalk" hedefi buna bağımlı):
       "RemoveDuplicates" görevi
       "RemoveDuplicates" görevini yürütme tamamlandı.
     5>"ForgeFlow.Artifact.Domain.csproj" projesinde "_GenerateRestoreProjectPathItems" hedefini oluşturma tamamlandı.
     5>"C:\Users\alihe\OneDrive\Masaüstü\ForgeFlow Project\services\artifact\ForgeFlow.Artifact.Domain\ForgeFlow.Artifact.Domain.csproj" projesinin "C:\Program Files\dotnet\sdk\9.0.307\NuGet.targets" dosyasındaki "_GenerateRestoreProjectPathWalk" hedefi (giriş noktası):
       "MSBuild" görevi
       "MSBuild" görevini yürütme tamamlandı.
       Yanlış koşul nedeniyle "MSBuild" görevi atlandı; ( '$(RestoreUseSkipNonexistentTargets)' != 'true' ), ( 'true' != 'true' ) olarak değerlendirildi.
       "RemoveDuplicates" görevi
       "RemoveDuplicates" görevini yürütme tamamlandı.
     5>"ForgeFlow.Artifact.Domain.csproj" projesinde "_GenerateRestoreProjectPathWalk" hedefini oluşturma tamamlandı.
     5>"C:\Users\alihe\OneDrive\Masaüstü\ForgeFlow Project\services\artifact\ForgeFlow.Artifact.Domain\ForgeFlow.Artifact.Domain.csproj" Projesini Oluşturma İşlemi Tamamlandı (_GenerateRestoreProjectPathWalk hedef).
     3>"C:\Users\alihe\OneDrive\Masaüstü\ForgeFlow Project\services\artifact\ForgeFlow.Artifact.Application\ForgeFlow.Artifact.Application.csproj" projesi (3) 2 düğümünde "C:\Users\alihe\OneDrive\Masaüstü\ForgeFlow Project\services\artifact\ForgeFlow.Artifact.Domain\ForgeFlow.Artifact.Domain.csproj" (5:2) oluşturuyor (_GenerateRestoreProjectPathWalk hedef).
   5:2>"_GenerateRestoreProjectPathWalk" hedefi atlandı. Önceden başarılı bir şekilde derlenmişti.
   5:2>"C:\Users\alihe\OneDrive\Masaüstü\ForgeFlow Project\services\artifact\ForgeFlow.Artifact.Domain\ForgeFlow.Artifact.Domain.csproj" Projesini Oluşturma İşlemi Tamamlandı (_GenerateRestoreProjectPathWalk hedef).
     3>"MSBuild" görevini yürütme tamamlandı.
       Yanlış koşul nedeniyle "MSBuild" görevi atlandı; ( '$(RestoreUseSkipNonexistentTargets)' != 'true' ), ( 'true' != 'true' ) olarak değerlendirildi.
       "RemoveDuplicates" görevi
       "RemoveDuplicates" görevini yürütme tamamlandı.
     3>"ForgeFlow.Artifact.Application.csproj" projesinde "_GenerateRestoreProjectPathWalk" hedefini oluşturma tamamlandı.
     3>"C:\Users\alihe\OneDrive\Masaüstü\ForgeFlow Project\services\artifact\ForgeFlow.Artifact.Application\ForgeFlow.Artifact.Application.csproj" Projesini Oluşturma İşlemi Tamamlandı (_GenerateRestoreProjectPathWalk hedef).
     4>"C:\Users\alihe\OneDrive\Masaüstü\ForgeFlow Project\services\artifact\ForgeFlow.Artifact.Infrastructure\ForgeFlow.Artifact.Infrastructure.csproj" projesi (4) 3 düğümünde "C:\Users\alihe\OneDrive\Masaüstü\ForgeFlow Project\services\artifact\ForgeFlow.Artifact.Application\ForgeFlow.Artifact.Application.csproj" (3:2) oluşturuyor (_GenerateRestoreProjectPathWalk hedef).
   3:2>"_GenerateRestoreProjectPathWalk" hedefi atlandı. Önceden başarılı bir şekilde derlenmişti.
   3:2>"C:\Users\alihe\OneDrive\Masaüstü\ForgeFlow Project\services\artifact\ForgeFlow.Artifact.Application\ForgeFlow.Artifact.Application.csproj" Projesini Oluşturma İşlemi Tamamlandı (_GenerateRestoreProjectPathWalk hedef).
     4>"MSBuild" görevini yürütme tamamlandı.
       Yanlış koşul nedeniyle "MSBuild" görevi atlandı; ( '$(RestoreUseSkipNonexistentTargets)' != 'true' ), ( 'true' != 'true' ) olarak değerlendirildi.
       "RemoveDuplicates" görevi
       "RemoveDuplicates" görevini yürütme tamamlandı.
     4>"ForgeFlow.Artifact.Infrastructure.csproj" projesinde "_GenerateRestoreProjectPathWalk" hedefini oluşturma tamamlandı.
     4>"C:\Users\alihe\OneDrive\Masaüstü\ForgeFlow Project\services\artifact\ForgeFlow.Artifact.Infrastructure\ForgeFlow.Artifact.Infrastructure.csproj" Projesini Oluşturma İşlemi Tamamlandı (_GenerateRestoreProjectPathWalk hedef).
   1:3>"MSBuild" görevini yürütme tamamlandı.
       Yanlış koşul nedeniyle "MSBuild" görevi atlandı; ( '$(RestoreUseSkipNonexistentTargets)' != 'true' ), ( 'true' != 'true' ) olarak değerlendirildi.
       "RemoveDuplicates" görevi
       "RemoveDuplicates" görevini yürütme tamamlandı.
   1:3>"ForgeFlow.Artifact.Api.csproj" projesinde "_GenerateRestoreProjectPathWalk" hedefini oluşturma tamamlandı.
   1:3>"C:\Users\alihe\OneDrive\Masaüstü\ForgeFlow Project\services\artifact\ForgeFlow.Artifact.Api\ForgeFlow.Artifact.Api.csproj" Projesini Oluşturma İşlemi Tamamlandı (_GenerateRestoreProjectPathWalk hedef).
     1>"MSBuild" görevini yürütme tamamlandı.
       Yanlış koşul nedeniyle "MSBuild" görevi atlandı; ( '$(RestoreUseSkipNonexistentTargets)' != 'true' ), ( 'true' != 'true' ) olarak değerlendirildi.
       "RemoveDuplicates" görevi
       "RemoveDuplicates" görevini yürütme tamamlandı.
       "MSBuild" görevi
         Genel Özellikler:
           ExcludeRestorePackageImports=true
     1>"C:\Users\alihe\OneDrive\Masaüstü\ForgeFlow Project\services\artifact\ForgeFlow.Artifact.Api\ForgeFlow.Artifact.Api.csproj" projesi (1) 1 düğümünde "C:\Users\alihe\OneDrive\Masaüstü\ForgeFlow Project\services\artifact\ForgeFlow.Artifact.Api\ForgeFlow.Artifact.Api.csproj" (1:4) oluşturuyor (_IsProjectRestoreSupported hedef).
   1:4>"_IsProjectRestoreSupported" hedefi atlandı. Önceden başarılı bir şekilde derlenmişti.
   1:4>"C:\Users\alihe\OneDrive\Masaüstü\ForgeFlow Project\services\artifact\ForgeFlow.Artifact.Api\ForgeFlow.Artifact.Api.csproj" Projesini Oluşturma İşlemi Tamamlandı (_IsProjectRestoreSupported hedef).
     1>"C:\Users\alihe\OneDrive\Masaüstü\ForgeFlow Project\services\artifact\ForgeFlow.Artifact.Api\ForgeFlow.Artifact.Api.csproj" projesi (1) 1 düğümünde "C:\Users\alihe\OneDrive\Masaüstü\ForgeFlow Project\contracts\ForgeFlow.Contracts\ForgeFlow.Contracts.csproj" (2:2) oluşturuyor (_IsProjectRestoreSupported hedef).
   2:2>"C:\Users\alihe\OneDrive\Masaüstü\ForgeFlow Project\contracts\ForgeFlow.Contracts\ForgeFlow.Contracts.csproj" projesinin "C:\Program Files\dotnet\sdk\9.0.307\NuGet.targets" dosyasındaki "_IsProjectRestoreSupported" hedefi (giriş noktası):
   2:2>"ForgeFlow.Contracts.csproj" projesinde "_IsProjectRestoreSupported" hedefini oluşturma tamamlandı.
   2:2>"C:\Users\alihe\OneDrive\Masaüstü\ForgeFlow Project\contracts\ForgeFlow.Contracts\ForgeFlow.Contracts.csproj" Projesini Oluşturma İşlemi Tamamlandı (_IsProjectRestoreSupported hedef).
     1>"C:\Users\alihe\OneDrive\Masaüstü\ForgeFlow Project\services\artifact\ForgeFlow.Artifact.Api\ForgeFlow.Artifact.Api.csproj" projesi (1) 3 düğümünde "C:\Users\alihe\OneDrive\Masaüstü\ForgeFlow Project\services\artifact\ForgeFlow.Artifact.Application\ForgeFlow.Artifact.Application.csproj" (3:3) oluşturuyor (_IsProjectRestoreSupported hedef).
   3:3>"C:\Users\alihe\OneDrive\Masaüstü\ForgeFlow Project\services\artifact\ForgeFlow.Artifact.Application\ForgeFlow.Artifact.Application.csproj" projesinin "C:\Program Files\dotnet\sdk\9.0.307\NuGet.targets" dosyasındaki "_IsProjectRestoreSupported" hedefi (giriş noktası):
   3:3>"ForgeFlow.Artifact.Application.csproj" projesinde "_IsProjectRestoreSupported" hedefini oluşturma tamamlandı.
     1>"C:\Users\alihe\OneDrive\Masaüstü\ForgeFlow Project\services\artifact\ForgeFlow.Artifact.Api\ForgeFlow.Artifact.Api.csproj" projesi (1) 2 düğümünde "C:\Users\alihe\OneDrive\Masaüstü\ForgeFlow Project\services\artifact\ForgeFlow.Artifact.Infrastructure\ForgeFlow.Artifact.Infrastructure.csproj" (4:2) oluşturuyor (_IsProjectRestoreSupported hedef).
   4:2>"C:\Users\alihe\OneDrive\Masaüstü\ForgeFlow Project\services\artifact\ForgeFlow.Artifact.Infrastructure\ForgeFlow.Artifact.Infrastructure.csproj" projesinin "C:\Program Files\dotnet\sdk\9.0.307\NuGet.targets" dosyasındaki "_IsProjectRestoreSupported" hedefi (giriş noktası):
   4:2>"ForgeFlow.Artifact.Infrastructure.csproj" projesinde "_IsProjectRestoreSupported" hedefini oluşturma tamamlandı.
   3:3>"C:\Users\alihe\OneDrive\Masaüstü\ForgeFlow Project\services\artifact\ForgeFlow.Artifact.Application\ForgeFlow.Artifact.Application.csproj" Projesini Oluşturma İşlemi Tamamlandı (_IsProjectRestoreSupported hedef).
   4:2>"C:\Users\alihe\OneDrive\Masaüstü\ForgeFlow Project\services\artifact\ForgeFlow.Artifact.Infrastructure\ForgeFlow.Artifact.Infrastructure.csproj" Projesini Oluşturma İşlemi Tamamlandı (_IsProjectRestoreSupported hedef).
     1>"C:\Users\alihe\OneDrive\Masaüstü\ForgeFlow Project\services\artifact\ForgeFlow.Artifact.Api\ForgeFlow.Artifact.Api.csproj" projesi (1) 2 düğümünde "C:\Users\alihe\OneDrive\Masaüstü\ForgeFlow Project\services\artifact\ForgeFlow.Artifact.Domain\ForgeFlow.Artifact.Domain.csproj" (5:3) oluşturuyor (_IsProjectRestoreSupported hedef).
   5:3>"C:\Users\alihe\OneDrive\Masaüstü\ForgeFlow Project\services\artifact\ForgeFlow.Artifact.Domain\ForgeFlow.Artifact.Domain.csproj" projesinin "C:\Program Files\dotnet\sdk\9.0.307\NuGet.targets" dosyasındaki "_IsProjectRestoreSupported" hedefi (giriş noktası):
   5:3>"ForgeFlow.Artifact.Domain.csproj" projesinde "_IsProjectRestoreSupported" hedefini oluşturma tamamlandı.
   5:3>"C:\Users\alihe\OneDrive\Masaüstü\ForgeFlow Project\services\artifact\ForgeFlow.Artifact.Domain\ForgeFlow.Artifact.Domain.csproj" Projesini Oluşturma İşlemi Tamamlandı (_IsProjectRestoreSupported hedef).
     1>"MSBuild" görevini yürütme tamamlandı.
       Yanlış koşul nedeniyle "MSBuild" görevi atlandı; ( '$(RestoreUseSkipNonexistentTargets)' != 'true' ), ( 'true' != 'true' ) olarak değerlendirildi.
     1>"ForgeFlow.Artifact.Api.csproj" projesinde "_GetAllRestoreProjectPathItems" hedefini oluşturma tamamlandı.
     1>"C:\Users\alihe\OneDrive\Masaüstü\ForgeFlow Project\services\artifact\ForgeFlow.Artifact.Api\ForgeFlow.Artifact.Api.csproj" projesinin "C:\Program Files\dotnet\sdk\9.0.307\NuGet.targets" dosyasındaki "_GenerateRestoreGraph" hedefi ("Restore" hedefi buna bağımlı):
       "Microsoft.Build.Tasks.Core, Version=15.1.0.0, Culture=neutral, PublicKeyToken=b03f5f7f11d50a3a" derlemesindeki "Message" görevi kullanılıyor.
       "Message" görevi
         Generating dg file
       "Message" görevini yürütme tamamlandı.
       "Message" görevi
         C:\Users\alihe\OneDrive\Masaüstü\ForgeFlow Project\contracts\ForgeFlow.Contracts\ForgeFlow.Contracts.csproj
       "Message" görevini yürütme tamamlandı.
       "Message" görevi
         C:\Users\alihe\OneDrive\Masaüstü\ForgeFlow Project\services\artifact\ForgeFlow.Artifact.Application\ForgeFlow.Artifact.Application.csproj
       "Message" görevini yürütme tamamlandı.
       "Message" görevi
         C:\Users\alihe\OneDrive\Masaüstü\ForgeFlow Project\services\artifact\ForgeFlow.Artifact.Infrastructure\ForgeFlow.Artifact.Infrastructure.csproj
       "Message" görevini yürütme tamamlandı.
       "Message" görevi
         C:\Users\alihe\OneDrive\Masaüstü\ForgeFlow Project\services\artifact\ForgeFlow.Artifact.Domain\ForgeFlow.Artifact.Domain.csproj
       "Message" görevini yürütme tamamlandı.
       "Message" görevi
         C:\Users\alihe\OneDrive\Masaüstü\ForgeFlow Project\services\artifact\ForgeFlow.Artifact.Api\ForgeFlow.Artifact.Api.csproj
       "Message" görevini yürütme tamamlandı.
       "MSBuild" görevi
         Genel Özellikler:
           ExcludeRestorePackageImports=true
     1>"C:\Users\alihe\OneDrive\Masaüstü\ForgeFlow Project\services\artifact\ForgeFlow.Artifact.Api\ForgeFlow.Artifact.Api.csproj" projesi (1) 1 düğümünde "C:\Users\alihe\OneDrive\Masaüstü\ForgeFlow Project\contracts\ForgeFlow.Contracts\ForgeFlow.Contracts.csproj" (2:3) oluşturuyor (_GenerateRestoreGraphProjectEntry hedef).
   2:3>"C:\Users\alihe\OneDrive\Masaüstü\ForgeFlow Project\contracts\ForgeFlow.Contracts\ForgeFlow.Contracts.csproj" projesinin "C:\Program Files\dotnet\sdk\9.0.307\NuGet.targets" dosyasındaki "_GetProjectJsonPath" hedefi ("_GetRestoreProjectStyle" hedefi buna bağımlı):
   2:3>Yanlış koşul nedeniyle "GetRestoreProjectJsonPathTask" görevi atlandı; ( '$(RestoreProjectStyle)' == 'ProjectJson' OR '$(RestoreProjectStyle)' == '' ), ( 'PackageReference' == 'ProjectJson' OR 'PackageReference' == '' ) olarak değerlendirildi.
   2:3>"ForgeFlow.Contracts.csproj" projesinde "_GetProjectJsonPath" hedefini oluşturma tamamlandı.
       Yanlış koşul nedeniyle "_CheckForUnsupportedTargetPlatformIdentifier" hedefi atlandı; ('$(TargetPlatformIdentifier)' != '' and '$(TargetFrameworkIdentifier)' == '.NETCoreApp' and $([MSBuild]::VersionGreaterThanOrEquals($(TargetFrameworkVersion), 5.0)) And ('$(DesignTimeBuild)' != 'true' Or '@(MissingWorkloadPack)' == '')), ('' != '' and '.NETCoreApp' == '.NETCoreApp' and True And ('' != 'true' Or '' == '')) olarak değerlendirildi.
       Yanlış koşul nedeniyle "_CheckForMissingWorkload" hedefi atlandı; ('@(MissingWorkloadPack)' != '' And '$(DesignTimeBuild)' != 'true'), ('' != '' And '' != 'true') olarak değerlendirildi.
   2:3>"C:\Users\alihe\OneDrive\Masaüstü\ForgeFlow Project\contracts\ForgeFlow.Contracts\ForgeFlow.Contracts.csproj" projesinin "C:\Program Files\dotnet\sdk\9.0.307\Sdks\Microsoft.NET.Sdk\targets\Microsoft.NET.TargetFrameworkInference.targets" dosyasındaki "_CheckForUnsupportedNETCoreVersion" hedefi ("CollectPackageReferences" hedefi buna bağımlı):
       Yanlış koşul nedeniyle "NETSdkError" görevi atlandı; ('$(_TargetFrameworkVersionWithoutV)' > '$(NETCoreAppMaximumVersion)' and '$(DisplayVSMessage)' != 'true'), ('8.0' > '9.0' and '' != 'true') olarak değerlendirildi.
     1>"C:\Users\alihe\OneDrive\Masaüstü\ForgeFlow Project\services\artifact\ForgeFlow.Artifact.Api\ForgeFlow.Artifact.Api.csproj" projesi (1) 2 düğümünde "C:\Users\alihe\OneDrive\Masaüstü\ForgeFlow Project\services\artifact\ForgeFlow.Artifact.Infrastructure\ForgeFlow.Artifact.Infrastructure.csproj" (4:3) oluşturuyor (_GenerateRestoreGraphProjectEntry hedef).
   4:3>"C:\Users\alihe\OneDrive\Masaüstü\ForgeFlow Project\services\artifact\ForgeFlow.Artifact.Infrastructure\ForgeFlow.Artifact.Infrastructure.csproj" projesinin "C:\Program Files\dotnet\sdk\9.0.307\NuGet.targets" dosyasındaki "_GetProjectJsonPath" hedefi ("_GetRestoreProjectStyle" hedefi buna bağımlı):
   4:3>Yanlış koşul nedeniyle "GetRestoreProjectJsonPathTask" görevi atlandı; ( '$(RestoreProjectStyle)' == 'ProjectJson' OR '$(RestoreProjectStyle)' == '' ), ( 'PackageReference' == 'ProjectJson' OR 'PackageReference' == '' ) olarak değerlendirildi.
   2:3>_CheckForUnsupportedNETCoreVersion:
       Yanlış koşul nedeniyle "NETSdkError" görevi atlandı; ('$(DisplayVSMessage)' == 'true'), ('' == 'true') olarak değerlendirildi.
   2:3>"ForgeFlow.Contracts.csproj" projesinde "_CheckForUnsupportedNETCoreVersion" hedefini oluşturma tamamlandı.
   4:3>"ForgeFlow.Artifact.Infrastructure.csproj" projesinde "_GetProjectJsonPath" hedefini oluşturma tamamlandı.
     1>"C:\Users\alihe\OneDrive\Masaüstü\ForgeFlow Project\services\artifact\ForgeFlow.Artifact.Api\ForgeFlow.Artifact.Api.csproj" projesi (1) 3 düğümünde "C:\Users\alihe\OneDrive\Masaüstü\ForgeFlow Project\services\artifact\ForgeFlow.Artifact.Application\ForgeFlow.Artifact.Application.csproj" (3:4) oluşturuyor (_GenerateRestoreGraphProjectEntry hedef).
   3:4>"C:\Users\alihe\OneDrive\Masaüstü\ForgeFlow Project\services\artifact\ForgeFlow.Artifact.Application\ForgeFlow.Artifact.Application.csproj" projesinin "C:\Program Files\dotnet\sdk\9.0.307\NuGet.targets" dosyasındaki "_GetProjectJsonPath" hedefi ("_GetRestoreProjectStyle" hedefi buna bağımlı):
   3:4>Yanlış koşul nedeniyle "GetRestoreProjectJsonPathTask" görevi atlandı; ( '$(RestoreProjectStyle)' == 'ProjectJson' OR '$(RestoreProjectStyle)' == '' ), ( 'PackageReference' == 'ProjectJson' OR 'PackageReference' == '' ) olarak değerlendirildi.
   4:3>Yanlış koşul nedeniyle "_CheckForUnsupportedTargetPlatformIdentifier" hedefi atlandı; ('$(TargetPlatformIdentifier)' != '' and '$(TargetFrameworkIdentifier)' == '.NETCoreApp' and $([MSBuild]::VersionGreaterThanOrEquals($(TargetFrameworkVersion), 5.0)) And ('$(DesignTimeBuild)' != 'true' Or '@(MissingWorkloadPack)' == '')), ('' != '' and '.NETCoreApp' == '.NETCoreApp' and True And ('' != 'true' Or '' == '')) olarak değerlendirildi.
       Yanlış koşul nedeniyle "_CheckForMissingWorkload" hedefi atlandı; ('@(MissingWorkloadPack)' != '' And '$(DesignTimeBuild)' != 'true'), ('' != '' And '' != 'true') olarak değerlendirildi.
   3:4>"ForgeFlow.Artifact.Application.csproj" projesinde "_GetProjectJsonPath" hedefini oluşturma tamamlandı.
       Yanlış koşul nedeniyle "_CheckForUnsupportedTargetPlatformIdentifier" hedefi atlandı; ('$(TargetPlatformIdentifier)' != '' and '$(TargetFrameworkIdentifier)' == '.NETCoreApp' and $([MSBuild]::VersionGreaterThanOrEquals($(TargetFrameworkVersion), 5.0)) And ('$(DesignTimeBuild)' != 'true' Or '@(MissingWorkloadPack)' == '')), ('' != '' and '.NETCoreApp' == '.NETCoreApp' and True And ('' != 'true' Or '' == '')) olarak değerlendirildi.
   2:3>Yanlış koşul nedeniyle "_CheckForEolTargetFrameworks" hedefi atlandı; ('@(_EolNetCoreTargetFrameworkVersions->AnyHaveMetadataValue('Identity', '$(_TargetFrameworkVersionWithoutV)'))' and '$(TargetFrameworkIdentifier)' == '.NETCoreApp' and '$(CheckEolTargetFramework)' == 'true'), ('false' and '.NETCoreApp' == '.NETCoreApp' and '' == 'true') olarak değerlendirildi.
   3:4>Yanlış koşul nedeniyle "_CheckForMissingWorkload" hedefi atlandı; ('@(MissingWorkloadPack)' != '' And '$(DesignTimeBuild)' != 'true'), ('' != '' And '' != 'true') olarak değerlendirildi.
   2:3>Yanlış koşul nedeniyle "_CheckForEolWorkloads" hedefi atlandı; ('@(EolWorkload)' != '' and '$(CheckEolWorkloads)' == 'true'), ('' != '' and 'true' == 'true') olarak değerlendirildi.
       Yanlış koşul nedeniyle "_CheckForNotRecommendedNETStandardVersion" hedefi atlandı; ('$(TargetFrameworkIdentifier)' == '.NETStandard' and $([MSBuild]::VersionLessThan($(TargetFrameworkVersion), '2.0'))), ('.NETCoreApp' == '.NETStandard' and False) olarak değerlendirildi.
   2:3>"C:\Users\alihe\OneDrive\Masaüstü\ForgeFlow Project\contracts\ForgeFlow.Contracts\ForgeFlow.Contracts.csproj" projesinin "C:\Program Files\dotnet\sdk\9.0.307\Sdks\Microsoft.NET.Sdk\targets\Microsoft.NET.TargetFrameworkInference.targets" dosyasındaki "_CheckForUnsupportedCppNETCoreVersion" hedefi ("CollectPackageReferences" hedefi buna bağımlı):
       Yanlış koşul nedeniyle "NETSdkError" görevi atlandı; ('$(TargetFrameworkIdentifier)' == '.NETCoreApp' and '$(_TargetFrameworkVersionWithoutV)' < '3.1' and ('$(Language)' == 'C++' and '$(_EnablePackageReferencesInVCProjects)' != 'true')), ('.NETCoreApp' == '.NETCoreApp' and '8.0' < '3.1' and ('C#' == 'C++' and '' != 'true')) olarak değerlendirildi.
   2:3>"ForgeFlow.Contracts.csproj" projesinde "_CheckForUnsupportedCppNETCoreVersion" hedefini oluşturma tamamlandı.
       Yanlış koşul nedeniyle "_CheckForUnsupportedNETStandardVersion" hedefi atlandı; ('$(TargetFrameworkIdentifier)' == '.NETStandard' And '$(NETStandardMaximumVersion)' != ''), ('.NETCoreApp' == '.NETStandard' And '' != '') olarak değerlendirildi.
       Yanlış koşul nedeniyle "_CheckForUnsupportedTargetFrameworkAndFeatureCombination" hedefi atlandı; ('$(TargetFrameworkIdentifier)' == '.NETFramework'), ('.NETCoreApp' == '.NETFramework') olarak değerlendirildi.
       Yanlış koşul nedeniyle "ApplyImplicitVersions" hedefi atlandı; ('@(PackageReference)' != ''), ('' != '') olarak değerlendirildi.
       Yanlış koşul nedeniyle "IncludeTargetingPackReference" hedefi atlandı; ('$(TargetFrameworkMoniker)' != '' and '$(TargetFrameworkIdentifier)' == '.NETFramework' and '$(AutomaticallyUseReferenceAssemblyPackages)' == 'true'), ('.NETCoreApp,Version=v8.0' != '' and '.NETCoreApp' == '.NETFramework' and 'true' == 'true') olarak değerlendirildi.
   3:4>"C:\Users\alihe\OneDrive\Masaüstü\ForgeFlow Project\services\artifact\ForgeFlow.Artifact.Application\ForgeFlow.Artifact.Application.csproj" projesinin "C:\Program Files\dotnet\sdk\9.0.307\Sdks\Microsoft.NET.Sdk\targets\Microsoft.NET.TargetFrameworkInference.targets" dosyasındaki "_CheckForUnsupportedNETCoreVersion" hedefi ("CollectPackageReferences" hedefi buna bağımlı):
   3:4>Yanlış koşul nedeniyle "NETSdkError" görevi atlandı; ('$(_TargetFrameworkVersionWithoutV)' > '$(NETCoreAppMaximumVersion)' and '$(DisplayVSMessage)' != 'true'), ('8.0' > '9.0' and '' != 'true') olarak değerlendirildi.
       Yanlış koşul nedeniyle "NETSdkError" görevi atlandı; ('$(DisplayVSMessage)' == 'true'), ('' == 'true') olarak değerlendirildi.
   3:4>"ForgeFlow.Artifact.Application.csproj" projesinde "_CheckForUnsupportedNETCoreVersion" hedefini oluşturma tamamlandı.
       Yanlış koşul nedeniyle "_CheckForEolTargetFrameworks" hedefi atlandı; ('@(_EolNetCoreTargetFrameworkVersions->AnyHaveMetadataValue('Identity', '$(_TargetFrameworkVersionWithoutV)'))' and '$(TargetFrameworkIdentifier)' == '.NETCoreApp' and '$(CheckEolTargetFramework)' == 'true'), ('false' and '.NETCoreApp' == '.NETCoreApp' and '' == 'true') olarak değerlendirildi.
       Yanlış koşul nedeniyle "_CheckForEolWorkloads" hedefi atlandı; ('@(EolWorkload)' != '' and '$(CheckEolWorkloads)' == 'true'), ('' != '' and 'true' == 'true') olarak değerlendirildi.
       Yanlış koşul nedeniyle "_CheckForNotRecommendedNETStandardVersion" hedefi atlandı; ('$(TargetFrameworkIdentifier)' == '.NETStandard' and $([MSBuild]::VersionLessThan($(TargetFrameworkVersion), '2.0'))), ('.NETCoreApp' == '.NETStandard' and False) olarak değerlendirildi.
   3:4>"C:\Users\alihe\OneDrive\Masaüstü\ForgeFlow Project\services\artifact\ForgeFlow.Artifact.Application\ForgeFlow.Artifact.Application.csproj" projesinin "C:\Program Files\dotnet\sdk\9.0.307\Sdks\Microsoft.NET.Sdk\targets\Microsoft.NET.TargetFrameworkInference.targets" dosyasındaki "_CheckForUnsupportedCppNETCoreVersion" hedefi ("CollectPackageReferences" hedefi buna bağımlı):
       Yanlış koşul nedeniyle "NETSdkError" görevi atlandı; ('$(TargetFrameworkIdentifier)' == '.NETCoreApp' and '$(_TargetFrameworkVersionWithoutV)' < '3.1' and ('$(Language)' == 'C++' and '$(_EnablePackageReferencesInVCProjects)' != 'true')), ('.NETCoreApp' == '.NETCoreApp' and '8.0' < '3.1' and ('C#' == 'C++' and '' != 'true')) olarak değerlendirildi.
   3:4>"ForgeFlow.Artifact.Application.csproj" projesinde "_CheckForUnsupportedCppNETCoreVersion" hedefini oluşturma tamamlandı.
       Yanlış koşul nedeniyle "_CheckForUnsupportedNETStandardVersion" hedefi atlandı; ('$(TargetFrameworkIdentifier)' == '.NETStandard' And '$(NETStandardMaximumVersion)' != ''), ('.NETCoreApp' == '.NETStandard' And '' != '') olarak değerlendirildi.
       Yanlış koşul nedeniyle "_CheckForUnsupportedTargetFrameworkAndFeatureCombination" hedefi atlandı; ('$(TargetFrameworkIdentifier)' == '.NETFramework'), ('.NETCoreApp' == '.NETFramework') olarak değerlendirildi.
   3:4>"C:\Users\alihe\OneDrive\Masaüstü\ForgeFlow Project\services\artifact\ForgeFlow.Artifact.Application\ForgeFlow.Artifact.Application.csproj" projesinin "C:\Program Files\dotnet\sdk\9.0.307\Sdks\Microsoft.NET.Sdk\targets\Microsoft.NET.Sdk.DefaultItems.Shared.targets" dosyasındaki "UpdateAspNetToFrameworkReference" hedefi ("ApplyImplicitVersions" hedefi buna bağımlı):
       "C:\Program Files\dotnet\sdk\9.0.307\Sdks\Microsoft.NET.Sdk\targets\..\tools\net9.0\Microsoft.NET.Build.Tasks.dll" derlemesindeki "CheckIfPackageReferenceShouldBeFrameworkReference" görevi kullanılıyor.
       "CheckIfPackageReferenceShouldBeFrameworkReference" görevi
       "CheckIfPackageReferenceShouldBeFrameworkReference" görevini yürütme tamamlandı.
       Yanlış koşul nedeniyle "NETSdkError" görevi atlandı; ('$(_ShouldRemoveAspNetCoreAll)' == 'true'), ('False' == 'true') olarak değerlendirildi.
       "CheckIfPackageReferenceShouldBeFrameworkReference" görevi
       "CheckIfPackageReferenceShouldBeFrameworkReference" görevini yürütme tamamlandı.
       Yanlış koşul nedeniyle "NETSdkWarning" görevi atlandı; ('$(_ShouldRemoveAspNetCoreApp)' == 'true'), ('False' == 'true') olarak değerlendirildi.
   3:4>"ForgeFlow.Artifact.Application.csproj" projesinde "UpdateAspNetToFrameworkReference" hedefini oluşturma tamamlandı.
       Yanlış koşul nedeniyle "IncludeTargetingPackReference" hedefi atlandı; ('$(TargetFrameworkMoniker)' != '' and '$(TargetFrameworkIdentifier)' == '.NETFramework' and '$(AutomaticallyUseReferenceAssemblyPackages)' == 'true'), ('.NETCoreApp,Version=v8.0' != '' and '.NETCoreApp' == '.NETFramework' and 'true' == 'true') olarak değerlendirildi.
   3:4>"C:\Users\alihe\OneDrive\Masaüstü\ForgeFlow Project\services\artifact\ForgeFlow.Artifact.Application\ForgeFlow.Artifact.Application.csproj" projesinin "C:\Program Files\dotnet\sdk\9.0.307\Sdks\Microsoft.NET.Sdk\targets\Microsoft.NET.Sdk.DefaultItems.Shared.targets" dosyasındaki "CheckForImplicitPackageReferenceOverrides" hedefi ("ApplyImplicitVersions" hedefi buna bağımlı):
       "C:\Program Files\dotnet\sdk\9.0.307\Sdks\Microsoft.NET.Sdk\targets\..\tools\net9.0\Microsoft.NET.Build.Tasks.dll" derlemesindeki "CheckForImplicitPackageReferenceOverrides" görevi kullanılıyor.
       "CheckForImplicitPackageReferenceOverrides" görevi
       "CheckForImplicitPackageReferenceOverrides" görevini yürütme tamamlandı.
   3:4>"ForgeFlow.Artifact.Application.csproj" projesinde "CheckForImplicitPackageReferenceOverrides" hedefini oluşturma tamamlandı.
   3:4>"C:\Users\alihe\OneDrive\Masaüstü\ForgeFlow Project\services\artifact\ForgeFlow.Artifact.Application\ForgeFlow.Artifact.Application.csproj" projesinin "C:\Program Files\dotnet\sdk\9.0.307\Sdks\Microsoft.NET.Sdk\targets\Microsoft.NET.Sdk.DefaultItems.Shared.targets" dosyasındaki "ApplyImplicitVersions" hedefi ("CollectPackageReferences" hedefi buna bağımlı):
       "C:\Program Files\dotnet\sdk\9.0.307\Sdks\Microsoft.NET.Sdk\targets\..\tools\net9.0\Microsoft.NET.Build.Tasks.dll" derlemesindeki "ApplyImplicitVersions" görevi kullanılıyor.
       "ApplyImplicitVersions" görevi
       "ApplyImplicitVersions" görevini yürütme tamamlandı.
   3:4>"ForgeFlow.Artifact.Application.csproj" projesinde "ApplyImplicitVersions" hedefini oluşturma tamamlandı.
       "CheckForImplicitPackageReferenceOverrides" hedefi atlandı. Önceden başarılı bir şekilde derlenmişti.
       Yanlış koşul nedeniyle "AddWindowsSdkKnownFrameworkReferences" hedefi atlandı; ('$(TargetFrameworkIdentifier)' == '.NETCoreApp' And '$(TargetPlatformIdentifier)' == 'Windows'
                            And ('$(Language)' != 'C++' Or '$(IncludeWindowsSDKRefFrameworkReferences)' == 'true')), ('.NETCoreApp' == '.NETCoreApp' And '' == 'Windows'
                            And ('C#' != 'C++' Or '' == 'true')) olarak değerlendirildi.
       Yanlış koşul nedeniyle "_NormalizeTargetPlatformVersion" hedefi atlandı; ('$(TargetPlatformVersion)' != '' and '$(TargetFrameworkIdentifier)' == '.NETCoreApp' and $([MSBuild]::VersionGreaterThanOrEquals($(TargetFrameworkVersion), 5.0)) and ('$(Language)' != 'C++' or '$(_EnablePackageReferencesInVCProjects)' == 'true')), ('' != '' and '.NETCoreApp' == '.NETCoreApp' and True and ('C#' != 'C++' or '' == 'true')) olarak değerlendirildi.
   3:4>"C:\Users\alihe\OneDrive\Masaüstü\ForgeFlow Project\services\artifact\ForgeFlow.Artifact.Application\ForgeFlow.Artifact.Application.csproj" projesinin "C:\Program Files\dotnet\sdk\9.0.307\Sdks\Microsoft.NET.Sdk\targets\Microsoft.NET.RuntimeIdentifierInference.targets" dosyasındaki "_CheckForLanguageAndFeatureCombinationSupport" hedefi ("ProcessFrameworkReferences" hedefi buna bağımlı):
       Yanlış koşul nedeniyle "NETSdkError" görevi atlandı; (('$(Language)' == 'C++' and '$(_EnablePackageReferencesInVCProjects)' != 'true') and $(OutputType) != 'library' and '$(TargetFrameworkIdentifier)' == '.NETCoreApp'), (('C#' == 'C++' and '' != 'true') and Library != 'library' and '.NETCoreApp' == '.NETCoreApp') olarak değerlendirildi.
       Yanlış koşul nedeniyle "NETSdkError" görevi atlandı; (('$(Language)' == 'C++' and '$(_EnablePackageReferencesInVCProjects)' != 'true') and $(EnableComHosting) == 'true'), (('C#' == 'C++' and '' != 'true') and  == 'true') olarak değerlendirildi.
       Yanlış koşul nedeniyle "NETSdkError" görevi atlandı; (('$(Language)' == 'C++' and '$(_EnablePackageReferencesInVCProjects)' != 'true') and $(SelfContained) == 'true'), (('C#' == 'C++' and '' != 'true') and  == 'true') olarak değerlendirildi.
   3:4>"ForgeFlow.Artifact.Application.csproj" projesinde "_CheckForLanguageAndFeatureCombinationSupport" hedefini oluşturma tamamlandı.
   3:4>"C:\Users\alihe\OneDrive\Masaüstü\ForgeFlow Project\services\artifact\ForgeFlow.Artifact.Application\ForgeFlow.Artifact.Application.csproj" projesinin "C:\Program Files\dotnet\sdk\9.0.307\Sdks\Microsoft.NET.Sdk\targets\Microsoft.NET.Publish.targets" dosyasındaki "_ComputeToolPackInputsToProcessFrameworkReferences" hedefi ("ProcessFrameworkReferences" hedefi buna bağımlı):
   3:4>"ForgeFlow.Artifact.Application.csproj" projesinde "_ComputeToolPackInputsToProcessFrameworkReferences" hedefini oluşturma tamamlandı.
   3:4>"C:\Users\alihe\OneDrive\Masaüstü\ForgeFlow Project\services\artifact\ForgeFlow.Artifact.Application\ForgeFlow.Artifact.Application.csproj" projesinin "C:\Program Files\dotnet\sdk\9.0.307\Sdks\Microsoft.NET.Sdk\targets\Microsoft.NET.Sdk.FrameworkReferenceResolution.targets" dosyasındaki "ProcessFrameworkReferences" hedefi ("CollectPackageReferences" hedefi buna bağımlı):
       "C:\Program Files\dotnet\sdk\9.0.307\Sdks\Microsoft.NET.Sdk\targets\..\tools\net9.0\Microsoft.NET.Build.Tasks.dll" derlemesindeki "CheckForDuplicateFrameworkReferences" görevi kullanılıyor.
       "CheckForDuplicateFrameworkReferences" görevi
       "CheckForDuplicateFrameworkReferences" görevini yürütme tamamlandı.
       "C:\Program Files\dotnet\sdk\9.0.307\Sdks\Microsoft.NET.Sdk\targets\..\tools\net9.0\Microsoft.NET.Build.Tasks.dll" derlemesindeki "ProcessFrameworkReferences" görevi kullanılıyor.
       "ProcessFrameworkReferences" görevi
       "ProcessFrameworkReferences" görevini yürütme tamamlandı.
       "C:\Program Files\dotnet\sdk\9.0.307\Sdks\Microsoft.NET.Sdk\targets\..\tools\net9.0\Microsoft.NET.Build.Tasks.dll" derlemesindeki "ResolveAppHosts" görevi kullanılıyor.
   2:3>"C:\Users\alihe\OneDrive\Masaüstü\ForgeFlow Project\contracts\ForgeFlow.Contracts\ForgeFlow.Contracts.csproj" projesinin "C:\Program Files\dotnet\sdk\9.0.307\Sdks\Microsoft.NET.Sdk\targets\Microsoft.NET.Sdk.DefaultItems.Shared.targets" dosyasındaki "CheckForImplicitPackageReferenceOverrides" hedefi ("CollectPackageReferences" hedefi buna bağımlı):
   2:3>"C:\Program Files\dotnet\sdk\9.0.307\Sdks\Microsoft.NET.Sdk\targets\..\tools\net9.0\Microsoft.NET.Build.Tasks.dll" derlemesindeki "CheckForImplicitPackageReferenceOverrides" görevi kullanılıyor.
       "CheckForImplicitPackageReferenceOverrides" görevi
   3:4>"ResolveAppHosts" görevi
       "ResolveAppHosts" görevini yürütme tamamlandı.
   3:4>"ForgeFlow.Artifact.Application.csproj" projesinde "ProcessFrameworkReferences" hedefini oluşturma tamamlandı.
       Yanlış koşul nedeniyle "IncludeTargetingPackReference" hedefi atlandı; ('$(TargetFrameworkMoniker)' != '' and '$(TargetFrameworkIdentifier)' == '.NETFramework' and '$(AutomaticallyUseReferenceAssemblyPackages)' == 'true'), ('.NETCoreApp,Version=v8.0' != '' and '.NETCoreApp' == '.NETFramework' and 'true' == 'true') olarak değerlendirildi.
       Yanlış koşul nedeniyle "_CheckMicrosoftNetCompilersToolsetFrameworkPackageReference" hedefi atlandı; ('$(MSBuildRuntimeType)' == 'Full'), ('Core' == 'Full') olarak değerlendirildi.
   3:4>"C:\Users\alihe\OneDrive\Masaüstü\ForgeFlow Project\services\artifact\ForgeFlow.Artifact.Application\ForgeFlow.Artifact.Application.csproj" projesinin "C:\Program Files\dotnet\sdk\9.0.307\Sdks\Microsoft.NET.Sdk\targets\Microsoft.NET.ObsoleteReferences.targets" dosyasındaki "_CheckForObsoleteDotNetCliToolReferences" hedefi ("CollectPackageReferences" hedefi buna bağımlı):
       Yanlış koşul nedeniyle "NETSdkWarning" görevi atlandı; ( '%(_ReferenceToObsoleteDotNetCliTool.Identity)' != '' ), ( '' != '' ) olarak değerlendirildi.
   3:4>"ForgeFlow.Artifact.Application.csproj" projesinde "_CheckForObsoleteDotNetCliToolReferences" hedefini oluşturma tamamlandı.
   3:4>"C:\Users\alihe\OneDrive\Masaüstü\ForgeFlow Project\services\artifact\ForgeFlow.Artifact.Application\ForgeFlow.Artifact.Application.csproj" projesinin "C:\Program Files\dotnet\sdk\9.0.307\NuGet.targets" dosyasındaki "CollectPackageReferences" hedefi ("_GetRestoreProjectStyle" hedefi buna bağımlı):
       "C:\Program Files\dotnet\sdk\9.0.307\NuGet.Build.Tasks.dll" derlemesindeki "CheckForDuplicateNuGetItemsTask" görevi kullanılıyor.
       "CheckForDuplicateNuGetItemsTask" görevi
       "CheckForDuplicateNuGetItemsTask" görevini yürütme tamamlandı.
   3:4>"ForgeFlow.Artifact.Application.csproj" projesinde "CollectPackageReferences" hedefini oluşturma tamamlandı.
   3:4>"C:\Users\alihe\OneDrive\Masaüstü\ForgeFlow Project\services\artifact\ForgeFlow.Artifact.Application\ForgeFlow.Artifact.Application.csproj" projesinin "C:\Program Files\dotnet\sdk\9.0.307\NuGet.targets" dosyasındaki "_GetRestoreProjectStyle" hedefi ("_GenerateRestoreSpecs" hedefi buna bağımlı):
       "C:\Program Files\dotnet\sdk\9.0.307\NuGet.Build.Tasks.dll" derlemesindeki "GetRestoreProjectStyleTask" görevi kullanılıyor.
       "GetRestoreProjectStyleTask" görevi
   2:3>"CheckForImplicitPackageReferenceOverrides" görevini yürütme tamamlandı.
   3:4>"GetRestoreProjectStyleTask" görevini yürütme tamamlandı.
   3:4>"ForgeFlow.Artifact.Application.csproj" projesinde "_GetRestoreProjectStyle" hedefini oluşturma tamamlandı.
   2:3>"ForgeFlow.Contracts.csproj" projesinde "CheckForImplicitPackageReferenceOverrides" hedefini oluşturma tamamlandı.
       Yanlış koşul nedeniyle "AddWindowsSdkKnownFrameworkReferences" hedefi atlandı; ('$(TargetFrameworkIdentifier)' == '.NETCoreApp' And '$(TargetPlatformIdentifier)' == 'Windows'
                            And ('$(Language)' != 'C++' Or '$(IncludeWindowsSDKRefFrameworkReferences)' == 'true')), ('.NETCoreApp' == '.NETCoreApp' And '' == 'Windows'
                            And ('C#' != 'C++' Or '' == 'true')) olarak değerlendirildi.
   3:4>"C:\Users\alihe\OneDrive\Masaüstü\ForgeFlow Project\services\artifact\ForgeFlow.Artifact.Application\ForgeFlow.Artifact.Application.csproj" projesinin "C:\Program Files\dotnet\sdk\9.0.307\NuGet.targets" dosyasındaki "_GenerateRestoreSpecs" hedefi ("_GenerateRestoreGraphProjectEntry" hedefi buna bağımlı):
   3:4>"Microsoft.Build.Tasks.Core, Version=15.1.0.0, Culture=neutral, PublicKeyToken=b03f5f7f11d50a3a" derlemesindeki "Message" görevi kullanılıyor.
   2:3>Yanlış koşul nedeniyle "_NormalizeTargetPlatformVersion" hedefi atlandı; ('$(TargetPlatformVersion)' != '' and '$(TargetFrameworkIdentifier)' == '.NETCoreApp' and $([MSBuild]::VersionGreaterThanOrEquals($(TargetFrameworkVersion), 5.0)) and ('$(Language)' != 'C++' or '$(_EnablePackageReferencesInVCProjects)' == 'true')), ('' != '' and '.NETCoreApp' == '.NETCoreApp' and True and ('C#' != 'C++' or '' == 'true')) olarak değerlendirildi.
   3:4>"Message" görevi
   2:3>"C:\Users\alihe\OneDrive\Masaüstü\ForgeFlow Project\contracts\ForgeFlow.Contracts\ForgeFlow.Contracts.csproj" projesinin "C:\Program Files\dotnet\sdk\9.0.307\Sdks\Microsoft.NET.Sdk\targets\Microsoft.NET.RuntimeIdentifierInference.targets" dosyasındaki "_CheckForLanguageAndFeatureCombinationSupport" hedefi ("ProcessFrameworkReferences" hedefi buna bağımlı):
   2:3>Yanlış koşul nedeniyle "NETSdkError" görevi atlandı; (('$(Language)' == 'C++' and '$(_EnablePackageReferencesInVCProjects)' != 'true') and $(OutputType) != 'library' and '$(TargetFrameworkIdentifier)' == '.NETCoreApp'), (('C#' == 'C++' and '' != 'true') and Library != 'library' and '.NETCoreApp' == '.NETCoreApp') olarak değerlendirildi.
       Yanlış koşul nedeniyle "NETSdkError" görevi atlandı; (('$(Language)' == 'C++' and '$(_EnablePackageReferencesInVCProjects)' != 'true') and $(EnableComHosting) == 'true'), (('C#' == 'C++' and '' != 'true') and  == 'true') olarak değerlendirildi.
       Yanlış koşul nedeniyle "NETSdkError" görevi atlandı; (('$(Language)' == 'C++' and '$(_EnablePackageReferencesInVCProjects)' != 'true') and $(SelfContained) == 'true'), (('C#' == 'C++' and '' != 'true') and  == 'true') olarak değerlendirildi.
   2:3>"ForgeFlow.Contracts.csproj" projesinde "_CheckForLanguageAndFeatureCombinationSupport" hedefini oluşturma tamamlandı.
       Yanlış koşul nedeniyle "ApplyImplicitVersions" hedefi atlandı; ('@(PackageReference)' != ''), ('' != '') olarak değerlendirildi.
   3:4>_GenerateRestoreSpecs:
         Restore entry point C:\Users\alihe\OneDrive\Masaüstü\ForgeFlow Project\services\artifact\ForgeFlow.Artifact.Application\ForgeFlow.Artifact.Application.csproj
       "Message" görevini yürütme tamamlandı.
   3:4>"ForgeFlow.Artifact.Application.csproj" projesinde "_GenerateRestoreSpecs" hedefini oluşturma tamamlandı.
   3:4>"C:\Users\alihe\OneDrive\Masaüstü\ForgeFlow Project\services\artifact\ForgeFlow.Artifact.Application\ForgeFlow.Artifact.Application.csproj" projesinin "C:\Program Files\dotnet\sdk\9.0.307\NuGet.targets" dosyasındaki "_GetRestoreSettingsOverrides" hedefi ("_GetRestoreSettings" hedefi buna bağımlı):
       Yanlış koşul nedeniyle "MSBuild" görevi atlandı; ( '$(RestorePackagesPath)' != '' ), ( '' != '' ) olarak değerlendirildi.
       Yanlış koşul nedeniyle "MSBuild" görevi atlandı; ( '$(RestoreRepositoryPathOverride)' != '' ), ( '' != '' ) olarak değerlendirildi.
       Yanlış koşul nedeniyle "MSBuild" görevi atlandı; ( '$(RestoreSources)' != '' ), ( '' != '' ) olarak değerlendirildi.
       Yanlış koşul nedeniyle "MSBuild" görevi atlandı; ( '$(RestoreFallbackFolders)' != '' ), ( '' != '' ) olarak değerlendirildi.
   3:4>"ForgeFlow.Artifact.Application.csproj" projesinde "_GetRestoreSettingsOverrides" hedefini oluşturma tamamlandı.
   3:4>"C:\Users\alihe\OneDrive\Masaüstü\ForgeFlow Project\services\artifact\ForgeFlow.Artifact.Application\ForgeFlow.Artifact.Application.csproj" projesinin "C:\Program Files\dotnet\sdk\9.0.307\NuGet.targets" dosyasındaki "_GetRestoreSettingsPerFramework" hedefi ("_GetRestoreSettingsCurrentProject" hedefi buna bağımlı):
   3:4>"ForgeFlow.Artifact.Application.csproj" projesinde "_GetRestoreSettingsPerFramework" hedefini oluşturma tamamlandı.
   3:4>"C:\Users\alihe\OneDrive\Masaüstü\ForgeFlow Project\services\artifact\ForgeFlow.Artifact.Application\ForgeFlow.Artifact.Application.csproj" projesinin "C:\Program Files\dotnet\sdk\9.0.307\NuGet.targets" dosyasındaki "_GetRestoreSettingsCurrentProject" hedefi ("_GetRestoreSettings" hedefi buna bağımlı):
   3:4>"ForgeFlow.Artifact.Application.csproj" projesinde "_GetRestoreSettingsCurrentProject" hedefini oluşturma tamamlandı.
       Yanlış koşul nedeniyle "_GetRestoreSettingsAllFrameworks" hedefi atlandı; ( '$(TargetFrameworks)' != '' AND '$(PackageReferenceCompatibleProjectStyle)' == 'true' ), ( '' != '' AND 'True' == 'true' ) olarak değerlendirildi.
   3:4>"C:\Users\alihe\OneDrive\Masaüstü\ForgeFlow Project\services\artifact\ForgeFlow.Artifact.Application\ForgeFlow.Artifact.Application.csproj" projesinin "C:\Program Files\dotnet\sdk\9.0.307\NuGet.targets" dosyasındaki "_GetRestoreSettings" hedefi ("_GenerateDotnetCliToolReferenceSpecs" hedefi buna bağımlı):
       "C:\Program Files\dotnet\sdk\9.0.307\NuGet.Build.Tasks.dll" derlemesindeki "GetRestoreSettingsTask" görevi kullanılıyor.
       "GetRestoreSettingsTask" görevi
   4:3>"C:\Users\alihe\OneDrive\Masaüstü\ForgeFlow Project\services\artifact\ForgeFlow.Artifact.Infrastructure\ForgeFlow.Artifact.Infrastructure.csproj" projesinin "C:\Program Files\dotnet\sdk\9.0.307\Sdks\Microsoft.NET.Sdk\targets\Microsoft.NET.TargetFrameworkInference.targets" dosyasındaki "_CheckForUnsupportedNETCoreVersion" hedefi ("CollectPackageReferences" hedefi buna bağımlı):
   4:3>Yanlış koşul nedeniyle "NETSdkError" görevi atlandı; ('$(_TargetFrameworkVersionWithoutV)' > '$(NETCoreAppMaximumVersion)' and '$(DisplayVSMessage)' != 'true'), ('8.0' > '9.0' and '' != 'true') olarak değerlendirildi.
       Yanlış koşul nedeniyle "NETSdkError" görevi atlandı; ('$(DisplayVSMessage)' == 'true'), ('' == 'true') olarak değerlendirildi.
   4:3>"ForgeFlow.Artifact.Infrastructure.csproj" projesinde "_CheckForUnsupportedNETCoreVersion" hedefini oluşturma tamamlandı.
       Yanlış koşul nedeniyle "_CheckForEolTargetFrameworks" hedefi atlandı; ('@(_EolNetCoreTargetFrameworkVersions->AnyHaveMetadataValue('Identity', '$(_TargetFrameworkVersionWithoutV)'))' and '$(TargetFrameworkIdentifier)' == '.NETCoreApp' and '$(CheckEolTargetFramework)' == 'true'), ('false' and '.NETCoreApp' == '.NETCoreApp' and '' == 'true') olarak değerlendirildi.
       Yanlış koşul nedeniyle "_CheckForEolWorkloads" hedefi atlandı; ('@(EolWorkload)' != '' and '$(CheckEolWorkloads)' == 'true'), ('' != '' and 'true' == 'true') olarak değerlendirildi.
       Yanlış koşul nedeniyle "_CheckForNotRecommendedNETStandardVersion" hedefi atlandı; ('$(TargetFrameworkIdentifier)' == '.NETStandard' and $([MSBuild]::VersionLessThan($(TargetFrameworkVersion), '2.0'))), ('.NETCoreApp' == '.NETStandard' and False) olarak değerlendirildi.
   4:3>"C:\Users\alihe\OneDrive\Masaüstü\ForgeFlow Project\services\artifact\ForgeFlow.Artifact.Infrastructure\ForgeFlow.Artifact.Infrastructure.csproj" projesinin "C:\Program Files\dotnet\sdk\9.0.307\Sdks\Microsoft.NET.Sdk\targets\Microsoft.NET.TargetFrameworkInference.targets" dosyasındaki "_CheckForUnsupportedCppNETCoreVersion" hedefi ("CollectPackageReferences" hedefi buna bağımlı):
       Yanlış koşul nedeniyle "NETSdkError" görevi atlandı; ('$(TargetFrameworkIdentifier)' == '.NETCoreApp' and '$(_TargetFrameworkVersionWithoutV)' < '3.1' and ('$(Language)' == 'C++' and '$(_EnablePackageReferencesInVCProjects)' != 'true')), ('.NETCoreApp' == '.NETCoreApp' and '8.0' < '3.1' and ('C#' == 'C++' and '' != 'true')) olarak değerlendirildi.
   4:3>"ForgeFlow.Artifact.Infrastructure.csproj" projesinde "_CheckForUnsupportedCppNETCoreVersion" hedefini oluşturma tamamlandı.
       Yanlış koşul nedeniyle "_CheckForUnsupportedNETStandardVersion" hedefi atlandı; ('$(TargetFrameworkIdentifier)' == '.NETStandard' And '$(NETStandardMaximumVersion)' != ''), ('.NETCoreApp' == '.NETStandard' And '' != '') olarak değerlendirildi.
       Yanlış koşul nedeniyle "_CheckForUnsupportedTargetFrameworkAndFeatureCombination" hedefi atlandı; ('$(TargetFrameworkIdentifier)' == '.NETFramework'), ('.NETCoreApp' == '.NETFramework') olarak değerlendirildi.
   4:3>"C:\Users\alihe\OneDrive\Masaüstü\ForgeFlow Project\services\artifact\ForgeFlow.Artifact.Infrastructure\ForgeFlow.Artifact.Infrastructure.csproj" projesinin "C:\Program Files\dotnet\sdk\9.0.307\Sdks\Microsoft.NET.Sdk\targets\Microsoft.NET.Sdk.DefaultItems.Shared.targets" dosyasındaki "UpdateAspNetToFrameworkReference" hedefi ("ApplyImplicitVersions" hedefi buna bağımlı):
       "C:\Program Files\dotnet\sdk\9.0.307\Sdks\Microsoft.NET.Sdk\targets\..\tools\net9.0\Microsoft.NET.Build.Tasks.dll" derlemesindeki "CheckIfPackageReferenceShouldBeFrameworkReference" görevi kullanılıyor.
   3:4>"GetRestoreSettingsTask" görevini yürütme tamamlandı.
   4:3>"CheckIfPackageReferenceShouldBeFrameworkReference" görevi
       "CheckIfPackageReferenceShouldBeFrameworkReference" görevini yürütme tamamlandı.
       Yanlış koşul nedeniyle "NETSdkError" görevi atlandı; ('$(_ShouldRemoveAspNetCoreAll)' == 'true'), ('False' == 'true') olarak değerlendirildi.
       "CheckIfPackageReferenceShouldBeFrameworkReference" görevi
   3:4>"ForgeFlow.Artifact.Application.csproj" projesinde "_GetRestoreSettings" hedefini oluşturma tamamlandı.
   4:3>"CheckIfPackageReferenceShouldBeFrameworkReference" görevini yürütme tamamlandı.
       Yanlış koşul nedeniyle "NETSdkWarning" görevi atlandı; ('$(_ShouldRemoveAspNetCoreApp)' == 'true'), ('False' == 'true') olarak değerlendirildi.
   4:3>"ForgeFlow.Artifact.Infrastructure.csproj" projesinde "UpdateAspNetToFrameworkReference" hedefini oluşturma tamamlandı.
       Yanlış koşul nedeniyle "IncludeTargetingPackReference" hedefi atlandı; ('$(TargetFrameworkMoniker)' != '' and '$(TargetFrameworkIdentifier)' == '.NETFramework' and '$(AutomaticallyUseReferenceAssemblyPackages)' == 'true'), ('.NETCoreApp,Version=v8.0' != '' and '.NETCoreApp' == '.NETFramework' and 'true' == 'true') olarak değerlendirildi.
   3:4>"C:\Users\alihe\OneDrive\Masaüstü\ForgeFlow Project\services\artifact\ForgeFlow.Artifact.Application\ForgeFlow.Artifact.Application.csproj" projesinin "C:\Program Files\dotnet\sdk\9.0.307\NuGet.targets" dosyasındaki "_GenerateDotnetCliToolReferenceSpecs" hedefi ("_GenerateRestoreGraphProjectEntry" hedefi buna bağımlı):
   3:4>"C:\Program Files\dotnet\sdk\9.0.307\NuGet.Build.Tasks.dll" derlemesindeki "GetRestoreDotnetCliToolsTask" görevi kullanılıyor.
   4:3>"C:\Users\alihe\OneDrive\Masaüstü\ForgeFlow Project\services\artifact\ForgeFlow.Artifact.Infrastructure\ForgeFlow.Artifact.Infrastructure.csproj" projesinin "C:\Program Files\dotnet\sdk\9.0.307\Sdks\Microsoft.NET.Sdk\targets\Microsoft.NET.Sdk.DefaultItems.Shared.targets" dosyasındaki "CheckForImplicitPackageReferenceOverrides" hedefi ("ApplyImplicitVersions" hedefi buna bağımlı):
   4:3>"C:\Program Files\dotnet\sdk\9.0.307\Sdks\Microsoft.NET.Sdk\targets\..\tools\net9.0\Microsoft.NET.Build.Tasks.dll" derlemesindeki "CheckForImplicitPackageReferenceOverrides" görevi kullanılıyor.
   3:4>"GetRestoreDotnetCliToolsTask" görevi
   4:3>"CheckForImplicitPackageReferenceOverrides" görevi
       "CheckForImplicitPackageReferenceOverrides" görevini yürütme tamamlandı.
   3:4>"GetRestoreDotnetCliToolsTask" görevini yürütme tamamlandı.
   4:3>"ForgeFlow.Artifact.Infrastructure.csproj" projesinde "CheckForImplicitPackageReferenceOverrides" hedefini oluşturma tamamlandı.
   3:4>"ForgeFlow.Artifact.Application.csproj" projesinde "_GenerateDotnetCliToolReferenceSpecs" hedefini oluşturma tamamlandı.
   4:3>"C:\Users\alihe\OneDrive\Masaüstü\ForgeFlow Project\services\artifact\ForgeFlow.Artifact.Infrastructure\ForgeFlow.Artifact.Infrastructure.csproj" projesinin "C:\Program Files\dotnet\sdk\9.0.307\Sdks\Microsoft.NET.Sdk\targets\Microsoft.NET.Sdk.DefaultItems.Shared.targets" dosyasındaki "ApplyImplicitVersions" hedefi ("CollectPackageReferences" hedefi buna bağımlı):
   4:3>"C:\Program Files\dotnet\sdk\9.0.307\Sdks\Microsoft.NET.Sdk\targets\..\tools\net9.0\Microsoft.NET.Build.Tasks.dll" derlemesindeki "ApplyImplicitVersions" görevi kullanılıyor.
       "ApplyImplicitVersions" görevi
       "ApplyImplicitVersions" görevini yürütme tamamlandı.
   3:4>"C:\Users\alihe\OneDrive\Masaüstü\ForgeFlow Project\services\artifact\ForgeFlow.Artifact.Application\ForgeFlow.Artifact.Application.csproj" projesinin "C:\Program Files\dotnet\sdk\9.0.307\NuGet.targets" dosyasındaki "_GenerateRestoreGraphProjectEntry" hedefi (giriş noktası):
   3:4>"ForgeFlow.Artifact.Application.csproj" projesinde "_GenerateRestoreGraphProjectEntry" hedefini oluşturma tamamlandı.
   4:3>"ForgeFlow.Artifact.Infrastructure.csproj" projesinde "ApplyImplicitVersions" hedefini oluşturma tamamlandı.
       "CheckForImplicitPackageReferenceOverrides" hedefi atlandı. Önceden başarılı bir şekilde derlenmişti.
   3:4>"C:\Users\alihe\OneDrive\Masaüstü\ForgeFlow Project\services\artifact\ForgeFlow.Artifact.Application\ForgeFlow.Artifact.Application.csproj" Projesini Oluşturma İşlemi Tamamlandı (_GenerateRestoreGraphProjectEntry hedef).
   4:3>Yanlış koşul nedeniyle "AddWindowsSdkKnownFrameworkReferences" hedefi atlandı; ('$(TargetFrameworkIdentifier)' == '.NETCoreApp' And '$(TargetPlatformIdentifier)' == 'Windows'
                     And ('$(Language)' != 'C++' Or '$(IncludeWindowsSDKRefFrameworkReferences)' == 'true')), ('.NETCoreApp' == '.NETCoreApp' And '' == 'Windows'
                     And ('C#' != 'C++' Or '' == 'true')) olarak değerlendirildi.
       Yanlış koşul nedeniyle "_NormalizeTargetPlatformVersion" hedefi atlandı; ('$(TargetPlatformVersion)' != '' and '$(TargetFrameworkIdentifier)' == '.NETCoreApp' and $([MSBuild]::VersionGreaterThanOrEquals($(TargetFrameworkVersion), 5.0)) and ('$(Language)' != 'C++' or '$(_EnablePackageReferencesInVCProjects)' == 'true')), ('' != '' and '.NETCoreApp' == '.NETCoreApp' and True and ('C#' != 'C++' or '' == 'true')) olarak değerlendirildi.
   4:3>"C:\Users\alihe\OneDrive\Masaüstü\ForgeFlow Project\services\artifact\ForgeFlow.Artifact.Infrastructure\ForgeFlow.Artifact.Infrastructure.csproj" projesinin "C:\Program Files\dotnet\sdk\9.0.307\Sdks\Microsoft.NET.Sdk\targets\Microsoft.NET.RuntimeIdentifierInference.targets" dosyasındaki "_CheckForLanguageAndFeatureCombinationSupport" hedefi ("ProcessFrameworkReferences" hedefi buna bağımlı):
       Yanlış koşul nedeniyle "NETSdkError" görevi atlandı; (('$(Language)' == 'C++' and '$(_EnablePackageReferencesInVCProjects)' != 'true') and $(OutputType) != 'library' and '$(TargetFrameworkIdentifier)' == '.NETCoreApp'), (('C#' == 'C++' and '' != 'true') and Library != 'library' and '.NETCoreApp' == '.NETCoreApp') olarak değerlendirildi.
       Yanlış koşul nedeniyle "NETSdkError" görevi atlandı; (('$(Language)' == 'C++' and '$(_EnablePackageReferencesInVCProjects)' != 'true') and $(EnableComHosting) == 'true'), (('C#' == 'C++' and '' != 'true') and  == 'true') olarak değerlendirildi.
       Yanlış koşul nedeniyle "NETSdkError" görevi atlandı; (('$(Language)' == 'C++' and '$(_EnablePackageReferencesInVCProjects)' != 'true') and $(SelfContained) == 'true'), (('C#' == 'C++' and '' != 'true') and  == 'true') olarak değerlendirildi.
   4:3>"ForgeFlow.Artifact.Infrastructure.csproj" projesinde "_CheckForLanguageAndFeatureCombinationSupport" hedefini oluşturma tamamlandı.
   2:3>"C:\Users\alihe\OneDrive\Masaüstü\ForgeFlow Project\contracts\ForgeFlow.Contracts\ForgeFlow.Contracts.csproj" projesinin "C:\Program Files\dotnet\sdk\9.0.307\Sdks\Microsoft.NET.Sdk\targets\Microsoft.NET.Publish.targets" dosyasındaki "_ComputeToolPackInputsToProcessFrameworkReferences" hedefi ("ProcessFrameworkReferences" hedefi buna bağımlı):
   2:3>"ForgeFlow.Contracts.csproj" projesinde "_ComputeToolPackInputsToProcessFrameworkReferences" hedefini oluşturma tamamlandı.
   4:3>"C:\Users\alihe\OneDrive\Masaüstü\ForgeFlow Project\services\artifact\ForgeFlow.Artifact.Infrastructure\ForgeFlow.Artifact.Infrastructure.csproj" projesinin "C:\Program Files\dotnet\sdk\9.0.307\Sdks\Microsoft.NET.Sdk\targets\Microsoft.NET.Publish.targets" dosyasındaki "_ComputeToolPackInputsToProcessFrameworkReferences" hedefi ("ProcessFrameworkReferences" hedefi buna bağımlı):
   4:3>"ForgeFlow.Artifact.Infrastructure.csproj" projesinde "_ComputeToolPackInputsToProcessFrameworkReferences" hedefini oluşturma tamamlandı.
   4:3>"C:\Users\alihe\OneDrive\Masaüstü\ForgeFlow Project\services\artifact\ForgeFlow.Artifact.Infrastructure\ForgeFlow.Artifact.Infrastructure.csproj" projesinin "C:\Program Files\dotnet\sdk\9.0.307\Sdks\Microsoft.NET.Sdk\targets\Microsoft.NET.Sdk.FrameworkReferenceResolution.targets" dosyasındaki "ProcessFrameworkReferences" hedefi ("CollectPackageReferences" hedefi buna bağımlı):
       "C:\Program Files\dotnet\sdk\9.0.307\Sdks\Microsoft.NET.Sdk\targets\..\tools\net9.0\Microsoft.NET.Build.Tasks.dll" derlemesindeki "CheckForDuplicateFrameworkReferences" görevi kullanılıyor.
       "CheckForDuplicateFrameworkReferences" görevi
       "CheckForDuplicateFrameworkReferences" görevini yürütme tamamlandı.
   2:3>"C:\Users\alihe\OneDrive\Masaüstü\ForgeFlow Project\contracts\ForgeFlow.Contracts\ForgeFlow.Contracts.csproj" projesinin "C:\Program Files\dotnet\sdk\9.0.307\Sdks\Microsoft.NET.Sdk\targets\Microsoft.NET.Sdk.FrameworkReferenceResolution.targets" dosyasındaki "ProcessFrameworkReferences" hedefi ("CollectPackageReferences" hedefi buna bağımlı):
   2:3>"C:\Program Files\dotnet\sdk\9.0.307\Sdks\Microsoft.NET.Sdk\targets\..\tools\net9.0\Microsoft.NET.Build.Tasks.dll" derlemesindeki "CheckForDuplicateFrameworkReferences" görevi kullanılıyor.
       "CheckForDuplicateFrameworkReferences" görevi
   4:3>ProcessFrameworkReferences:
       "C:\Program Files\dotnet\sdk\9.0.307\Sdks\Microsoft.NET.Sdk\targets\..\tools\net9.0\Microsoft.NET.Build.Tasks.dll" derlemesindeki "ProcessFrameworkReferences" görevi kullanılıyor.
       "ProcessFrameworkReferences" görevi
       "ProcessFrameworkReferences" görevini yürütme tamamlandı.
       "C:\Program Files\dotnet\sdk\9.0.307\Sdks\Microsoft.NET.Sdk\targets\..\tools\net9.0\Microsoft.NET.Build.Tasks.dll" derlemesindeki "ResolveAppHosts" görevi kullanılıyor.
       "ResolveAppHosts" görevi
   2:3>"CheckForDuplicateFrameworkReferences" görevini yürütme tamamlandı.
   4:3>"ResolveAppHosts" görevini yürütme tamamlandı.
   2:3>ProcessFrameworkReferences:
       "C:\Program Files\dotnet\sdk\9.0.307\Sdks\Microsoft.NET.Sdk\targets\..\tools\net9.0\Microsoft.NET.Build.Tasks.dll" derlemesindeki "ProcessFrameworkReferences" görevi kullanılıyor.
       "ProcessFrameworkReferences" görevi
   4:3>"ForgeFlow.Artifact.Infrastructure.csproj" projesinde "ProcessFrameworkReferences" hedefini oluşturma tamamlandı.
       Yanlış koşul nedeniyle "IncludeTargetingPackReference" hedefi atlandı; ('$(TargetFrameworkMoniker)' != '' and '$(TargetFrameworkIdentifier)' == '.NETFramework' and '$(AutomaticallyUseReferenceAssemblyPackages)' == 'true'), ('.NETCoreApp,Version=v8.0' != '' and '.NETCoreApp' == '.NETFramework' and 'true' == 'true') olarak değerlendirildi.
       Yanlış koşul nedeniyle "_CheckMicrosoftNetCompilersToolsetFrameworkPackageReference" hedefi atlandı; ('$(MSBuildRuntimeType)' == 'Full'), ('Core' == 'Full') olarak değerlendirildi.
   4:3>"C:\Users\alihe\OneDrive\Masaüstü\ForgeFlow Project\services\artifact\ForgeFlow.Artifact.Infrastructure\ForgeFlow.Artifact.Infrastructure.csproj" projesinin "C:\Program Files\dotnet\sdk\9.0.307\Sdks\Microsoft.NET.Sdk\targets\Microsoft.NET.ObsoleteReferences.targets" dosyasındaki "_CheckForObsoleteDotNetCliToolReferences" hedefi ("CollectPackageReferences" hedefi buna bağımlı):
       Yanlış koşul nedeniyle "NETSdkWarning" görevi atlandı; ( '%(_ReferenceToObsoleteDotNetCliTool.Identity)' != '' ), ( '' != '' ) olarak değerlendirildi.
   4:3>"ForgeFlow.Artifact.Infrastructure.csproj" projesinde "_CheckForObsoleteDotNetCliToolReferences" hedefini oluşturma tamamlandı.
   4:3>"C:\Users\alihe\OneDrive\Masaüstü\ForgeFlow Project\services\artifact\ForgeFlow.Artifact.Infrastructure\ForgeFlow.Artifact.Infrastructure.csproj" projesinin "C:\Program Files\dotnet\sdk\9.0.307\NuGet.targets" dosyasındaki "CollectPackageReferences" hedefi ("_GetRestoreProjectStyle" hedefi buna bağımlı):
       "C:\Program Files\dotnet\sdk\9.0.307\NuGet.Build.Tasks.dll" derlemesindeki "CheckForDuplicateNuGetItemsTask" görevi kullanılıyor.
       "CheckForDuplicateNuGetItemsTask" görevi
       "CheckForDuplicateNuGetItemsTask" görevini yürütme tamamlandı.
   4:3>"ForgeFlow.Artifact.Infrastructure.csproj" projesinde "CollectPackageReferences" hedefini oluşturma tamamlandı.
   4:3>"C:\Users\alihe\OneDrive\Masaüstü\ForgeFlow Project\services\artifact\ForgeFlow.Artifact.Infrastructure\ForgeFlow.Artifact.Infrastructure.csproj" projesinin "C:\Program Files\dotnet\sdk\9.0.307\NuGet.targets" dosyasındaki "_GetRestoreProjectStyle" hedefi ("_GenerateRestoreSpecs" hedefi buna bağımlı):
       "C:\Program Files\dotnet\sdk\9.0.307\NuGet.Build.Tasks.dll" derlemesindeki "GetRestoreProjectStyleTask" görevi kullanılıyor.
       "GetRestoreProjectStyleTask" görevi
       "GetRestoreProjectStyleTask" görevini yürütme tamamlandı.
   4:3>"ForgeFlow.Artifact.Infrastructure.csproj" projesinde "_GetRestoreProjectStyle" hedefini oluşturma tamamlandı.
   4:3>"C:\Users\alihe\OneDrive\Masaüstü\ForgeFlow Project\services\artifact\ForgeFlow.Artifact.Infrastructure\ForgeFlow.Artifact.Infrastructure.csproj" projesinin "C:\Program Files\dotnet\sdk\9.0.307\NuGet.targets" dosyasındaki "_GenerateRestoreSpecs" hedefi ("_GenerateRestoreGraphProjectEntry" hedefi buna bağımlı):
       "Microsoft.Build.Tasks.Core, Version=15.1.0.0, Culture=neutral, PublicKeyToken=b03f5f7f11d50a3a" derlemesindeki "Message" görevi kullanılıyor.
       "Message" görevi
         Restore entry point C:\Users\alihe\OneDrive\Masaüstü\ForgeFlow Project\services\artifact\ForgeFlow.Artifact.Infrastructure\ForgeFlow.Artifact.Infrastructure.csproj
       "Message" görevini yürütme tamamlandı.
   4:3>"ForgeFlow.Artifact.Infrastructure.csproj" projesinde "_GenerateRestoreSpecs" hedefini oluşturma tamamlandı.
   4:3>"C:\Users\alihe\OneDrive\Masaüstü\ForgeFlow Project\services\artifact\ForgeFlow.Artifact.Infrastructure\ForgeFlow.Artifact.Infrastructure.csproj" projesinin "C:\Program Files\dotnet\sdk\9.0.307\NuGet.targets" dosyasındaki "_GetRestoreSettingsOverrides" hedefi ("_GetRestoreSettings" hedefi buna bağımlı):
       Yanlış koşul nedeniyle "MSBuild" görevi atlandı; ( '$(RestorePackagesPath)' != '' ), ( '' != '' ) olarak değerlendirildi.
       Yanlış koşul nedeniyle "MSBuild" görevi atlandı; ( '$(RestoreRepositoryPathOverride)' != '' ), ( '' != '' ) olarak değerlendirildi.
       Yanlış koşul nedeniyle "MSBuild" görevi atlandı; ( '$(RestoreSources)' != '' ), ( '' != '' ) olarak değerlendirildi.
       Yanlış koşul nedeniyle "MSBuild" görevi atlandı; ( '$(RestoreFallbackFolders)' != '' ), ( '' != '' ) olarak değerlendirildi.
   4:3>"ForgeFlow.Artifact.Infrastructure.csproj" projesinde "_GetRestoreSettingsOverrides" hedefini oluşturma tamamlandı.
   4:3>"C:\Users\alihe\OneDrive\Masaüstü\ForgeFlow Project\services\artifact\ForgeFlow.Artifact.Infrastructure\ForgeFlow.Artifact.Infrastructure.csproj" projesinin "C:\Program Files\dotnet\sdk\9.0.307\NuGet.targets" dosyasındaki "_GetRestoreSettingsPerFramework" hedefi ("_GetRestoreSettingsCurrentProject" hedefi buna bağımlı):
   4:3>"ForgeFlow.Artifact.Infrastructure.csproj" projesinde "_GetRestoreSettingsPerFramework" hedefini oluşturma tamamlandı.
   4:3>"C:\Users\alihe\OneDrive\Masaüstü\ForgeFlow Project\services\artifact\ForgeFlow.Artifact.Infrastructure\ForgeFlow.Artifact.Infrastructure.csproj" projesinin "C:\Program Files\dotnet\sdk\9.0.307\NuGet.targets" dosyasındaki "_GetRestoreSettingsCurrentProject" hedefi ("_GetRestoreSettings" hedefi buna bağımlı):
   4:3>"ForgeFlow.Artifact.Infrastructure.csproj" projesinde "_GetRestoreSettingsCurrentProject" hedefini oluşturma tamamlandı.
       Yanlış koşul nedeniyle "_GetRestoreSettingsAllFrameworks" hedefi atlandı; ( '$(TargetFrameworks)' != '' AND '$(PackageReferenceCompatibleProjectStyle)' == 'true' ), ( '' != '' AND 'True' == 'true' ) olarak değerlendirildi.
   4:3>"C:\Users\alihe\OneDrive\Masaüstü\ForgeFlow Project\services\artifact\ForgeFlow.Artifact.Infrastructure\ForgeFlow.Artifact.Infrastructure.csproj" projesinin "C:\Program Files\dotnet\sdk\9.0.307\NuGet.targets" dosyasındaki "_GetRestoreSettings" hedefi ("_GenerateDotnetCliToolReferenceSpecs" hedefi buna bağımlı):
       "C:\Program Files\dotnet\sdk\9.0.307\NuGet.Build.Tasks.dll" derlemesindeki "GetRestoreSettingsTask" görevi kullanılıyor.
       "GetRestoreSettingsTask" görevi
       "GetRestoreSettingsTask" görevini yürütme tamamlandı.
   4:3>"ForgeFlow.Artifact.Infrastructure.csproj" projesinde "_GetRestoreSettings" hedefini oluşturma tamamlandı.
   4:3>"C:\Users\alihe\OneDrive\Masaüstü\ForgeFlow Project\services\artifact\ForgeFlow.Artifact.Infrastructure\ForgeFlow.Artifact.Infrastructure.csproj" projesinin "C:\Program Files\dotnet\sdk\9.0.307\NuGet.targets" dosyasındaki "_GenerateDotnetCliToolReferenceSpecs" hedefi ("_GenerateRestoreGraphProjectEntry" hedefi buna bağımlı):
       "C:\Program Files\dotnet\sdk\9.0.307\NuGet.Build.Tasks.dll" derlemesindeki "GetRestoreDotnetCliToolsTask" görevi kullanılıyor.
       "GetRestoreDotnetCliToolsTask" görevi
       "GetRestoreDotnetCliToolsTask" görevini yürütme tamamlandı.
   4:3>"ForgeFlow.Artifact.Infrastructure.csproj" projesinde "_GenerateDotnetCliToolReferenceSpecs" hedefini oluşturma tamamlandı.
   4:3>"C:\Users\alihe\OneDrive\Masaüstü\ForgeFlow Project\services\artifact\ForgeFlow.Artifact.Infrastructure\ForgeFlow.Artifact.Infrastructure.csproj" projesinin "C:\Program Files\dotnet\sdk\9.0.307\NuGet.targets" dosyasındaki "_GenerateRestoreGraphProjectEntry" hedefi (giriş noktası):
   4:3>"ForgeFlow.Artifact.Infrastructure.csproj" projesinde "_GenerateRestoreGraphProjectEntry" hedefini oluşturma tamamlandı.
   4:3>"C:\Users\alihe\OneDrive\Masaüstü\ForgeFlow Project\services\artifact\ForgeFlow.Artifact.Infrastructure\ForgeFlow.Artifact.Infrastructure.csproj" Projesini Oluşturma İşlemi Tamamlandı (_GenerateRestoreGraphProjectEntry hedef).
     1>"C:\Users\alihe\OneDrive\Masaüstü\ForgeFlow Project\services\artifact\ForgeFlow.Artifact.Api\ForgeFlow.Artifact.Api.csproj" projesi (1) 2 düğümünde "C:\Users\alihe\OneDrive\Masaüstü\ForgeFlow Project\services\artifact\ForgeFlow.Artifact.Domain\ForgeFlow.Artifact.Domain.csproj" (5:4) oluşturuyor (_GenerateRestoreGraphProjectEntry hedef).
   5:4>"C:\Users\alihe\OneDrive\Masaüstü\ForgeFlow Project\services\artifact\ForgeFlow.Artifact.Domain\ForgeFlow.Artifact.Domain.csproj" projesinin "C:\Program Files\dotnet\sdk\9.0.307\NuGet.targets" dosyasındaki "_GetProjectJsonPath" hedefi ("_GetRestoreProjectStyle" hedefi buna bağımlı):
   5:4>Yanlış koşul nedeniyle "GetRestoreProjectJsonPathTask" görevi atlandı; ( '$(RestoreProjectStyle)' == 'ProjectJson' OR '$(RestoreProjectStyle)' == '' ), ( 'PackageReference' == 'ProjectJson' OR 'PackageReference' == '' ) olarak değerlendirildi.
   5:4>"ForgeFlow.Artifact.Domain.csproj" projesinde "_GetProjectJsonPath" hedefini oluşturma tamamlandı.
       Yanlış koşul nedeniyle "_CheckForUnsupportedTargetPlatformIdentifier" hedefi atlandı; ('$(TargetPlatformIdentifier)' != '' and '$(TargetFrameworkIdentifier)' == '.NETCoreApp' and $([MSBuild]::VersionGreaterThanOrEquals($(TargetFrameworkVersion), 5.0)) And ('$(DesignTimeBuild)' != 'true' Or '@(MissingWorkloadPack)' == '')), ('' != '' and '.NETCoreApp' == '.NETCoreApp' and True And ('' != 'true' Or '' == '')) olarak değerlendirildi.
       Yanlış koşul nedeniyle "_CheckForMissingWorkload" hedefi atlandı; ('@(MissingWorkloadPack)' != '' And '$(DesignTimeBuild)' != 'true'), ('' != '' And '' != 'true') olarak değerlendirildi.
   5:4>"C:\Users\alihe\OneDrive\Masaüstü\ForgeFlow Project\services\artifact\ForgeFlow.Artifact.Domain\ForgeFlow.Artifact.Domain.csproj" projesinin "C:\Program Files\dotnet\sdk\9.0.307\Sdks\Microsoft.NET.Sdk\targets\Microsoft.NET.TargetFrameworkInference.targets" dosyasındaki "_CheckForUnsupportedNETCoreVersion" hedefi ("CollectPackageReferences" hedefi buna bağımlı):
       Yanlış koşul nedeniyle "NETSdkError" görevi atlandı; ('$(_TargetFrameworkVersionWithoutV)' > '$(NETCoreAppMaximumVersion)' and '$(DisplayVSMessage)' != 'true'), ('8.0' > '9.0' and '' != 'true') olarak değerlendirildi.
       Yanlış koşul nedeniyle "NETSdkError" görevi atlandı; ('$(DisplayVSMessage)' == 'true'), ('' == 'true') olarak değerlendirildi.
   5:4>"ForgeFlow.Artifact.Domain.csproj" projesinde "_CheckForUnsupportedNETCoreVersion" hedefini oluşturma tamamlandı.
       Yanlış koşul nedeniyle "_CheckForEolTargetFrameworks" hedefi atlandı; ('@(_EolNetCoreTargetFrameworkVersions->AnyHaveMetadataValue('Identity', '$(_TargetFrameworkVersionWithoutV)'))' and '$(TargetFrameworkIdentifier)' == '.NETCoreApp' and '$(CheckEolTargetFramework)' == 'true'), ('false' and '.NETCoreApp' == '.NETCoreApp' and '' == 'true') olarak değerlendirildi.
       Yanlış koşul nedeniyle "_CheckForEolWorkloads" hedefi atlandı; ('@(EolWorkload)' != '' and '$(CheckEolWorkloads)' == 'true'), ('' != '' and 'true' == 'true') olarak değerlendirildi.
       Yanlış koşul nedeniyle "_CheckForNotRecommendedNETStandardVersion" hedefi atlandı; ('$(TargetFrameworkIdentifier)' == '.NETStandard' and $([MSBuild]::VersionLessThan($(TargetFrameworkVersion), '2.0'))), ('.NETCoreApp' == '.NETStandard' and False) olarak değerlendirildi.
   5:4>"C:\Users\alihe\OneDrive\Masaüstü\ForgeFlow Project\services\artifact\ForgeFlow.Artifact.Domain\ForgeFlow.Artifact.Domain.csproj" projesinin "C:\Program Files\dotnet\sdk\9.0.307\Sdks\Microsoft.NET.Sdk\targets\Microsoft.NET.TargetFrameworkInference.targets" dosyasındaki "_CheckForUnsupportedCppNETCoreVersion" hedefi ("CollectPackageReferences" hedefi buna bağımlı):
       Yanlış koşul nedeniyle "NETSdkError" görevi atlandı; ('$(TargetFrameworkIdentifier)' == '.NETCoreApp' and '$(_TargetFrameworkVersionWithoutV)' < '3.1' and ('$(Language)' == 'C++' and '$(_EnablePackageReferencesInVCProjects)' != 'true')), ('.NETCoreApp' == '.NETCoreApp' and '8.0' < '3.1' and ('C#' == 'C++' and '' != 'true')) olarak değerlendirildi.
   5:4>"ForgeFlow.Artifact.Domain.csproj" projesinde "_CheckForUnsupportedCppNETCoreVersion" hedefini oluşturma tamamlandı.
       Yanlış koşul nedeniyle "_CheckForUnsupportedNETStandardVersion" hedefi atlandı; ('$(TargetFrameworkIdentifier)' == '.NETStandard' And '$(NETStandardMaximumVersion)' != ''), ('.NETCoreApp' == '.NETStandard' And '' != '') olarak değerlendirildi.
       Yanlış koşul nedeniyle "_CheckForUnsupportedTargetFrameworkAndFeatureCombination" hedefi atlandı; ('$(TargetFrameworkIdentifier)' == '.NETFramework'), ('.NETCoreApp' == '.NETFramework') olarak değerlendirildi.
       Yanlış koşul nedeniyle "ApplyImplicitVersions" hedefi atlandı; ('@(PackageReference)' != ''), ('' != '') olarak değerlendirildi.
       Yanlış koşul nedeniyle "IncludeTargetingPackReference" hedefi atlandı; ('$(TargetFrameworkMoniker)' != '' and '$(TargetFrameworkIdentifier)' == '.NETFramework' and '$(AutomaticallyUseReferenceAssemblyPackages)' == 'true'), ('.NETCoreApp,Version=v8.0' != '' and '.NETCoreApp' == '.NETFramework' and 'true' == 'true') olarak değerlendirildi.
   5:4>"C:\Users\alihe\OneDrive\Masaüstü\ForgeFlow Project\services\artifact\ForgeFlow.Artifact.Domain\ForgeFlow.Artifact.Domain.csproj" projesinin "C:\Program Files\dotnet\sdk\9.0.307\Sdks\Microsoft.NET.Sdk\targets\Microsoft.NET.Sdk.DefaultItems.Shared.targets" dosyasındaki "CheckForImplicitPackageReferenceOverrides" hedefi ("CollectPackageReferences" hedefi buna bağımlı):
       "C:\Program Files\dotnet\sdk\9.0.307\Sdks\Microsoft.NET.Sdk\targets\..\tools\net9.0\Microsoft.NET.Build.Tasks.dll" derlemesindeki "CheckForImplicitPackageReferenceOverrides" görevi kullanılıyor.
       "CheckForImplicitPackageReferenceOverrides" görevi
       "CheckForImplicitPackageReferenceOverrides" görevini yürütme tamamlandı.
   5:4>"ForgeFlow.Artifact.Domain.csproj" projesinde "CheckForImplicitPackageReferenceOverrides" hedefini oluşturma tamamlandı.
       Yanlış koşul nedeniyle "AddWindowsSdkKnownFrameworkReferences" hedefi atlandı; ('$(TargetFrameworkIdentifier)' == '.NETCoreApp' And '$(TargetPlatformIdentifier)' == 'Windows'
                            And ('$(Language)' != 'C++' Or '$(IncludeWindowsSDKRefFrameworkReferences)' == 'true')), ('.NETCoreApp' == '.NETCoreApp' And '' == 'Windows'
                            And ('C#' != 'C++' Or '' == 'true')) olarak değerlendirildi.
       Yanlış koşul nedeniyle "_NormalizeTargetPlatformVersion" hedefi atlandı; ('$(TargetPlatformVersion)' != '' and '$(TargetFrameworkIdentifier)' == '.NETCoreApp' and $([MSBuild]::VersionGreaterThanOrEquals($(TargetFrameworkVersion), 5.0)) and ('$(Language)' != 'C++' or '$(_EnablePackageReferencesInVCProjects)' == 'true')), ('' != '' and '.NETCoreApp' == '.NETCoreApp' and True and ('C#' != 'C++' or '' == 'true')) olarak değerlendirildi.
   5:4>"C:\Users\alihe\OneDrive\Masaüstü\ForgeFlow Project\services\artifact\ForgeFlow.Artifact.Domain\ForgeFlow.Artifact.Domain.csproj" projesinin "C:\Program Files\dotnet\sdk\9.0.307\Sdks\Microsoft.NET.Sdk\targets\Microsoft.NET.RuntimeIdentifierInference.targets" dosyasındaki "_CheckForLanguageAndFeatureCombinationSupport" hedefi ("ProcessFrameworkReferences" hedefi buna bağımlı):
       Yanlış koşul nedeniyle "NETSdkError" görevi atlandı; (('$(Language)' == 'C++' and '$(_EnablePackageReferencesInVCProjects)' != 'true') and $(OutputType) != 'library' and '$(TargetFrameworkIdentifier)' == '.NETCoreApp'), (('C#' == 'C++' and '' != 'true') and Library != 'library' and '.NETCoreApp' == '.NETCoreApp') olarak değerlendirildi.
       Yanlış koşul nedeniyle "NETSdkError" görevi atlandı; (('$(Language)' == 'C++' and '$(_EnablePackageReferencesInVCProjects)' != 'true') and $(EnableComHosting) == 'true'), (('C#' == 'C++' and '' != 'true') and  == 'true') olarak değerlendirildi.
       Yanlış koşul nedeniyle "NETSdkError" görevi atlandı; (('$(Language)' == 'C++' and '$(_EnablePackageReferencesInVCProjects)' != 'true') and $(SelfContained) == 'true'), (('C#' == 'C++' and '' != 'true') and  == 'true') olarak değerlendirildi.
   5:4>"ForgeFlow.Artifact.Domain.csproj" projesinde "_CheckForLanguageAndFeatureCombinationSupport" hedefini oluşturma tamamlandı.
       Yanlış koşul nedeniyle "ApplyImplicitVersions" hedefi atlandı; ('@(PackageReference)' != ''), ('' != '') olarak değerlendirildi.
   5:4>"C:\Users\alihe\OneDrive\Masaüstü\ForgeFlow Project\services\artifact\ForgeFlow.Artifact.Domain\ForgeFlow.Artifact.Domain.csproj" projesinin "C:\Program Files\dotnet\sdk\9.0.307\Sdks\Microsoft.NET.Sdk\targets\Microsoft.NET.Publish.targets" dosyasındaki "_ComputeToolPackInputsToProcessFrameworkReferences" hedefi ("ProcessFrameworkReferences" hedefi buna bağımlı):
   5:4>"ForgeFlow.Artifact.Domain.csproj" projesinde "_ComputeToolPackInputsToProcessFrameworkReferences" hedefini oluşturma tamamlandı.
   5:4>"C:\Users\alihe\OneDrive\Masaüstü\ForgeFlow Project\services\artifact\ForgeFlow.Artifact.Domain\ForgeFlow.Artifact.Domain.csproj" projesinin "C:\Program Files\dotnet\sdk\9.0.307\Sdks\Microsoft.NET.Sdk\targets\Microsoft.NET.Sdk.FrameworkReferenceResolution.targets" dosyasındaki "ProcessFrameworkReferences" hedefi ("CollectPackageReferences" hedefi buna bağımlı):
       "C:\Program Files\dotnet\sdk\9.0.307\Sdks\Microsoft.NET.Sdk\targets\..\tools\net9.0\Microsoft.NET.Build.Tasks.dll" derlemesindeki "CheckForDuplicateFrameworkReferences" görevi kullanılıyor.
       "CheckForDuplicateFrameworkReferences" görevi
       "CheckForDuplicateFrameworkReferences" görevini yürütme tamamlandı.
       "C:\Program Files\dotnet\sdk\9.0.307\Sdks\Microsoft.NET.Sdk\targets\..\tools\net9.0\Microsoft.NET.Build.Tasks.dll" derlemesindeki "ProcessFrameworkReferences" görevi kullanılıyor.
       "ProcessFrameworkReferences" görevi
       "ProcessFrameworkReferences" görevini yürütme tamamlandı.
       "C:\Program Files\dotnet\sdk\9.0.307\Sdks\Microsoft.NET.Sdk\targets\..\tools\net9.0\Microsoft.NET.Build.Tasks.dll" derlemesindeki "ResolveAppHosts" görevi kullanılıyor.
       "ResolveAppHosts" görevi
       "ResolveAppHosts" görevini yürütme tamamlandı.
   5:4>"ForgeFlow.Artifact.Domain.csproj" projesinde "ProcessFrameworkReferences" hedefini oluşturma tamamlandı.
       Yanlış koşul nedeniyle "IncludeTargetingPackReference" hedefi atlandı; ('$(TargetFrameworkMoniker)' != '' and '$(TargetFrameworkIdentifier)' == '.NETFramework' and '$(AutomaticallyUseReferenceAssemblyPackages)' == 'true'), ('.NETCoreApp,Version=v8.0' != '' and '.NETCoreApp' == '.NETFramework' and 'true' == 'true') olarak değerlendirildi.
       Yanlış koşul nedeniyle "_CheckMicrosoftNetCompilersToolsetFrameworkPackageReference" hedefi atlandı; ('$(MSBuildRuntimeType)' == 'Full'), ('Core' == 'Full') olarak değerlendirildi.
   5:4>"C:\Users\alihe\OneDrive\Masaüstü\ForgeFlow Project\services\artifact\ForgeFlow.Artifact.Domain\ForgeFlow.Artifact.Domain.csproj" projesinin "C:\Program Files\dotnet\sdk\9.0.307\Sdks\Microsoft.NET.Sdk\targets\Microsoft.NET.ObsoleteReferences.targets" dosyasındaki "_CheckForObsoleteDotNetCliToolReferences" hedefi ("CollectPackageReferences" hedefi buna bağımlı):
       Yanlış koşul nedeniyle "NETSdkWarning" görevi atlandı; ( '%(_ReferenceToObsoleteDotNetCliTool.Identity)' != '' ), ( '' != '' ) olarak değerlendirildi.
   5:4>"ForgeFlow.Artifact.Domain.csproj" projesinde "_CheckForObsoleteDotNetCliToolReferences" hedefini oluşturma tamamlandı.
   5:4>"C:\Users\alihe\OneDrive\Masaüstü\ForgeFlow Project\services\artifact\ForgeFlow.Artifact.Domain\ForgeFlow.Artifact.Domain.csproj" projesinin "C:\Program Files\dotnet\sdk\9.0.307\NuGet.targets" dosyasındaki "CollectPackageReferences" hedefi ("_GetRestoreProjectStyle" hedefi buna bağımlı):
       "C:\Program Files\dotnet\sdk\9.0.307\NuGet.Build.Tasks.dll" derlemesindeki "CheckForDuplicateNuGetItemsTask" görevi kullanılıyor.
       "CheckForDuplicateNuGetItemsTask" görevi
       "CheckForDuplicateNuGetItemsTask" görevini yürütme tamamlandı.
   5:4>"ForgeFlow.Artifact.Domain.csproj" projesinde "CollectPackageReferences" hedefini oluşturma tamamlandı.
   5:4>"C:\Users\alihe\OneDrive\Masaüstü\ForgeFlow Project\services\artifact\ForgeFlow.Artifact.Domain\ForgeFlow.Artifact.Domain.csproj" projesinin "C:\Program Files\dotnet\sdk\9.0.307\NuGet.targets" dosyasındaki "_GetRestoreProjectStyle" hedefi ("_GenerateRestoreSpecs" hedefi buna bağımlı):
       "C:\Program Files\dotnet\sdk\9.0.307\NuGet.Build.Tasks.dll" derlemesindeki "GetRestoreProjectStyleTask" görevi kullanılıyor.
       "GetRestoreProjectStyleTask" görevi
       "GetRestoreProjectStyleTask" görevini yürütme tamamlandı.
   5:4>"ForgeFlow.Artifact.Domain.csproj" projesinde "_GetRestoreProjectStyle" hedefini oluşturma tamamlandı.
   5:4>"C:\Users\alihe\OneDrive\Masaüstü\ForgeFlow Project\services\artifact\ForgeFlow.Artifact.Domain\ForgeFlow.Artifact.Domain.csproj" projesinin "C:\Program Files\dotnet\sdk\9.0.307\NuGet.targets" dosyasındaki "_GenerateRestoreSpecs" hedefi ("_GenerateRestoreGraphProjectEntry" hedefi buna bağımlı):
       "Message" görevi
         Restore entry point C:\Users\alihe\OneDrive\Masaüstü\ForgeFlow Project\services\artifact\ForgeFlow.Artifact.Domain\ForgeFlow.Artifact.Domain.csproj
       "Message" görevini yürütme tamamlandı.
   5:4>"ForgeFlow.Artifact.Domain.csproj" projesinde "_GenerateRestoreSpecs" hedefini oluşturma tamamlandı.
   5:4>"C:\Users\alihe\OneDrive\Masaüstü\ForgeFlow Project\services\artifact\ForgeFlow.Artifact.Domain\ForgeFlow.Artifact.Domain.csproj" projesinin "C:\Program Files\dotnet\sdk\9.0.307\NuGet.targets" dosyasındaki "_GetRestoreSettingsOverrides" hedefi ("_GetRestoreSettings" hedefi buna bağımlı):
       Yanlış koşul nedeniyle "MSBuild" görevi atlandı; ( '$(RestorePackagesPath)' != '' ), ( '' != '' ) olarak değerlendirildi.
       Yanlış koşul nedeniyle "MSBuild" görevi atlandı; ( '$(RestoreRepositoryPathOverride)' != '' ), ( '' != '' ) olarak değerlendirildi.
       Yanlış koşul nedeniyle "MSBuild" görevi atlandı; ( '$(RestoreSources)' != '' ), ( '' != '' ) olarak değerlendirildi.
       Yanlış koşul nedeniyle "MSBuild" görevi atlandı; ( '$(RestoreFallbackFolders)' != '' ), ( '' != '' ) olarak değerlendirildi.
   5:4>"ForgeFlow.Artifact.Domain.csproj" projesinde "_GetRestoreSettingsOverrides" hedefini oluşturma tamamlandı.
   5:4>"C:\Users\alihe\OneDrive\Masaüstü\ForgeFlow Project\services\artifact\ForgeFlow.Artifact.Domain\ForgeFlow.Artifact.Domain.csproj" projesinin "C:\Program Files\dotnet\sdk\9.0.307\NuGet.targets" dosyasındaki "_GetRestoreSettingsPerFramework" hedefi ("_GetRestoreSettingsCurrentProject" hedefi buna bağımlı):
   5:4>"ForgeFlow.Artifact.Domain.csproj" projesinde "_GetRestoreSettingsPerFramework" hedefini oluşturma tamamlandı.
   5:4>"C:\Users\alihe\OneDrive\Masaüstü\ForgeFlow Project\services\artifact\ForgeFlow.Artifact.Domain\ForgeFlow.Artifact.Domain.csproj" projesinin "C:\Program Files\dotnet\sdk\9.0.307\NuGet.targets" dosyasındaki "_GetRestoreSettingsCurrentProject" hedefi ("_GetRestoreSettings" hedefi buna bağımlı):
   5:4>"ForgeFlow.Artifact.Domain.csproj" projesinde "_GetRestoreSettingsCurrentProject" hedefini oluşturma tamamlandı.
       Yanlış koşul nedeniyle "_GetRestoreSettingsAllFrameworks" hedefi atlandı; ( '$(TargetFrameworks)' != '' AND '$(PackageReferenceCompatibleProjectStyle)' == 'true' ), ( '' != '' AND 'True' == 'true' ) olarak değerlendirildi.
   5:4>"C:\Users\alihe\OneDrive\Masaüstü\ForgeFlow Project\services\artifact\ForgeFlow.Artifact.Domain\ForgeFlow.Artifact.Domain.csproj" projesinin "C:\Program Files\dotnet\sdk\9.0.307\NuGet.targets" dosyasındaki "_GetRestoreSettings" hedefi ("_GenerateDotnetCliToolReferenceSpecs" hedefi buna bağımlı):
       "C:\Program Files\dotnet\sdk\9.0.307\NuGet.Build.Tasks.dll" derlemesindeki "GetRestoreSettingsTask" görevi kullanılıyor.
       "GetRestoreSettingsTask" görevi
       "GetRestoreSettingsTask" görevini yürütme tamamlandı.
   5:4>"ForgeFlow.Artifact.Domain.csproj" projesinde "_GetRestoreSettings" hedefini oluşturma tamamlandı.
   5:4>"C:\Users\alihe\OneDrive\Masaüstü\ForgeFlow Project\services\artifact\ForgeFlow.Artifact.Domain\ForgeFlow.Artifact.Domain.csproj" projesinin "C:\Program Files\dotnet\sdk\9.0.307\NuGet.targets" dosyasındaki "_GenerateDotnetCliToolReferenceSpecs" hedefi ("_GenerateRestoreGraphProjectEntry" hedefi buna bağımlı):
       "C:\Program Files\dotnet\sdk\9.0.307\NuGet.Build.Tasks.dll" derlemesindeki "GetRestoreDotnetCliToolsTask" görevi kullanılıyor.
       "GetRestoreDotnetCliToolsTask" görevi
       "GetRestoreDotnetCliToolsTask" görevini yürütme tamamlandı.
   5:4>"ForgeFlow.Artifact.Domain.csproj" projesinde "_GenerateDotnetCliToolReferenceSpecs" hedefini oluşturma tamamlandı.
   5:4>"C:\Users\alihe\OneDrive\Masaüstü\ForgeFlow Project\services\artifact\ForgeFlow.Artifact.Domain\ForgeFlow.Artifact.Domain.csproj" projesinin "C:\Program Files\dotnet\sdk\9.0.307\NuGet.targets" dosyasındaki "_GenerateRestoreGraphProjectEntry" hedefi (giriş noktası):
   5:4>"ForgeFlow.Artifact.Domain.csproj" projesinde "_GenerateRestoreGraphProjectEntry" hedefini oluşturma tamamlandı.
   5:4>"C:\Users\alihe\OneDrive\Masaüstü\ForgeFlow Project\services\artifact\ForgeFlow.Artifact.Domain\ForgeFlow.Artifact.Domain.csproj" Projesini Oluşturma İşlemi Tamamlandı (_GenerateRestoreGraphProjectEntry hedef).
   2:3>"ProcessFrameworkReferences" görevini yürütme tamamlandı.
       "C:\Program Files\dotnet\sdk\9.0.307\Sdks\Microsoft.NET.Sdk\targets\..\tools\net9.0\Microsoft.NET.Build.Tasks.dll" derlemesindeki "ResolveAppHosts" görevi kullanılıyor.
       "ResolveAppHosts" görevi
       "ResolveAppHosts" görevini yürütme tamamlandı.
   2:3>"ForgeFlow.Contracts.csproj" projesinde "ProcessFrameworkReferences" hedefini oluşturma tamamlandı.
       Yanlış koşul nedeniyle "IncludeTargetingPackReference" hedefi atlandı; ('$(TargetFrameworkMoniker)' != '' and '$(TargetFrameworkIdentifier)' == '.NETFramework' and '$(AutomaticallyUseReferenceAssemblyPackages)' == 'true'), ('.NETCoreApp,Version=v8.0' != '' and '.NETCoreApp' == '.NETFramework' and 'true' == 'true') olarak değerlendirildi.
       Yanlış koşul nedeniyle "_CheckMicrosoftNetCompilersToolsetFrameworkPackageReference" hedefi atlandı; ('$(MSBuildRuntimeType)' == 'Full'), ('Core' == 'Full') olarak değerlendirildi.
   2:3>"C:\Users\alihe\OneDrive\Masaüstü\ForgeFlow Project\contracts\ForgeFlow.Contracts\ForgeFlow.Contracts.csproj" projesinin "C:\Program Files\dotnet\sdk\9.0.307\Sdks\Microsoft.NET.Sdk\targets\Microsoft.NET.ObsoleteReferences.targets" dosyasındaki "_CheckForObsoleteDotNetCliToolReferences" hedefi ("CollectPackageReferences" hedefi buna bağımlı):
       Yanlış koşul nedeniyle "NETSdkWarning" görevi atlandı; ( '%(_ReferenceToObsoleteDotNetCliTool.Identity)' != '' ), ( '' != '' ) olarak değerlendirildi.
   2:3>"ForgeFlow.Contracts.csproj" projesinde "_CheckForObsoleteDotNetCliToolReferences" hedefini oluşturma tamamlandı.
   2:3>"C:\Users\alihe\OneDrive\Masaüstü\ForgeFlow Project\contracts\ForgeFlow.Contracts\ForgeFlow.Contracts.csproj" projesinin "C:\Program Files\dotnet\sdk\9.0.307\NuGet.targets" dosyasındaki "CollectPackageReferences" hedefi ("_GetRestoreProjectStyle" hedefi buna bağımlı):
       "C:\Program Files\dotnet\sdk\9.0.307\NuGet.Build.Tasks.dll" derlemesindeki "CheckForDuplicateNuGetItemsTask" görevi kullanılıyor.
       "CheckForDuplicateNuGetItemsTask" görevi
       "CheckForDuplicateNuGetItemsTask" görevini yürütme tamamlandı.
   2:3>"ForgeFlow.Contracts.csproj" projesinde "CollectPackageReferences" hedefini oluşturma tamamlandı.
   2:3>"C:\Users\alihe\OneDrive\Masaüstü\ForgeFlow Project\contracts\ForgeFlow.Contracts\ForgeFlow.Contracts.csproj" projesinin "C:\Program Files\dotnet\sdk\9.0.307\NuGet.targets" dosyasındaki "_GetRestoreProjectStyle" hedefi ("_GenerateRestoreSpecs" hedefi buna bağımlı):
       "C:\Program Files\dotnet\sdk\9.0.307\NuGet.Build.Tasks.dll" derlemesindeki "GetRestoreProjectStyleTask" görevi kullanılıyor.
       "GetRestoreProjectStyleTask" görevi
       "GetRestoreProjectStyleTask" görevini yürütme tamamlandı.
   2:3>"ForgeFlow.Contracts.csproj" projesinde "_GetRestoreProjectStyle" hedefini oluşturma tamamlandı.
   2:3>"C:\Users\alihe\OneDrive\Masaüstü\ForgeFlow Project\contracts\ForgeFlow.Contracts\ForgeFlow.Contracts.csproj" projesinin "C:\Program Files\dotnet\sdk\9.0.307\NuGet.targets" dosyasındaki "_GenerateRestoreSpecs" hedefi ("_GenerateRestoreGraphProjectEntry" hedefi buna bağımlı):
       "Message" görevi
         Restore entry point C:\Users\alihe\OneDrive\Masaüstü\ForgeFlow Project\contracts\ForgeFlow.Contracts\ForgeFlow.Contracts.csproj
       "Message" görevini yürütme tamamlandı.
   2:3>"ForgeFlow.Contracts.csproj" projesinde "_GenerateRestoreSpecs" hedefini oluşturma tamamlandı.
   2:3>"C:\Users\alihe\OneDrive\Masaüstü\ForgeFlow Project\contracts\ForgeFlow.Contracts\ForgeFlow.Contracts.csproj" projesinin "C:\Program Files\dotnet\sdk\9.0.307\NuGet.targets" dosyasındaki "_GetRestoreSettingsOverrides" hedefi ("_GetRestoreSettings" hedefi buna bağımlı):
       Yanlış koşul nedeniyle "MSBuild" görevi atlandı; ( '$(RestorePackagesPath)' != '' ), ( '' != '' ) olarak değerlendirildi.
       Yanlış koşul nedeniyle "MSBuild" görevi atlandı; ( '$(RestoreRepositoryPathOverride)' != '' ), ( '' != '' ) olarak değerlendirildi.
       Yanlış koşul nedeniyle "MSBuild" görevi atlandı; ( '$(RestoreSources)' != '' ), ( '' != '' ) olarak değerlendirildi.
       Yanlış koşul nedeniyle "MSBuild" görevi atlandı; ( '$(RestoreFallbackFolders)' != '' ), ( '' != '' ) olarak değerlendirildi.
   2:3>"ForgeFlow.Contracts.csproj" projesinde "_GetRestoreSettingsOverrides" hedefini oluşturma tamamlandı.
   2:3>"C:\Users\alihe\OneDrive\Masaüstü\ForgeFlow Project\contracts\ForgeFlow.Contracts\ForgeFlow.Contracts.csproj" projesinin "C:\Program Files\dotnet\sdk\9.0.307\NuGet.targets" dosyasındaki "_GetRestoreSettingsPerFramework" hedefi ("_GetRestoreSettingsCurrentProject" hedefi buna bağımlı):
   2:3>"ForgeFlow.Contracts.csproj" projesinde "_GetRestoreSettingsPerFramework" hedefini oluşturma tamamlandı.
   2:3>"C:\Users\alihe\OneDrive\Masaüstü\ForgeFlow Project\contracts\ForgeFlow.Contracts\ForgeFlow.Contracts.csproj" projesinin "C:\Program Files\dotnet\sdk\9.0.307\NuGet.targets" dosyasındaki "_GetRestoreSettingsCurrentProject" hedefi ("_GetRestoreSettings" hedefi buna bağımlı):
   2:3>"ForgeFlow.Contracts.csproj" projesinde "_GetRestoreSettingsCurrentProject" hedefini oluşturma tamamlandı.
       Yanlış koşul nedeniyle "_GetRestoreSettingsAllFrameworks" hedefi atlandı; ( '$(TargetFrameworks)' != '' AND '$(PackageReferenceCompatibleProjectStyle)' == 'true' ), ( '' != '' AND 'True' == 'true' ) olarak değerlendirildi.
   2:3>"C:\Users\alihe\OneDrive\Masaüstü\ForgeFlow Project\contracts\ForgeFlow.Contracts\ForgeFlow.Contracts.csproj" projesinin "C:\Program Files\dotnet\sdk\9.0.307\NuGet.targets" dosyasındaki "_GetRestoreSettings" hedefi ("_GenerateDotnetCliToolReferenceSpecs" hedefi buna bağımlı):
       "C:\Program Files\dotnet\sdk\9.0.307\NuGet.Build.Tasks.dll" derlemesindeki "GetRestoreSettingsTask" görevi kullanılıyor.
       "GetRestoreSettingsTask" görevi
         Derleme TaskRun (NuGet.Build.Tasks.GetRestoreSettingsTask) sırasında yüklendi: NuGet.Configuration, Version=6.14.0.116, Culture=neutral, PublicKeyToken=31bf3856ad364e35 (konum: C:\Program Files\dotnet\sdk\9.0.307\NuGet.Configuration.dll, MVID: b0f2e3cc-b478-45a0-a863-e83c6e00406f, AssemblyLoadContext: MSBuild plugin C:\Program Files\dotnet\sdk\9.0.307\NuGet.Build.Tasks.dll)
       "GetRestoreSettingsTask" görevini yürütme tamamlandı.
   2:3>"ForgeFlow.Contracts.csproj" projesinde "_GetRestoreSettings" hedefini oluşturma tamamlandı.
   2:3>"C:\Users\alihe\OneDrive\Masaüstü\ForgeFlow Project\contracts\ForgeFlow.Contracts\ForgeFlow.Contracts.csproj" projesinin "C:\Program Files\dotnet\sdk\9.0.307\NuGet.targets" dosyasındaki "_GenerateDotnetCliToolReferenceSpecs" hedefi ("_GenerateRestoreGraphProjectEntry" hedefi buna bağımlı):
       "C:\Program Files\dotnet\sdk\9.0.307\NuGet.Build.Tasks.dll" derlemesindeki "GetRestoreDotnetCliToolsTask" görevi kullanılıyor.
       "GetRestoreDotnetCliToolsTask" görevi
       "GetRestoreDotnetCliToolsTask" görevini yürütme tamamlandı.
   2:3>"ForgeFlow.Contracts.csproj" projesinde "_GenerateDotnetCliToolReferenceSpecs" hedefini oluşturma tamamlandı.
   2:3>"C:\Users\alihe\OneDrive\Masaüstü\ForgeFlow Project\contracts\ForgeFlow.Contracts\ForgeFlow.Contracts.csproj" projesinin "C:\Program Files\dotnet\sdk\9.0.307\NuGet.targets" dosyasındaki "_GenerateRestoreGraphProjectEntry" hedefi (giriş noktası):
   2:3>"ForgeFlow.Contracts.csproj" projesinde "_GenerateRestoreGraphProjectEntry" hedefini oluşturma tamamlandı.
   2:3>"C:\Users\alihe\OneDrive\Masaüstü\ForgeFlow Project\contracts\ForgeFlow.Contracts\ForgeFlow.Contracts.csproj" Projesini Oluşturma İşlemi Tamamlandı (_GenerateRestoreGraphProjectEntry hedef).
     1>"C:\Users\alihe\OneDrive\Masaüstü\ForgeFlow Project\services\artifact\ForgeFlow.Artifact.Api\ForgeFlow.Artifact.Api.csproj" projesi (1) 1 düğümünde "C:\Users\alihe\OneDrive\Masaüstü\ForgeFlow Project\services\artifact\ForgeFlow.Artifact.Api\ForgeFlow.Artifact.Api.csproj" (1:5) oluşturuyor (_GenerateRestoreGraphProjectEntry hedef).
   1:5>"C:\Users\alihe\OneDrive\Masaüstü\ForgeFlow Project\services\artifact\ForgeFlow.Artifact.Api\ForgeFlow.Artifact.Api.csproj" projesinin "C:\Program Files\dotnet\sdk\9.0.307\NuGet.targets" dosyasındaki "_GetProjectJsonPath" hedefi ("_GetRestoreProjectStyle" hedefi buna bağımlı):
   1:5>Yanlış koşul nedeniyle "GetRestoreProjectJsonPathTask" görevi atlandı; ( '$(RestoreProjectStyle)' == 'ProjectJson' OR '$(RestoreProjectStyle)' == '' ), ( 'PackageReference' == 'ProjectJson' OR 'PackageReference' == '' ) olarak değerlendirildi.
   1:5>"ForgeFlow.Artifact.Api.csproj" projesinde "_GetProjectJsonPath" hedefini oluşturma tamamlandı.
       Yanlış koşul nedeniyle "_CheckForUnsupportedTargetPlatformIdentifier" hedefi atlandı; ('$(TargetPlatformIdentifier)' != '' and '$(TargetFrameworkIdentifier)' == '.NETCoreApp' and $([MSBuild]::VersionGreaterThanOrEquals($(TargetFrameworkVersion), 5.0)) And ('$(DesignTimeBuild)' != 'true' Or '@(MissingWorkloadPack)' == '')), ('' != '' and '.NETCoreApp' == '.NETCoreApp' and True And ('' != 'true' Or '' == '')) olarak değerlendirildi.
       Yanlış koşul nedeniyle "_CheckForMissingWorkload" hedefi atlandı; ('@(MissingWorkloadPack)' != '' And '$(DesignTimeBuild)' != 'true'), ('' != '' And '' != 'true') olarak değerlendirildi.
   1:5>"C:\Users\alihe\OneDrive\Masaüstü\ForgeFlow Project\services\artifact\ForgeFlow.Artifact.Api\ForgeFlow.Artifact.Api.csproj" projesinin "C:\Program Files\dotnet\sdk\9.0.307\Sdks\Microsoft.NET.Sdk\targets\Microsoft.NET.TargetFrameworkInference.targets" dosyasındaki "_CheckForUnsupportedNETCoreVersion" hedefi ("CollectPackageReferences" hedefi buna bağımlı):
       Yanlış koşul nedeniyle "NETSdkError" görevi atlandı; ('$(_TargetFrameworkVersionWithoutV)' > '$(NETCoreAppMaximumVersion)' and '$(DisplayVSMessage)' != 'true'), ('8.0' > '9.0' and '' != 'true') olarak değerlendirildi.
       Yanlış koşul nedeniyle "NETSdkError" görevi atlandı; ('$(DisplayVSMessage)' == 'true'), ('' == 'true') olarak değerlendirildi.
   1:5>"ForgeFlow.Artifact.Api.csproj" projesinde "_CheckForUnsupportedNETCoreVersion" hedefini oluşturma tamamlandı.
       Yanlış koşul nedeniyle "_CheckForEolTargetFrameworks" hedefi atlandı; ('@(_EolNetCoreTargetFrameworkVersions->AnyHaveMetadataValue('Identity', '$(_TargetFrameworkVersionWithoutV)'))' and '$(TargetFrameworkIdentifier)' == '.NETCoreApp' and '$(CheckEolTargetFramework)' == 'true'), ('false' and '.NETCoreApp' == '.NETCoreApp' and 'true' == 'true') olarak değerlendirildi.
       Yanlış koşul nedeniyle "_CheckForEolWorkloads" hedefi atlandı; ('@(EolWorkload)' != '' and '$(CheckEolWorkloads)' == 'true'), ('' != '' and 'true' == 'true') olarak değerlendirildi.
       Yanlış koşul nedeniyle "_CheckForNotRecommendedNETStandardVersion" hedefi atlandı; ('$(TargetFrameworkIdentifier)' == '.NETStandard' and $([MSBuild]::VersionLessThan($(TargetFrameworkVersion), '2.0'))), ('.NETCoreApp' == '.NETStandard' and False) olarak değerlendirildi.
   1:5>"C:\Users\alihe\OneDrive\Masaüstü\ForgeFlow Project\services\artifact\ForgeFlow.Artifact.Api\ForgeFlow.Artifact.Api.csproj" projesinin "C:\Program Files\dotnet\sdk\9.0.307\Sdks\Microsoft.NET.Sdk\targets\Microsoft.NET.TargetFrameworkInference.targets" dosyasındaki "_CheckForUnsupportedCppNETCoreVersion" hedefi ("CollectPackageReferences" hedefi buna bağımlı):
       Yanlış koşul nedeniyle "NETSdkError" görevi atlandı; ('$(TargetFrameworkIdentifier)' == '.NETCoreApp' and '$(_TargetFrameworkVersionWithoutV)' < '3.1' and ('$(Language)' == 'C++' and '$(_EnablePackageReferencesInVCProjects)' != 'true')), ('.NETCoreApp' == '.NETCoreApp' and '8.0' < '3.1' and ('C#' == 'C++' and '' != 'true')) olarak değerlendirildi.
   1:5>"ForgeFlow.Artifact.Api.csproj" projesinde "_CheckForUnsupportedCppNETCoreVersion" hedefini oluşturma tamamlandı.
       Yanlış koşul nedeniyle "_CheckForUnsupportedNETStandardVersion" hedefi atlandı; ('$(TargetFrameworkIdentifier)' == '.NETStandard' And '$(NETStandardMaximumVersion)' != ''), ('.NETCoreApp' == '.NETStandard' And '' != '') olarak değerlendirildi.
       Yanlış koşul nedeniyle "_CheckForUnsupportedTargetFrameworkAndFeatureCombination" hedefi atlandı; ('$(TargetFrameworkIdentifier)' == '.NETFramework'), ('.NETCoreApp' == '.NETFramework') olarak değerlendirildi.
   1:5>"C:\Users\alihe\OneDrive\Masaüstü\ForgeFlow Project\services\artifact\ForgeFlow.Artifact.Api\ForgeFlow.Artifact.Api.csproj" projesinin "C:\Program Files\dotnet\sdk\9.0.307\Sdks\Microsoft.NET.Sdk\targets\Microsoft.NET.Sdk.DefaultItems.Shared.targets" dosyasındaki "UpdateAspNetToFrameworkReference" hedefi ("ApplyImplicitVersions" hedefi buna bağımlı):
       "C:\Program Files\dotnet\sdk\9.0.307\Sdks\Microsoft.NET.Sdk\targets\..\tools\net9.0\Microsoft.NET.Build.Tasks.dll" derlemesindeki "CheckIfPackageReferenceShouldBeFrameworkReference" görevi kullanılıyor.
       "CheckIfPackageReferenceShouldBeFrameworkReference" görevi
       "CheckIfPackageReferenceShouldBeFrameworkReference" görevini yürütme tamamlandı.
       Yanlış koşul nedeniyle "NETSdkError" görevi atlandı; ('$(_ShouldRemoveAspNetCoreAll)' == 'true'), ('False' == 'true') olarak değerlendirildi.
       "CheckIfPackageReferenceShouldBeFrameworkReference" görevi
       "CheckIfPackageReferenceShouldBeFrameworkReference" görevini yürütme tamamlandı.
       Yanlış koşul nedeniyle "NETSdkWarning" görevi atlandı; ('$(_ShouldRemoveAspNetCoreApp)' == 'true'), ('False' == 'true') olarak değerlendirildi.
   1:5>"ForgeFlow.Artifact.Api.csproj" projesinde "UpdateAspNetToFrameworkReference" hedefini oluşturma tamamlandı.
       Yanlış koşul nedeniyle "IncludeTargetingPackReference" hedefi atlandı; ('$(TargetFrameworkMoniker)' != '' and '$(TargetFrameworkIdentifier)' == '.NETFramework' and '$(AutomaticallyUseReferenceAssemblyPackages)' == 'true'), ('.NETCoreApp,Version=v8.0' != '' and '.NETCoreApp' == '.NETFramework' and 'true' == 'true') olarak değerlendirildi.
   1:5>"C:\Users\alihe\OneDrive\Masaüstü\ForgeFlow Project\services\artifact\ForgeFlow.Artifact.Api\ForgeFlow.Artifact.Api.csproj" projesinin "C:\Program Files\dotnet\sdk\9.0.307\Sdks\Microsoft.NET.Sdk\targets\Microsoft.NET.Sdk.DefaultItems.Shared.targets" dosyasındaki "CheckForImplicitPackageReferenceOverrides" hedefi ("ApplyImplicitVersions" hedefi buna bağımlı):
       "C:\Program Files\dotnet\sdk\9.0.307\Sdks\Microsoft.NET.Sdk\targets\..\tools\net9.0\Microsoft.NET.Build.Tasks.dll" derlemesindeki "CheckForImplicitPackageReferenceOverrides" görevi kullanılıyor.
       "CheckForImplicitPackageReferenceOverrides" görevi
       "CheckForImplicitPackageReferenceOverrides" görevini yürütme tamamlandı.
   1:5>"ForgeFlow.Artifact.Api.csproj" projesinde "CheckForImplicitPackageReferenceOverrides" hedefini oluşturma tamamlandı.
   1:5>"C:\Users\alihe\OneDrive\Masaüstü\ForgeFlow Project\services\artifact\ForgeFlow.Artifact.Api\ForgeFlow.Artifact.Api.csproj" projesinin "C:\Program Files\dotnet\sdk\9.0.307\Sdks\Microsoft.NET.Sdk\targets\Microsoft.NET.Sdk.DefaultItems.Shared.targets" dosyasındaki "ApplyImplicitVersions" hedefi ("CollectPackageReferences" hedefi buna bağımlı):
       "C:\Program Files\dotnet\sdk\9.0.307\Sdks\Microsoft.NET.Sdk\targets\..\tools\net9.0\Microsoft.NET.Build.Tasks.dll" derlemesindeki "ApplyImplicitVersions" görevi kullanılıyor.
       "ApplyImplicitVersions" görevi
       "ApplyImplicitVersions" görevini yürütme tamamlandı.
   1:5>"ForgeFlow.Artifact.Api.csproj" projesinde "ApplyImplicitVersions" hedefini oluşturma tamamlandı.
       "CheckForImplicitPackageReferenceOverrides" hedefi atlandı. Önceden başarılı bir şekilde derlenmişti.
       Yanlış koşul nedeniyle "AddWindowsSdkKnownFrameworkReferences" hedefi atlandı; ('$(TargetFrameworkIdentifier)' == '.NETCoreApp' And '$(TargetPlatformIdentifier)' == 'Windows'
                            And ('$(Language)' != 'C++' Or '$(IncludeWindowsSDKRefFrameworkReferences)' == 'true')), ('.NETCoreApp' == '.NETCoreApp' And '' == 'Windows'
                            And ('C#' != 'C++' Or '' == 'true')) olarak değerlendirildi.
       Yanlış koşul nedeniyle "_NormalizeTargetPlatformVersion" hedefi atlandı; ('$(TargetPlatformVersion)' != '' and '$(TargetFrameworkIdentifier)' == '.NETCoreApp' and $([MSBuild]::VersionGreaterThanOrEquals($(TargetFrameworkVersion), 5.0)) and ('$(Language)' != 'C++' or '$(_EnablePackageReferencesInVCProjects)' == 'true')), ('' != '' and '.NETCoreApp' == '.NETCoreApp' and True and ('C#' != 'C++' or '' == 'true')) olarak değerlendirildi.
   1:5>"C:\Users\alihe\OneDrive\Masaüstü\ForgeFlow Project\services\artifact\ForgeFlow.Artifact.Api\ForgeFlow.Artifact.Api.csproj" projesinin "C:\Program Files\dotnet\sdk\9.0.307\Sdks\Microsoft.NET.Sdk\targets\Microsoft.NET.RuntimeIdentifierInference.targets" dosyasındaki "_CheckForLanguageAndFeatureCombinationSupport" hedefi ("ProcessFrameworkReferences" hedefi buna bağımlı):
       Yanlış koşul nedeniyle "NETSdkError" görevi atlandı; (('$(Language)' == 'C++' and '$(_EnablePackageReferencesInVCProjects)' != 'true') and $(OutputType) != 'library' and '$(TargetFrameworkIdentifier)' == '.NETCoreApp'), (('C#' == 'C++' and '' != 'true') and Exe != 'library' and '.NETCoreApp' == '.NETCoreApp') olarak değerlendirildi.
       Yanlış koşul nedeniyle "NETSdkError" görevi atlandı; (('$(Language)' == 'C++' and '$(_EnablePackageReferencesInVCProjects)' != 'true') and $(EnableComHosting) == 'true'), (('C#' == 'C++' and '' != 'true') and  == 'true') olarak değerlendirildi.
       Yanlış koşul nedeniyle "NETSdkError" görevi atlandı; (('$(Language)' == 'C++' and '$(_EnablePackageReferencesInVCProjects)' != 'true') and $(SelfContained) == 'true'), (('C#' == 'C++' and '' != 'true') and false == 'true') olarak değerlendirildi.
   1:5>"ForgeFlow.Artifact.Api.csproj" projesinde "_CheckForLanguageAndFeatureCombinationSupport" hedefini oluşturma tamamlandı.
   1:5>"C:\Users\alihe\OneDrive\Masaüstü\ForgeFlow Project\services\artifact\ForgeFlow.Artifact.Api\ForgeFlow.Artifact.Api.csproj" projesinin "C:\Program Files\dotnet\sdk\9.0.307\Sdks\Microsoft.NET.Sdk\targets\Microsoft.NET.Publish.targets" dosyasındaki "_ComputeToolPackInputsToProcessFrameworkReferences" hedefi ("ProcessFrameworkReferences" hedefi buna bağımlı):
   1:5>"ForgeFlow.Artifact.Api.csproj" projesinde "_ComputeToolPackInputsToProcessFrameworkReferences" hedefini oluşturma tamamlandı.
   1:5>"C:\Users\alihe\OneDrive\Masaüstü\ForgeFlow Project\services\artifact\ForgeFlow.Artifact.Api\ForgeFlow.Artifact.Api.csproj" projesinin "C:\Program Files\dotnet\sdk\9.0.307\Sdks\Microsoft.NET.Sdk\targets\Microsoft.NET.Sdk.FrameworkReferenceResolution.targets" dosyasındaki "ProcessFrameworkReferences" hedefi ("CollectPackageReferences" hedefi buna bağımlı):
       "C:\Program Files\dotnet\sdk\9.0.307\Sdks\Microsoft.NET.Sdk\targets\..\tools\net9.0\Microsoft.NET.Build.Tasks.dll" derlemesindeki "CheckForDuplicateFrameworkReferences" görevi kullanılıyor.
       "CheckForDuplicateFrameworkReferences" görevi
       "CheckForDuplicateFrameworkReferences" görevini yürütme tamamlandı.
       "C:\Program Files\dotnet\sdk\9.0.307\Sdks\Microsoft.NET.Sdk\targets\..\tools\net9.0\Microsoft.NET.Build.Tasks.dll" derlemesindeki "ProcessFrameworkReferences" görevi kullanılıyor.
       "ProcessFrameworkReferences" görevi
       "ProcessFrameworkReferences" görevini yürütme tamamlandı.
       "C:\Program Files\dotnet\sdk\9.0.307\Sdks\Microsoft.NET.Sdk\targets\..\tools\net9.0\Microsoft.NET.Build.Tasks.dll" derlemesindeki "ResolveAppHosts" görevi kullanılıyor.
       "ResolveAppHosts" görevi
       "ResolveAppHosts" görevini yürütme tamamlandı.
   1:5>"ForgeFlow.Artifact.Api.csproj" projesinde "ProcessFrameworkReferences" hedefini oluşturma tamamlandı.
       Yanlış koşul nedeniyle "IncludeTargetingPackReference" hedefi atlandı; ('$(TargetFrameworkMoniker)' != '' and '$(TargetFrameworkIdentifier)' == '.NETFramework' and '$(AutomaticallyUseReferenceAssemblyPackages)' == 'true'), ('.NETCoreApp,Version=v8.0' != '' and '.NETCoreApp' == '.NETFramework' and 'true' == 'true') olarak değerlendirildi.
       Yanlış koşul nedeniyle "_CheckMicrosoftNetCompilersToolsetFrameworkPackageReference" hedefi atlandı; ('$(MSBuildRuntimeType)' == 'Full'), ('Core' == 'Full') olarak değerlendirildi.
   1:5>"C:\Users\alihe\OneDrive\Masaüstü\ForgeFlow Project\services\artifact\ForgeFlow.Artifact.Api\ForgeFlow.Artifact.Api.csproj" projesinin "C:\Program Files\dotnet\sdk\9.0.307\Sdks\Microsoft.NET.Sdk\targets\Microsoft.NET.ObsoleteReferences.targets" dosyasındaki "_CheckForObsoleteDotNetCliToolReferences" hedefi ("CollectPackageReferences" hedefi buna bağımlı):
       Yanlış koşul nedeniyle "NETSdkWarning" görevi atlandı; ( '%(_ReferenceToObsoleteDotNetCliTool.Identity)' != '' ), ( '' != '' ) olarak değerlendirildi.
   1:5>"ForgeFlow.Artifact.Api.csproj" projesinde "_CheckForObsoleteDotNetCliToolReferences" hedefini oluşturma tamamlandı.
   1:5>"C:\Users\alihe\OneDrive\Masaüstü\ForgeFlow Project\services\artifact\ForgeFlow.Artifact.Api\ForgeFlow.Artifact.Api.csproj" projesinin "C:\Program Files\dotnet\sdk\9.0.307\NuGet.targets" dosyasındaki "CollectPackageReferences" hedefi ("_GetRestoreProjectStyle" hedefi buna bağımlı):
       "C:\Program Files\dotnet\sdk\9.0.307\NuGet.Build.Tasks.dll" derlemesindeki "CheckForDuplicateNuGetItemsTask" görevi kullanılıyor.
       "CheckForDuplicateNuGetItemsTask" görevi
       "CheckForDuplicateNuGetItemsTask" görevini yürütme tamamlandı.
   1:5>"ForgeFlow.Artifact.Api.csproj" projesinde "CollectPackageReferences" hedefini oluşturma tamamlandı.
   1:5>"C:\Users\alihe\OneDrive\Masaüstü\ForgeFlow Project\services\artifact\ForgeFlow.Artifact.Api\ForgeFlow.Artifact.Api.csproj" projesinin "C:\Program Files\dotnet\sdk\9.0.307\NuGet.targets" dosyasındaki "_GetRestoreProjectStyle" hedefi ("_GenerateRestoreSpecs" hedefi buna bağımlı):
       "C:\Program Files\dotnet\sdk\9.0.307\NuGet.Build.Tasks.dll" derlemesindeki "GetRestoreProjectStyleTask" görevi kullanılıyor.
       "GetRestoreProjectStyleTask" görevi
       "GetRestoreProjectStyleTask" görevini yürütme tamamlandı.
   1:5>"ForgeFlow.Artifact.Api.csproj" projesinde "_GetRestoreProjectStyle" hedefini oluşturma tamamlandı.
   1:5>"C:\Users\alihe\OneDrive\Masaüstü\ForgeFlow Project\services\artifact\ForgeFlow.Artifact.Api\ForgeFlow.Artifact.Api.csproj" projesinin "C:\Program Files\dotnet\sdk\9.0.307\NuGet.targets" dosyasındaki "_GenerateRestoreSpecs" hedefi ("_GenerateRestoreGraphProjectEntry" hedefi buna bağımlı):
       "Message" görevi
         Restore entry point C:\Users\alihe\OneDrive\Masaüstü\ForgeFlow Project\services\artifact\ForgeFlow.Artifact.Api\ForgeFlow.Artifact.Api.csproj
       "Message" görevini yürütme tamamlandı.
   1:5>"ForgeFlow.Artifact.Api.csproj" projesinde "_GenerateRestoreSpecs" hedefini oluşturma tamamlandı.
   1:5>"C:\Users\alihe\OneDrive\Masaüstü\ForgeFlow Project\services\artifact\ForgeFlow.Artifact.Api\ForgeFlow.Artifact.Api.csproj" projesinin "C:\Program Files\dotnet\sdk\9.0.307\NuGet.targets" dosyasındaki "_GetRestoreSettingsOverrides" hedefi ("_GetRestoreSettings" hedefi buna bağımlı):
       Yanlış koşul nedeniyle "MSBuild" görevi atlandı; ( '$(RestorePackagesPath)' != '' ), ( '' != '' ) olarak değerlendirildi.
       Yanlış koşul nedeniyle "MSBuild" görevi atlandı; ( '$(RestoreRepositoryPathOverride)' != '' ), ( '' != '' ) olarak değerlendirildi.
       Yanlış koşul nedeniyle "MSBuild" görevi atlandı; ( '$(RestoreSources)' != '' ), ( '' != '' ) olarak değerlendirildi.
       Yanlış koşul nedeniyle "MSBuild" görevi atlandı; ( '$(RestoreFallbackFolders)' != '' ), ( '' != '' ) olarak değerlendirildi.
   1:5>"ForgeFlow.Artifact.Api.csproj" projesinde "_GetRestoreSettingsOverrides" hedefini oluşturma tamamlandı.
   1:5>"C:\Users\alihe\OneDrive\Masaüstü\ForgeFlow Project\services\artifact\ForgeFlow.Artifact.Api\ForgeFlow.Artifact.Api.csproj" projesinin "C:\Program Files\dotnet\sdk\9.0.307\NuGet.targets" dosyasındaki "_GetRestoreSettingsPerFramework" hedefi ("_GetRestoreSettingsCurrentProject" hedefi buna bağımlı):
   1:5>"ForgeFlow.Artifact.Api.csproj" projesinde "_GetRestoreSettingsPerFramework" hedefini oluşturma tamamlandı.
   1:5>"C:\Users\alihe\OneDrive\Masaüstü\ForgeFlow Project\services\artifact\ForgeFlow.Artifact.Api\ForgeFlow.Artifact.Api.csproj" projesinin "C:\Program Files\dotnet\sdk\9.0.307\NuGet.targets" dosyasındaki "_GetRestoreSettingsCurrentProject" hedefi ("_GetRestoreSettings" hedefi buna bağımlı):
   1:5>"ForgeFlow.Artifact.Api.csproj" projesinde "_GetRestoreSettingsCurrentProject" hedefini oluşturma tamamlandı.
       Yanlış koşul nedeniyle "_GetRestoreSettingsAllFrameworks" hedefi atlandı; ( '$(TargetFrameworks)' != '' AND '$(PackageReferenceCompatibleProjectStyle)' == 'true' ), ( '' != '' AND 'True' == 'true' ) olarak değerlendirildi.
   1:5>"C:\Users\alihe\OneDrive\Masaüstü\ForgeFlow Project\services\artifact\ForgeFlow.Artifact.Api\ForgeFlow.Artifact.Api.csproj" projesinin "C:\Program Files\dotnet\sdk\9.0.307\NuGet.targets" dosyasındaki "_GetRestoreSettings" hedefi ("_GenerateDotnetCliToolReferenceSpecs" hedefi buna bağımlı):
       "C:\Program Files\dotnet\sdk\9.0.307\NuGet.Build.Tasks.dll" derlemesindeki "GetRestoreSettingsTask" görevi kullanılıyor.
       "GetRestoreSettingsTask" görevi
       "GetRestoreSettingsTask" görevini yürütme tamamlandı.
   1:5>"ForgeFlow.Artifact.Api.csproj" projesinde "_GetRestoreSettings" hedefini oluşturma tamamlandı.
   1:5>"C:\Users\alihe\OneDrive\Masaüstü\ForgeFlow Project\services\artifact\ForgeFlow.Artifact.Api\ForgeFlow.Artifact.Api.csproj" projesinin "C:\Program Files\dotnet\sdk\9.0.307\NuGet.targets" dosyasındaki "_GenerateDotnetCliToolReferenceSpecs" hedefi ("_GenerateRestoreGraphProjectEntry" hedefi buna bağımlı):
       "C:\Program Files\dotnet\sdk\9.0.307\NuGet.Build.Tasks.dll" derlemesindeki "GetRestoreDotnetCliToolsTask" görevi kullanılıyor.
       "GetRestoreDotnetCliToolsTask" görevi
       "GetRestoreDotnetCliToolsTask" görevini yürütme tamamlandı.
   1:5>"ForgeFlow.Artifact.Api.csproj" projesinde "_GenerateDotnetCliToolReferenceSpecs" hedefini oluşturma tamamlandı.
   1:5>"C:\Users\alihe\OneDrive\Masaüstü\ForgeFlow Project\services\artifact\ForgeFlow.Artifact.Api\ForgeFlow.Artifact.Api.csproj" projesinin "C:\Program Files\dotnet\sdk\9.0.307\NuGet.targets" dosyasındaki "_GenerateRestoreGraphProjectEntry" hedefi (giriş noktası):
   1:5>"ForgeFlow.Artifact.Api.csproj" projesinde "_GenerateRestoreGraphProjectEntry" hedefini oluşturma tamamlandı.
   1:5>"C:\Users\alihe\OneDrive\Masaüstü\ForgeFlow Project\services\artifact\ForgeFlow.Artifact.Api\ForgeFlow.Artifact.Api.csproj" Projesini Oluşturma İşlemi Tamamlandı (_GenerateRestoreGraphProjectEntry hedef).
     1>"MSBuild" görevini yürütme tamamlandı.
       "MSBuild" görevi
         Genel Özellikler:
           ExcludeRestorePackageImports=true
     1>"C:\Users\alihe\OneDrive\Masaüstü\ForgeFlow Project\services\artifact\ForgeFlow.Artifact.Api\ForgeFlow.Artifact.Api.csproj" projesi (1) 1 düğümünde "C:\Users\alihe\OneDrive\Masaüstü\ForgeFlow Project\contracts\ForgeFlow.Contracts\ForgeFlow.Contracts.csproj" (2:4) oluşturuyor (_GenerateProjectRestoreGraph hedef).
   2:4>"_GetRestoreProjectStyle" hedefi atlandı. Önceden başarılı bir şekilde derlenmişti.
       "_GetRestoreProjectStyle" hedefi atlandı. Önceden başarılı bir şekilde derlenmişti.
       "_GetRestoreProjectStyle" hedefi atlandı. Önceden başarılı bir şekilde derlenmişti.
   2:4>"C:\Users\alihe\OneDrive\Masaüstü\ForgeFlow Project\contracts\ForgeFlow.Contracts\ForgeFlow.Contracts.csproj" projesinin "C:\Program Files\dotnet\sdk\9.0.307\NuGet.targets" dosyasındaki "_GetRestoreTargetFrameworkOverride" hedefi ("_GetRestoreTargetFrameworksOutput" hedefi buna bağımlı):
       Yanlış koşul nedeniyle "GetGlobalPropertyValueTask" görevi atlandı; ( '$(TargetFrameworks)' != '' ), ( '' != '' ) olarak değerlendirildi.
   2:4>"ForgeFlow.Contracts.csproj" projesinde "_GetRestoreTargetFrameworkOverride" hedefini oluşturma tamamlandı.
     1>"C:\Users\alihe\OneDrive\Masaüstü\ForgeFlow Project\services\artifact\ForgeFlow.Artifact.Api\ForgeFlow.Artifact.Api.csproj" projesi (1) 3 düğümünde "C:\Users\alihe\OneDrive\Masaüstü\ForgeFlow Project\services\artifact\ForgeFlow.Artifact.Application\ForgeFlow.Artifact.Application.csproj" (3:5) oluşturuyor (_GenerateProjectRestoreGraph hedef).
   3:5>"_GetRestoreProjectStyle" hedefi atlandı. Önceden başarılı bir şekilde derlenmişti.
       "_GetRestoreProjectStyle" hedefi atlandı. Önceden başarılı bir şekilde derlenmişti.
       "_GetRestoreProjectStyle" hedefi atlandı. Önceden başarılı bir şekilde derlenmişti.
     1>"C:\Users\alihe\OneDrive\Masaüstü\ForgeFlow Project\services\artifact\ForgeFlow.Artifact.Api\ForgeFlow.Artifact.Api.csproj" projesi (1) 2 düğümünde "C:\Users\alihe\OneDrive\Masaüstü\ForgeFlow Project\services\artifact\ForgeFlow.Artifact.Infrastructure\ForgeFlow.Artifact.Infrastructure.csproj" (4:4) oluşturuyor (_GenerateProjectRestoreGraph hedef).
   4:4>"_GetRestoreProjectStyle" hedefi atlandı. Önceden başarılı bir şekilde derlenmişti.
       "_GetRestoreProjectStyle" hedefi atlandı. Önceden başarılı bir şekilde derlenmişti.
       "_GetRestoreProjectStyle" hedefi atlandı. Önceden başarılı bir şekilde derlenmişti.
   2:4>"C:\Users\alihe\OneDrive\Masaüstü\ForgeFlow Project\contracts\ForgeFlow.Contracts\ForgeFlow.Contracts.csproj" projesinin "C:\Program Files\dotnet\sdk\9.0.307\NuGet.targets" dosyasındaki "_GetRestoreTargetFrameworksOutput" hedefi ("_GenerateRestoreProjectSpec" hedefi buna bağımlı):
   2:4>"C:\Program Files\dotnet\sdk\9.0.307\NuGet.Build.Tasks.dll" derlemesindeki "GetProjectTargetFrameworksTask" görevi kullanılıyor.
       "GetProjectTargetFrameworksTask" görevi
   3:5>"C:\Users\alihe\OneDrive\Masaüstü\ForgeFlow Project\services\artifact\ForgeFlow.Artifact.Application\ForgeFlow.Artifact.Application.csproj" projesinin "C:\Program Files\dotnet\sdk\9.0.307\NuGet.targets" dosyasındaki "_GetRestoreTargetFrameworkOverride" hedefi ("_GetRestoreTargetFrameworksOutput" hedefi buna bağımlı):
   3:5>Yanlış koşul nedeniyle "GetGlobalPropertyValueTask" görevi atlandı; ( '$(TargetFrameworks)' != '' ), ( '' != '' ) olarak değerlendirildi.
   4:4>"C:\Users\alihe\OneDrive\Masaüstü\ForgeFlow Project\services\artifact\ForgeFlow.Artifact.Infrastructure\ForgeFlow.Artifact.Infrastructure.csproj" projesinin "C:\Program Files\dotnet\sdk\9.0.307\NuGet.targets" dosyasındaki "_GetRestoreTargetFrameworkOverride" hedefi ("_GetRestoreTargetFrameworksOutput" hedefi buna bağımlı):
   4:4>Yanlış koşul nedeniyle "GetGlobalPropertyValueTask" görevi atlandı; ( '$(TargetFrameworks)' != '' ), ( '' != '' ) olarak değerlendirildi.
   3:5>"ForgeFlow.Artifact.Application.csproj" projesinde "_GetRestoreTargetFrameworkOverride" hedefini oluşturma tamamlandı.
   4:4>"ForgeFlow.Artifact.Infrastructure.csproj" projesinde "_GetRestoreTargetFrameworkOverride" hedefini oluşturma tamamlandı.
   4:4>"C:\Users\alihe\OneDrive\Masaüstü\ForgeFlow Project\services\artifact\ForgeFlow.Artifact.Infrastructure\ForgeFlow.Artifact.Infrastructure.csproj" projesinin "C:\Program Files\dotnet\sdk\9.0.307\NuGet.targets" dosyasındaki "_GetRestoreTargetFrameworksOutput" hedefi ("_GenerateRestoreProjectSpec" hedefi buna bağımlı):
       "C:\Program Files\dotnet\sdk\9.0.307\NuGet.Build.Tasks.dll" derlemesindeki "GetProjectTargetFrameworksTask" görevi kullanılıyor.
   3:5>"C:\Users\alihe\OneDrive\Masaüstü\ForgeFlow Project\services\artifact\ForgeFlow.Artifact.Application\ForgeFlow.Artifact.Application.csproj" projesinin "C:\Program Files\dotnet\sdk\9.0.307\NuGet.targets" dosyasındaki "_GetRestoreTargetFrameworksOutput" hedefi ("_GenerateRestoreProjectSpec" hedefi buna bağımlı):
   3:5>"C:\Program Files\dotnet\sdk\9.0.307\NuGet.Build.Tasks.dll" derlemesindeki "GetProjectTargetFrameworksTask" görevi kullanılıyor.
       "GetProjectTargetFrameworksTask" görevi
   4:4>"GetProjectTargetFrameworksTask" görevi
   3:5>"GetProjectTargetFrameworksTask" görevini yürütme tamamlandı.
   4:4>"GetProjectTargetFrameworksTask" görevini yürütme tamamlandı.
   3:5>"ForgeFlow.Artifact.Application.csproj" projesinde "_GetRestoreTargetFrameworksOutput" hedefini oluşturma tamamlandı.
   4:4>"ForgeFlow.Artifact.Infrastructure.csproj" projesinde "_GetRestoreTargetFrameworksOutput" hedefini oluşturma tamamlandı.
   3:5>"_GetRestoreSettings" hedefi atlandı. Önceden başarılı bir şekilde derlenmişti.
   4:4>"_GetRestoreSettings" hedefi atlandı. Önceden başarılı bir şekilde derlenmişti.
   3:5>"C:\Users\alihe\OneDrive\Masaüstü\ForgeFlow Project\services\artifact\ForgeFlow.Artifact.Application\ForgeFlow.Artifact.Application.csproj" projesinin "C:\Program Files\dotnet\sdk\9.0.307\NuGet.targets" dosyasındaki "_GenerateRestoreProjectSpec" hedefi ("_GenerateProjectRestoreGraph" hedefi buna bağımlı):
   3:5>"ConvertToAbsolutePath" görevi
       "ConvertToAbsolutePath" görevini yürütme tamamlandı.
   2:4>"GetProjectTargetFrameworksTask" görevini yürütme tamamlandı.
   3:5>"ForgeFlow.Artifact.Application.csproj" projesinde "_GenerateRestoreProjectSpec" hedefini oluşturma tamamlandı.
       Yanlış koşul nedeniyle "_GenerateProjectRestoreGraphAllFrameworks" hedefi atlandı; ( '$(TargetFrameworks)' != '' ), ( '' != '' ) olarak değerlendirildi.
       "_GetRestoreProjectStyle" hedefi atlandı. Önceden başarılı bir şekilde derlenmişti.
       "CollectPackageReferences" hedefi atlandı. Önceden başarılı bir şekilde derlenmişti.
   2:4>"ForgeFlow.Contracts.csproj" projesinde "_GetRestoreTargetFrameworksOutput" hedefini oluşturma tamamlandı.
       "_GetRestoreSettings" hedefi atlandı. Önceden başarılı bir şekilde derlenmişti.
   4:4>"C:\Users\alihe\OneDrive\Masaüstü\ForgeFlow Project\services\artifact\ForgeFlow.Artifact.Infrastructure\ForgeFlow.Artifact.Infrastructure.csproj" projesinin "C:\Program Files\dotnet\sdk\9.0.307\NuGet.targets" dosyasındaki "_GenerateRestoreProjectSpec" hedefi ("_GenerateProjectRestoreGraph" hedefi buna bağımlı):
   4:4>"ConvertToAbsolutePath" görevi
       "ConvertToAbsolutePath" görevini yürütme tamamlandı.
   2:4>"C:\Users\alihe\OneDrive\Masaüstü\ForgeFlow Project\contracts\ForgeFlow.Contracts\ForgeFlow.Contracts.csproj" projesinin "C:\Program Files\dotnet\sdk\9.0.307\NuGet.targets" dosyasındaki "_GenerateRestoreProjectSpec" hedefi ("_GenerateProjectRestoreGraph" hedefi buna bağımlı):
   2:4>"ConvertToAbsolutePath" görevi
   3:5>"C:\Users\alihe\OneDrive\Masaüstü\ForgeFlow Project\services\artifact\ForgeFlow.Artifact.Application\ForgeFlow.Artifact.Application.csproj" projesinin "C:\Program Files\dotnet\sdk\9.0.307\NuGet.targets" dosyasındaki "CollectPackageDownloads" hedefi ("_CollectRestoreInputs" hedefi buna bağımlı):
   3:5>"CheckForDuplicateNuGetItemsTask" görevi
   4:4>"ForgeFlow.Artifact.Infrastructure.csproj" projesinde "_GenerateRestoreProjectSpec" hedefini oluşturma tamamlandı.
   2:4>"ConvertToAbsolutePath" görevini yürütme tamamlandı.
   4:4>Yanlış koşul nedeniyle "_GenerateProjectRestoreGraphAllFrameworks" hedefi atlandı; ( '$(TargetFrameworks)' != '' ), ( '' != '' ) olarak değerlendirildi.
       "_GetRestoreProjectStyle" hedefi atlandı. Önceden başarılı bir şekilde derlenmişti.
       "CollectPackageReferences" hedefi atlandı. Önceden başarılı bir şekilde derlenmişti.
   3:5>"CheckForDuplicateNuGetItemsTask" görevini yürütme tamamlandı.
   2:4>"ForgeFlow.Contracts.csproj" projesinde "_GenerateRestoreProjectSpec" hedefini oluşturma tamamlandı.
   3:5>"ForgeFlow.Artifact.Application.csproj" projesinde "CollectPackageDownloads" hedefini oluşturma tamamlandı.
   4:4>"C:\Users\alihe\OneDrive\Masaüstü\ForgeFlow Project\services\artifact\ForgeFlow.Artifact.Infrastructure\ForgeFlow.Artifact.Infrastructure.csproj" projesinin "C:\Program Files\dotnet\sdk\9.0.307\NuGet.targets" dosyasındaki "CollectPackageDownloads" hedefi ("_CollectRestoreInputs" hedefi buna bağımlı):
   4:4>"CheckForDuplicateNuGetItemsTask" görevi
   2:4>Yanlış koşul nedeniyle "_GenerateProjectRestoreGraphAllFrameworks" hedefi atlandı; ( '$(TargetFrameworks)' != '' ), ( '' != '' ) olarak değerlendirildi.
       "_GetRestoreProjectStyle" hedefi atlandı. Önceden başarılı bir şekilde derlenmişti.
   4:4>"CheckForDuplicateNuGetItemsTask" görevini yürütme tamamlandı.
   2:4>"CollectPackageReferences" hedefi atlandı. Önceden başarılı bir şekilde derlenmişti.
   2:4>"C:\Users\alihe\OneDrive\Masaüstü\ForgeFlow Project\contracts\ForgeFlow.Contracts\ForgeFlow.Contracts.csproj" projesinin "C:\Program Files\dotnet\sdk\9.0.307\NuGet.targets" dosyasındaki "CollectPackageDownloads" hedefi ("_CollectRestoreInputs" hedefi buna bağımlı):
       "CheckForDuplicateNuGetItemsTask" görevi
   3:5>"C:\Users\alihe\OneDrive\Masaüstü\ForgeFlow Project\services\artifact\ForgeFlow.Artifact.Application\ForgeFlow.Artifact.Application.csproj" projesinin "C:\Program Files\dotnet\sdk\9.0.307\NuGet.targets" dosyasındaki "CollectFrameworkReferences" hedefi ("_CollectRestoreInputs" hedefi buna bağımlı):
   3:5>"ForgeFlow.Artifact.Application.csproj" projesinde "CollectFrameworkReferences" hedefini oluşturma tamamlandı.
   4:4>"ForgeFlow.Artifact.Infrastructure.csproj" projesinde "CollectPackageDownloads" hedefini oluşturma tamamlandı.
   3:5>"C:\Users\alihe\OneDrive\Masaüstü\ForgeFlow Project\services\artifact\ForgeFlow.Artifact.Application\ForgeFlow.Artifact.Application.csproj" projesinin "C:\Program Files\dotnet\sdk\9.0.307\NuGet.targets" dosyasındaki "CollectCentralPackageVersions" hedefi ("_CollectRestoreInputs" hedefi buna bağımlı):
   3:5>"CheckForDuplicateNuGetItemsTask" görevi
   4:4>"C:\Users\alihe\OneDrive\Masaüstü\ForgeFlow Project\services\artifact\ForgeFlow.Artifact.Infrastructure\ForgeFlow.Artifact.Infrastructure.csproj" projesinin "C:\Program Files\dotnet\sdk\9.0.307\NuGet.targets" dosyasındaki "CollectFrameworkReferences" hedefi ("_CollectRestoreInputs" hedefi buna bağımlı):
   4:4>"ForgeFlow.Artifact.Infrastructure.csproj" projesinde "CollectFrameworkReferences" hedefini oluşturma tamamlandı.
   4:4>"C:\Users\alihe\OneDrive\Masaüstü\ForgeFlow Project\services\artifact\ForgeFlow.Artifact.Infrastructure\ForgeFlow.Artifact.Infrastructure.csproj" projesinin "C:\Program Files\dotnet\sdk\9.0.307\NuGet.targets" dosyasındaki "CollectCentralPackageVersions" hedefi ("_CollectRestoreInputs" hedefi buna bağımlı):
       "CheckForDuplicateNuGetItemsTask" görevi
       "CheckForDuplicateNuGetItemsTask" görevini yürütme tamamlandı.
   3:5>"CheckForDuplicateNuGetItemsTask" görevini yürütme tamamlandı.
   4:4>"ForgeFlow.Artifact.Infrastructure.csproj" projesinde "CollectCentralPackageVersions" hedefini oluşturma tamamlandı.
   3:5>"ForgeFlow.Artifact.Application.csproj" projesinde "CollectCentralPackageVersions" hedefini oluşturma tamamlandı.
   2:4>"CheckForDuplicateNuGetItemsTask" görevini yürütme tamamlandı.
   2:4>"ForgeFlow.Contracts.csproj" projesinde "CollectPackageDownloads" hedefini oluşturma tamamlandı.
   4:4>"C:\Users\alihe\OneDrive\Masaüstü\ForgeFlow Project\services\artifact\ForgeFlow.Artifact.Infrastructure\ForgeFlow.Artifact.Infrastructure.csproj" projesinin "C:\Program Files\dotnet\sdk\9.0.307\NuGet.targets" dosyasındaki "CollectNuGetAuditSuppressions" hedefi ("_CollectRestoreInputs" hedefi buna bağımlı):
   4:4>"CheckForDuplicateNuGetItemsTask" görevi
   2:4>"C:\Users\alihe\OneDrive\Masaüstü\ForgeFlow Project\contracts\ForgeFlow.Contracts\ForgeFlow.Contracts.csproj" projesinin "C:\Program Files\dotnet\sdk\9.0.307\NuGet.targets" dosyasındaki "CollectFrameworkReferences" hedefi ("_CollectRestoreInputs" hedefi buna bağımlı):
   2:4>"ForgeFlow.Contracts.csproj" projesinde "CollectFrameworkReferences" hedefini oluşturma tamamlandı.
   4:4>"CheckForDuplicateNuGetItemsTask" görevini yürütme tamamlandı.
   3:5>"C:\Users\alihe\OneDrive\Masaüstü\ForgeFlow Project\services\artifact\ForgeFlow.Artifact.Application\ForgeFlow.Artifact.Application.csproj" projesinin "C:\Program Files\dotnet\sdk\9.0.307\NuGet.targets" dosyasındaki "CollectNuGetAuditSuppressions" hedefi ("_CollectRestoreInputs" hedefi buna bağımlı):
   3:5>"CheckForDuplicateNuGetItemsTask" görevi
   2:4>"C:\Users\alihe\OneDrive\Masaüstü\ForgeFlow Project\contracts\ForgeFlow.Contracts\ForgeFlow.Contracts.csproj" projesinin "C:\Program Files\dotnet\sdk\9.0.307\NuGet.targets" dosyasındaki "CollectCentralPackageVersions" hedefi ("_CollectRestoreInputs" hedefi buna bağımlı):
   2:4>"CheckForDuplicateNuGetItemsTask" görevi
   3:5>"CheckForDuplicateNuGetItemsTask" görevini yürütme tamamlandı.
   4:4>"ForgeFlow.Artifact.Infrastructure.csproj" projesinde "CollectNuGetAuditSuppressions" hedefini oluşturma tamamlandı.
   2:4>"CheckForDuplicateNuGetItemsTask" görevini yürütme tamamlandı.
   3:5>"ForgeFlow.Artifact.Application.csproj" projesinde "CollectNuGetAuditSuppressions" hedefini oluşturma tamamlandı.
       Yanlış koşul nedeniyle "AddPrunePackageReferences" hedefi atlandı; ('$(RestoreEnablePackagePruning)' == 'true'), ('false' == 'true') olarak değerlendirildi.
   2:4>"ForgeFlow.Contracts.csproj" projesinde "CollectCentralPackageVersions" hedefini oluşturma tamamlandı.
   4:4>Yanlış koşul nedeniyle "AddPrunePackageReferences" hedefi atlandı; ('$(RestoreEnablePackagePruning)' == 'true'), ('false' == 'true') olarak değerlendirildi.
   2:4>"C:\Users\alihe\OneDrive\Masaüstü\ForgeFlow Project\contracts\ForgeFlow.Contracts\ForgeFlow.Contracts.csproj" projesinin "C:\Program Files\dotnet\sdk\9.0.307\NuGet.targets" dosyasındaki "CollectNuGetAuditSuppressions" hedefi ("_CollectRestoreInputs" hedefi buna bağımlı):
   2:4>"CheckForDuplicateNuGetItemsTask" görevi
       "CheckForDuplicateNuGetItemsTask" görevini yürütme tamamlandı.
   4:4>"C:\Users\alihe\OneDrive\Masaüstü\ForgeFlow Project\services\artifact\ForgeFlow.Artifact.Infrastructure\ForgeFlow.Artifact.Infrastructure.csproj" projesinin "C:\Program Files\dotnet\sdk\9.0.307\NuGet.targets" dosyasındaki "CollectPrunePackageReferences" hedefi ("_CollectRestoreInputs" hedefi buna bağımlı):
   4:4>"CheckForDuplicateNuGetItemsTask" görevi
   3:5>"C:\Users\alihe\OneDrive\Masaüstü\ForgeFlow Project\services\artifact\ForgeFlow.Artifact.Application\ForgeFlow.Artifact.Application.csproj" projesinin "C:\Program Files\dotnet\sdk\9.0.307\NuGet.targets" dosyasındaki "CollectPrunePackageReferences" hedefi ("_CollectRestoreInputs" hedefi buna bağımlı):
   3:5>"CheckForDuplicateNuGetItemsTask" görevi
   2:4>"ForgeFlow.Contracts.csproj" projesinde "CollectNuGetAuditSuppressions" hedefini oluşturma tamamlandı.
   4:4>"CheckForDuplicateNuGetItemsTask" görevini yürütme tamamlandı.
   2:4>Yanlış koşul nedeniyle "AddPrunePackageReferences" hedefi atlandı; ('$(RestoreEnablePackagePruning)' == 'true'), ('false' == 'true') olarak değerlendirildi.
   3:5>"CheckForDuplicateNuGetItemsTask" görevini yürütme tamamlandı.
   2:4>"C:\Users\alihe\OneDrive\Masaüstü\ForgeFlow Project\contracts\ForgeFlow.Contracts\ForgeFlow.Contracts.csproj" projesinin "C:\Program Files\dotnet\sdk\9.0.307\NuGet.targets" dosyasındaki "CollectPrunePackageReferences" hedefi ("_CollectRestoreInputs" hedefi buna bağımlı):
   2:4>"CheckForDuplicateNuGetItemsTask" görevi
   4:4>"ForgeFlow.Artifact.Infrastructure.csproj" projesinde "CollectPrunePackageReferences" hedefini oluşturma tamamlandı.
   3:5>"ForgeFlow.Artifact.Application.csproj" projesinde "CollectPrunePackageReferences" hedefini oluşturma tamamlandı.
   2:4>"CheckForDuplicateNuGetItemsTask" görevini yürütme tamamlandı.
   2:4>"ForgeFlow.Contracts.csproj" projesinde "CollectPrunePackageReferences" hedefini oluşturma tamamlandı.
   2:4>"C:\Users\alihe\OneDrive\Masaüstü\ForgeFlow Project\contracts\ForgeFlow.Contracts\ForgeFlow.Contracts.csproj" projesinin "C:\Program Files\dotnet\sdk\9.0.307\NuGet.targets" dosyasındaki "_CollectRestoreInputs" hedefi ("_GenerateProjectRestoreGraphPerFramework" hedefi buna bağımlı):
   2:4>"ForgeFlow.Contracts.csproj" projesinde "_CollectRestoreInputs" hedefini oluşturma tamamlandı.
       Yanlış koşul nedeniyle "PrepRestoreForStoreProjects" hedefi atlandı; ('$(StorePackageName)' != ''), ('' != '') olarak değerlendirildi.
   4:4>"C:\Users\alihe\OneDrive\Masaüstü\ForgeFlow Project\services\artifact\ForgeFlow.Artifact.Infrastructure\ForgeFlow.Artifact.Infrastructure.csproj" projesinin "C:\Program Files\dotnet\sdk\9.0.307\NuGet.targets" dosyasındaki "_CollectRestoreInputs" hedefi ("_GenerateProjectRestoreGraphPerFramework" hedefi buna bağımlı):
   4:4>"ForgeFlow.Artifact.Infrastructure.csproj" projesinde "_CollectRestoreInputs" hedefini oluşturma tamamlandı.
       Yanlış koşul nedeniyle "PrepRestoreForStoreProjects" hedefi atlandı; ('$(StorePackageName)' != ''), ('' != '') olarak değerlendirildi.
   3:5>"C:\Users\alihe\OneDrive\Masaüstü\ForgeFlow Project\services\artifact\ForgeFlow.Artifact.Application\ForgeFlow.Artifact.Application.csproj" projesinin "C:\Program Files\dotnet\sdk\9.0.307\NuGet.targets" dosyasındaki "_CollectRestoreInputs" hedefi ("_GenerateProjectRestoreGraphPerFramework" hedefi buna bağımlı):
   3:5>"ForgeFlow.Artifact.Application.csproj" projesinde "_CollectRestoreInputs" hedefini oluşturma tamamlandı.
       Yanlış koşul nedeniyle "PrepRestoreForStoreProjects" hedefi atlandı; ('$(StorePackageName)' != ''), ('' != '') olarak değerlendirildi.
   4:4>"C:\Users\alihe\OneDrive\Masaüstü\ForgeFlow Project\services\artifact\ForgeFlow.Artifact.Infrastructure\ForgeFlow.Artifact.Infrastructure.csproj" projesinin "C:\Program Files\dotnet\sdk\9.0.307\NuGet.targets" dosyasındaki "_GenerateProjectRestoreGraphPerFramework" hedefi ("_GenerateProjectRestoreGraphCurrentProject" hedefi buna bağımlı):
   4:4>"C:\Program Files\dotnet\sdk\9.0.307\NuGet.Build.Tasks.dll" derlemesindeki "GetRestoreProjectReferencesTask" görevi kullanılıyor.
   2:4>"C:\Users\alihe\OneDrive\Masaüstü\ForgeFlow Project\contracts\ForgeFlow.Contracts\ForgeFlow.Contracts.csproj" projesinin "C:\Program Files\dotnet\sdk\9.0.307\NuGet.targets" dosyasındaki "_GenerateProjectRestoreGraphPerFramework" hedefi ("_GenerateProjectRestoreGraphCurrentProject" hedefi buna bağımlı):
   2:4>"C:\Program Files\dotnet\sdk\9.0.307\NuGet.Build.Tasks.dll" derlemesindeki "GetRestoreProjectReferencesTask" görevi kullanılıyor.
       "GetRestoreProjectReferencesTask" görevi
   4:4>"GetRestoreProjectReferencesTask" görevi
       "GetRestoreProjectReferencesTask" görevini yürütme tamamlandı.
   3:5>"C:\Users\alihe\OneDrive\Masaüstü\ForgeFlow Project\services\artifact\ForgeFlow.Artifact.Application\ForgeFlow.Artifact.Application.csproj" projesinin "C:\Program Files\dotnet\sdk\9.0.307\NuGet.targets" dosyasındaki "_GenerateProjectRestoreGraphPerFramework" hedefi ("_GenerateProjectRestoreGraphCurrentProject" hedefi buna bağımlı):
   3:5>"C:\Program Files\dotnet\sdk\9.0.307\NuGet.Build.Tasks.dll" derlemesindeki "GetRestoreProjectReferencesTask" görevi kullanılıyor.
   4:4>_GenerateProjectRestoreGraphPerFramework:
       "C:\Program Files\dotnet\sdk\9.0.307\NuGet.Build.Tasks.dll" derlemesindeki "GetRestorePackageReferencesTask" görevi kullanılıyor.
   3:5>"GetRestoreProjectReferencesTask" görevi
       "GetRestoreProjectReferencesTask" görevini yürütme tamamlandı.
   4:4>"GetRestorePackageReferencesTask" görevi
   2:4>"GetRestoreProjectReferencesTask" görevini yürütme tamamlandı.
   4:4>"GetRestorePackageReferencesTask" görevini yürütme tamamlandı.
   3:5>_GenerateProjectRestoreGraphPerFramework:
       "C:\Program Files\dotnet\sdk\9.0.307\NuGet.Build.Tasks.dll" derlemesindeki "GetRestorePackageReferencesTask" görevi kullanılıyor.
   4:4>_GenerateProjectRestoreGraphPerFramework:
       Yanlış koşul nedeniyle "GetCentralPackageVersionsTask" görevi atlandı; ( '$(PackageReferenceCompatibleProjectStyle)' == 'true' AND '$(_CentralPackageVersionsEnabled)' == 'true' ), ( 'True' == 'true' AND '' == 'true' ) olarak değerlendirildi.
   3:5>"GetRestorePackageReferencesTask" görevi
       "GetRestorePackageReferencesTask" görevini yürütme tamamlandı.
   4:4>_GenerateProjectRestoreGraphPerFramework:
       "C:\Program Files\dotnet\sdk\9.0.307\NuGet.Build.Tasks.dll" derlemesindeki "GetRestorePackageDownloadsTask" görevi kullanılıyor.
   3:5>_GenerateProjectRestoreGraphPerFramework:
       Yanlış koşul nedeniyle "GetCentralPackageVersionsTask" görevi atlandı; ( '$(PackageReferenceCompatibleProjectStyle)' == 'true' AND '$(_CentralPackageVersionsEnabled)' == 'true' ), ( 'True' == 'true' AND '' == 'true' ) olarak değerlendirildi.
   2:4>_GenerateProjectRestoreGraphPerFramework:
       "C:\Program Files\dotnet\sdk\9.0.307\NuGet.Build.Tasks.dll" derlemesindeki "GetRestorePackageReferencesTask" görevi kullanılıyor.
       "GetRestorePackageReferencesTask" görevi
   4:4>"GetRestorePackageDownloadsTask" görevi
   3:5>_GenerateProjectRestoreGraphPerFramework:
       "C:\Program Files\dotnet\sdk\9.0.307\NuGet.Build.Tasks.dll" derlemesindeki "GetRestorePackageDownloadsTask" görevi kullanılıyor.
   4:4>"GetRestorePackageDownloadsTask" görevini yürütme tamamlandı.
       "C:\Program Files\dotnet\sdk\9.0.307\NuGet.Build.Tasks.dll" derlemesindeki "GetRestoreFrameworkReferencesTask" görevi kullanılıyor.
   3:5>"GetRestorePackageDownloadsTask" görevi
   2:4>"GetRestorePackageReferencesTask" görevini yürütme tamamlandı.
   3:5>"GetRestorePackageDownloadsTask" görevini yürütme tamamlandı.
   4:4>"GetRestoreFrameworkReferencesTask" görevi
   2:4>_GenerateProjectRestoreGraphPerFramework:
       Yanlış koşul nedeniyle "GetCentralPackageVersionsTask" görevi atlandı; ( '$(PackageReferenceCompatibleProjectStyle)' == 'true' AND '$(_CentralPackageVersionsEnabled)' == 'true' ), ( 'True' == 'true' AND '' == 'true' ) olarak değerlendirildi.
   3:5>_GenerateProjectRestoreGraphPerFramework:
       "C:\Program Files\dotnet\sdk\9.0.307\NuGet.Build.Tasks.dll" derlemesindeki "GetRestoreFrameworkReferencesTask" görevi kullanılıyor.
   4:4>"GetRestoreFrameworkReferencesTask" görevini yürütme tamamlandı.
       "C:\Program Files\dotnet\sdk\9.0.307\NuGet.Build.Tasks.dll" derlemesindeki "GetRestoreNuGetAuditSuppressionsTask" görevi kullanılıyor.
   3:5>"GetRestoreFrameworkReferencesTask" görevi
       "GetRestoreFrameworkReferencesTask" görevini yürütme tamamlandı.
   2:4>_GenerateProjectRestoreGraphPerFramework:
       "C:\Program Files\dotnet\sdk\9.0.307\NuGet.Build.Tasks.dll" derlemesindeki "GetRestorePackageDownloadsTask" görevi kullanılıyor.
   3:5>_GenerateProjectRestoreGraphPerFramework:
       "C:\Program Files\dotnet\sdk\9.0.307\NuGet.Build.Tasks.dll" derlemesindeki "GetRestoreNuGetAuditSuppressionsTask" görevi kullanılıyor.
   2:4>"GetRestorePackageDownloadsTask" görevi
   4:4>"GetRestoreNuGetAuditSuppressionsTask" görevi
       "GetRestoreNuGetAuditSuppressionsTask" görevini yürütme tamamlandı.
   3:5>"GetRestoreNuGetAuditSuppressionsTask" görevi
   4:4>_GenerateProjectRestoreGraphPerFramework:
       "C:\Program Files\dotnet\sdk\9.0.307\NuGet.Build.Tasks.dll" derlemesindeki "GetRestorePrunePackageReferencesTask" görevi kullanılıyor.
   2:4>"GetRestorePackageDownloadsTask" görevini yürütme tamamlandı.
   3:5>"GetRestoreNuGetAuditSuppressionsTask" görevini yürütme tamamlandı.
       "C:\Program Files\dotnet\sdk\9.0.307\NuGet.Build.Tasks.dll" derlemesindeki "GetRestorePrunePackageReferencesTask" görevi kullanılıyor.
   4:4>"GetRestorePrunePackageReferencesTask" görevi
       "GetRestorePrunePackageReferencesTask" görevini yürütme tamamlandı.
   3:5>"GetRestorePrunePackageReferencesTask" görevi
   2:4>_GenerateProjectRestoreGraphPerFramework:
       "C:\Program Files\dotnet\sdk\9.0.307\NuGet.Build.Tasks.dll" derlemesindeki "GetRestoreFrameworkReferencesTask" görevi kullanılıyor.
       "GetRestoreFrameworkReferencesTask" görevi
   4:4>"ForgeFlow.Artifact.Infrastructure.csproj" projesinde "_GenerateProjectRestoreGraphPerFramework" hedefini oluşturma tamamlandı.
   3:5>"GetRestorePrunePackageReferencesTask" görevini yürütme tamamlandı.
   3:5>"ForgeFlow.Artifact.Application.csproj" projesinde "_GenerateProjectRestoreGraphPerFramework" hedefini oluşturma tamamlandı.
   2:4>"GetRestoreFrameworkReferencesTask" görevini yürütme tamamlandı.
   4:4>"C:\Users\alihe\OneDrive\Masaüstü\ForgeFlow Project\services\artifact\ForgeFlow.Artifact.Infrastructure\ForgeFlow.Artifact.Infrastructure.csproj" projesinin "C:\Program Files\dotnet\sdk\9.0.307\NuGet.targets" dosyasındaki "_GenerateProjectRestoreGraphCurrentProject" hedefi ("_GenerateRestoreDependencies" hedefi buna bağımlı):
   4:4>"ForgeFlow.Artifact.Infrastructure.csproj" projesinde "_GenerateProjectRestoreGraphCurrentProject" hedefini oluşturma tamamlandı.
   2:4>_GenerateProjectRestoreGraphPerFramework:
       "C:\Program Files\dotnet\sdk\9.0.307\NuGet.Build.Tasks.dll" derlemesindeki "GetRestoreNuGetAuditSuppressionsTask" görevi kullanılıyor.
       "GetRestoreNuGetAuditSuppressionsTask" görevi
   3:5>"C:\Users\alihe\OneDrive\Masaüstü\ForgeFlow Project\services\artifact\ForgeFlow.Artifact.Application\ForgeFlow.Artifact.Application.csproj" projesinin "C:\Program Files\dotnet\sdk\9.0.307\NuGet.targets" dosyasındaki "_GenerateProjectRestoreGraphCurrentProject" hedefi ("_GenerateRestoreDependencies" hedefi buna bağımlı):
   3:5>"ForgeFlow.Artifact.Application.csproj" projesinde "_GenerateProjectRestoreGraphCurrentProject" hedefini oluşturma tamamlandı.
   2:4>"GetRestoreNuGetAuditSuppressionsTask" görevini yürütme tamamlandı.
   4:4>"C:\Users\alihe\OneDrive\Masaüstü\ForgeFlow Project\services\artifact\ForgeFlow.Artifact.Infrastructure\ForgeFlow.Artifact.Infrastructure.csproj" projesinin "C:\Program Files\dotnet\sdk\9.0.307\NuGet.targets" dosyasındaki "_GenerateRestoreDependencies" hedefi ("_GenerateProjectRestoreGraph" hedefi buna bağımlı):
   4:4>"ForgeFlow.Artifact.Infrastructure.csproj" projesinde "_GenerateRestoreDependencies" hedefini oluşturma tamamlandı.
   3:5>"C:\Users\alihe\OneDrive\Masaüstü\ForgeFlow Project\services\artifact\ForgeFlow.Artifact.Application\ForgeFlow.Artifact.Application.csproj" projesinin "C:\Program Files\dotnet\sdk\9.0.307\NuGet.targets" dosyasındaki "_GenerateRestoreDependencies" hedefi ("_GenerateProjectRestoreGraph" hedefi buna bağımlı):
   3:5>"ForgeFlow.Artifact.Application.csproj" projesinde "_GenerateRestoreDependencies" hedefini oluşturma tamamlandı.
   2:4>_GenerateProjectRestoreGraphPerFramework:
       "C:\Program Files\dotnet\sdk\9.0.307\NuGet.Build.Tasks.dll" derlemesindeki "GetRestorePrunePackageReferencesTask" görevi kullanılıyor.
       "GetRestorePrunePackageReferencesTask" görevi
   4:4>"C:\Users\alihe\OneDrive\Masaüstü\ForgeFlow Project\services\artifact\ForgeFlow.Artifact.Infrastructure\ForgeFlow.Artifact.Infrastructure.csproj" projesinin "C:\Program Files\dotnet\sdk\9.0.307\NuGet.targets" dosyasındaki "_GenerateProjectRestoreGraph" hedefi (giriş noktası):
   4:4>"ForgeFlow.Artifact.Infrastructure.csproj" projesinde "_GenerateProjectRestoreGraph" hedefini oluşturma tamamlandı.
   4:4>"C:\Users\alihe\OneDrive\Masaüstü\ForgeFlow Project\services\artifact\ForgeFlow.Artifact.Infrastructure\ForgeFlow.Artifact.Infrastructure.csproj" Projesini Oluşturma İşlemi Tamamlandı (_GenerateProjectRestoreGraph hedef).
   2:4>"GetRestorePrunePackageReferencesTask" görevini yürütme tamamlandı.
   3:5>"C:\Users\alihe\OneDrive\Masaüstü\ForgeFlow Project\services\artifact\ForgeFlow.Artifact.Application\ForgeFlow.Artifact.Application.csproj" projesinin "C:\Program Files\dotnet\sdk\9.0.307\NuGet.targets" dosyasındaki "_GenerateProjectRestoreGraph" hedefi (giriş noktası):
   3:5>"ForgeFlow.Artifact.Application.csproj" projesinde "_GenerateProjectRestoreGraph" hedefini oluşturma tamamlandı.
   3:5>"C:\Users\alihe\OneDrive\Masaüstü\ForgeFlow Project\services\artifact\ForgeFlow.Artifact.Application\ForgeFlow.Artifact.Application.csproj" Projesini Oluşturma İşlemi Tamamlandı (_GenerateProjectRestoreGraph hedef).
   2:4>"ForgeFlow.Contracts.csproj" projesinde "_GenerateProjectRestoreGraphPerFramework" hedefini oluşturma tamamlandı.
   2:4>"C:\Users\alihe\OneDrive\Masaüstü\ForgeFlow Project\contracts\ForgeFlow.Contracts\ForgeFlow.Contracts.csproj" projesinin "C:\Program Files\dotnet\sdk\9.0.307\NuGet.targets" dosyasındaki "_GenerateProjectRestoreGraphCurrentProject" hedefi ("_GenerateRestoreDependencies" hedefi buna bağımlı):
   2:4>"ForgeFlow.Contracts.csproj" projesinde "_GenerateProjectRestoreGraphCurrentProject" hedefini oluşturma tamamlandı.
   2:4>"C:\Users\alihe\OneDrive\Masaüstü\ForgeFlow Project\contracts\ForgeFlow.Contracts\ForgeFlow.Contracts.csproj" projesinin "C:\Program Files\dotnet\sdk\9.0.307\NuGet.targets" dosyasındaki "_GenerateRestoreDependencies" hedefi ("_GenerateProjectRestoreGraph" hedefi buna bağımlı):
   2:4>"ForgeFlow.Contracts.csproj" projesinde "_GenerateRestoreDependencies" hedefini oluşturma tamamlandı.
   2:4>"C:\Users\alihe\OneDrive\Masaüstü\ForgeFlow Project\contracts\ForgeFlow.Contracts\ForgeFlow.Contracts.csproj" projesinin "C:\Program Files\dotnet\sdk\9.0.307\NuGet.targets" dosyasındaki "_GenerateProjectRestoreGraph" hedefi (giriş noktası):
   2:4>"ForgeFlow.Contracts.csproj" projesinde "_GenerateProjectRestoreGraph" hedefini oluşturma tamamlandı.
   2:4>"C:\Users\alihe\OneDrive\Masaüstü\ForgeFlow Project\contracts\ForgeFlow.Contracts\ForgeFlow.Contracts.csproj" Projesini Oluşturma İşlemi Tamamlandı (_GenerateProjectRestoreGraph hedef).
     1>"C:\Users\alihe\OneDrive\Masaüstü\ForgeFlow Project\services\artifact\ForgeFlow.Artifact.Api\ForgeFlow.Artifact.Api.csproj" projesi (1) 1 düğümünde "C:\Users\alihe\OneDrive\Masaüstü\ForgeFlow Project\services\artifact\ForgeFlow.Artifact.Api\ForgeFlow.Artifact.Api.csproj" (1:6) oluşturuyor (_GenerateProjectRestoreGraph hedef).
   1:6>"_GetRestoreProjectStyle" hedefi atlandı. Önceden başarılı bir şekilde derlenmişti.
       "_GetRestoreProjectStyle" hedefi atlandı. Önceden başarılı bir şekilde derlenmişti.
       "_GetRestoreProjectStyle" hedefi atlandı. Önceden başarılı bir şekilde derlenmişti.
   1:6>"C:\Users\alihe\OneDrive\Masaüstü\ForgeFlow Project\services\artifact\ForgeFlow.Artifact.Api\ForgeFlow.Artifact.Api.csproj" projesinin "C:\Program Files\dotnet\sdk\9.0.307\NuGet.targets" dosyasındaki "_GetRestoreTargetFrameworkOverride" hedefi ("_GetRestoreTargetFrameworksOutput" hedefi buna bağımlı):
       Yanlış koşul nedeniyle "GetGlobalPropertyValueTask" görevi atlandı; ( '$(TargetFrameworks)' != '' ), ( '' != '' ) olarak değerlendirildi.
   1:6>"ForgeFlow.Artifact.Api.csproj" projesinde "_GetRestoreTargetFrameworkOverride" hedefini oluşturma tamamlandı.
   1:6>"C:\Users\alihe\OneDrive\Masaüstü\ForgeFlow Project\services\artifact\ForgeFlow.Artifact.Api\ForgeFlow.Artifact.Api.csproj" projesinin "C:\Program Files\dotnet\sdk\9.0.307\NuGet.targets" dosyasındaki "_GetRestoreTargetFrameworksOutput" hedefi ("_GenerateRestoreProjectSpec" hedefi buna bağımlı):
       "C:\Program Files\dotnet\sdk\9.0.307\NuGet.Build.Tasks.dll" derlemesindeki "GetProjectTargetFrameworksTask" görevi kullanılıyor.
       "GetProjectTargetFrameworksTask" görevi
     1>"C:\Users\alihe\OneDrive\Masaüstü\ForgeFlow Project\services\artifact\ForgeFlow.Artifact.Api\ForgeFlow.Artifact.Api.csproj" projesi (1) 2 düğümünde "C:\Users\alihe\OneDrive\Masaüstü\ForgeFlow Project\services\artifact\ForgeFlow.Artifact.Domain\ForgeFlow.Artifact.Domain.csproj" (5:5) oluşturuyor (_GenerateProjectRestoreGraph hedef).
   5:5>"_GetRestoreProjectStyle" hedefi atlandı. Önceden başarılı bir şekilde derlenmişti.
       "_GetRestoreProjectStyle" hedefi atlandı. Önceden başarılı bir şekilde derlenmişti.
       "_GetRestoreProjectStyle" hedefi atlandı. Önceden başarılı bir şekilde derlenmişti.
   5:5>"C:\Users\alihe\OneDrive\Masaüstü\ForgeFlow Project\services\artifact\ForgeFlow.Artifact.Domain\ForgeFlow.Artifact.Domain.csproj" projesinin "C:\Program Files\dotnet\sdk\9.0.307\NuGet.targets" dosyasındaki "_GetRestoreTargetFrameworkOverride" hedefi ("_GetRestoreTargetFrameworksOutput" hedefi buna bağımlı):
       Yanlış koşul nedeniyle "GetGlobalPropertyValueTask" görevi atlandı; ( '$(TargetFrameworks)' != '' ), ( '' != '' ) olarak değerlendirildi.
   5:5>"ForgeFlow.Artifact.Domain.csproj" projesinde "_GetRestoreTargetFrameworkOverride" hedefini oluşturma tamamlandı.
   5:5>"C:\Users\alihe\OneDrive\Masaüstü\ForgeFlow Project\services\artifact\ForgeFlow.Artifact.Domain\ForgeFlow.Artifact.Domain.csproj" projesinin "C:\Program Files\dotnet\sdk\9.0.307\NuGet.targets" dosyasındaki "_GetRestoreTargetFrameworksOutput" hedefi ("_GenerateRestoreProjectSpec" hedefi buna bağımlı):
       "C:\Program Files\dotnet\sdk\9.0.307\NuGet.Build.Tasks.dll" derlemesindeki "GetProjectTargetFrameworksTask" görevi kullanılıyor.
   1:6>"GetProjectTargetFrameworksTask" görevini yürütme tamamlandı.
   5:5>"GetProjectTargetFrameworksTask" görevi
       "GetProjectTargetFrameworksTask" görevini yürütme tamamlandı.
   1:6>"ForgeFlow.Artifact.Api.csproj" projesinde "_GetRestoreTargetFrameworksOutput" hedefini oluşturma tamamlandı.
       "_GetRestoreSettings" hedefi atlandı. Önceden başarılı bir şekilde derlenmişti.
   5:5>"ForgeFlow.Artifact.Domain.csproj" projesinde "_GetRestoreTargetFrameworksOutput" hedefini oluşturma tamamlandı.
   1:6>"C:\Users\alihe\OneDrive\Masaüstü\ForgeFlow Project\services\artifact\ForgeFlow.Artifact.Api\ForgeFlow.Artifact.Api.csproj" projesinin "C:\Program Files\dotnet\sdk\9.0.307\NuGet.targets" dosyasındaki "_GenerateRestoreProjectSpec" hedefi ("_GenerateProjectRestoreGraph" hedefi buna bağımlı):
   1:6>"ConvertToAbsolutePath" görevi
   5:5>"_GetRestoreSettings" hedefi atlandı. Önceden başarılı bir şekilde derlenmişti.
   1:6>"ConvertToAbsolutePath" görevini yürütme tamamlandı.
   5:5>"C:\Users\alihe\OneDrive\Masaüstü\ForgeFlow Project\services\artifact\ForgeFlow.Artifact.Domain\ForgeFlow.Artifact.Domain.csproj" projesinin "C:\Program Files\dotnet\sdk\9.0.307\NuGet.targets" dosyasındaki "_GenerateRestoreProjectSpec" hedefi ("_GenerateProjectRestoreGraph" hedefi buna bağımlı):
   5:5>"ConvertToAbsolutePath" görevi
       "ConvertToAbsolutePath" görevini yürütme tamamlandı.
   1:6>"ForgeFlow.Artifact.Api.csproj" projesinde "_GenerateRestoreProjectSpec" hedefini oluşturma tamamlandı.
       Yanlış koşul nedeniyle "_GenerateProjectRestoreGraphAllFrameworks" hedefi atlandı; ( '$(TargetFrameworks)' != '' ), ( '' != '' ) olarak değerlendirildi.
       "_GetRestoreProjectStyle" hedefi atlandı. Önceden başarılı bir şekilde derlenmişti.
       "CollectPackageReferences" hedefi atlandı. Önceden başarılı bir şekilde derlenmişti.
   1:6>"C:\Users\alihe\OneDrive\Masaüstü\ForgeFlow Project\services\artifact\ForgeFlow.Artifact.Api\ForgeFlow.Artifact.Api.csproj" projesinin "C:\Program Files\dotnet\sdk\9.0.307\NuGet.targets" dosyasındaki "CollectPackageDownloads" hedefi ("_CollectRestoreInputs" hedefi buna bağımlı):
       "CheckForDuplicateNuGetItemsTask" görevi
   5:5>"ForgeFlow.Artifact.Domain.csproj" projesinde "_GenerateRestoreProjectSpec" hedefini oluşturma tamamlandı.
       Yanlış koşul nedeniyle "_GenerateProjectRestoreGraphAllFrameworks" hedefi atlandı; ( '$(TargetFrameworks)' != '' ), ( '' != '' ) olarak değerlendirildi.
       "_GetRestoreProjectStyle" hedefi atlandı. Önceden başarılı bir şekilde derlenmişti.
   1:6>"CheckForDuplicateNuGetItemsTask" görevini yürütme tamamlandı.
   1:6>"ForgeFlow.Artifact.Api.csproj" projesinde "CollectPackageDownloads" hedefini oluşturma tamamlandı.
   5:5>"CollectPackageReferences" hedefi atlandı. Önceden başarılı bir şekilde derlenmişti.
   1:6>"C:\Users\alihe\OneDrive\Masaüstü\ForgeFlow Project\services\artifact\ForgeFlow.Artifact.Api\ForgeFlow.Artifact.Api.csproj" projesinin "C:\Program Files\dotnet\sdk\9.0.307\NuGet.targets" dosyasındaki "CollectFrameworkReferences" hedefi ("_CollectRestoreInputs" hedefi buna bağımlı):
   1:6>"ForgeFlow.Artifact.Api.csproj" projesinde "CollectFrameworkReferences" hedefini oluşturma tamamlandı.
   1:6>"C:\Users\alihe\OneDrive\Masaüstü\ForgeFlow Project\services\artifact\ForgeFlow.Artifact.Api\ForgeFlow.Artifact.Api.csproj" projesinin "C:\Program Files\dotnet\sdk\9.0.307\NuGet.targets" dosyasındaki "CollectCentralPackageVersions" hedefi ("_CollectRestoreInputs" hedefi buna bağımlı):
       "CheckForDuplicateNuGetItemsTask" görevi
   5:5>"C:\Users\alihe\OneDrive\Masaüstü\ForgeFlow Project\services\artifact\ForgeFlow.Artifact.Domain\ForgeFlow.Artifact.Domain.csproj" projesinin "C:\Program Files\dotnet\sdk\9.0.307\NuGet.targets" dosyasındaki "CollectPackageDownloads" hedefi ("_CollectRestoreInputs" hedefi buna bağımlı):
   5:5>"CheckForDuplicateNuGetItemsTask" görevi
   1:6>"CheckForDuplicateNuGetItemsTask" görevini yürütme tamamlandı.
   5:5>"CheckForDuplicateNuGetItemsTask" görevini yürütme tamamlandı.
   1:6>"ForgeFlow.Artifact.Api.csproj" projesinde "CollectCentralPackageVersions" hedefini oluşturma tamamlandı.
   1:6>"C:\Users\alihe\OneDrive\Masaüstü\ForgeFlow Project\services\artifact\ForgeFlow.Artifact.Api\ForgeFlow.Artifact.Api.csproj" projesinin "C:\Program Files\dotnet\sdk\9.0.307\NuGet.targets" dosyasındaki "CollectNuGetAuditSuppressions" hedefi ("_CollectRestoreInputs" hedefi buna bağımlı):
       "CheckForDuplicateNuGetItemsTask" görevi
   5:5>"ForgeFlow.Artifact.Domain.csproj" projesinde "CollectPackageDownloads" hedefini oluşturma tamamlandı.
   1:6>"CheckForDuplicateNuGetItemsTask" görevini yürütme tamamlandı.
   1:6>"ForgeFlow.Artifact.Api.csproj" projesinde "CollectNuGetAuditSuppressions" hedefini oluşturma tamamlandı.
       Yanlış koşul nedeniyle "AddPrunePackageReferences" hedefi atlandı; ('$(RestoreEnablePackagePruning)' == 'true'), ('false' == 'true') olarak değerlendirildi.
   1:6>"C:\Users\alihe\OneDrive\Masaüstü\ForgeFlow Project\services\artifact\ForgeFlow.Artifact.Api\ForgeFlow.Artifact.Api.csproj" projesinin "C:\Program Files\dotnet\sdk\9.0.307\NuGet.targets" dosyasındaki "CollectPrunePackageReferences" hedefi ("_CollectRestoreInputs" hedefi buna bağımlı):
       "CheckForDuplicateNuGetItemsTask" görevi
   5:5>"C:\Users\alihe\OneDrive\Masaüstü\ForgeFlow Project\services\artifact\ForgeFlow.Artifact.Domain\ForgeFlow.Artifact.Domain.csproj" projesinin "C:\Program Files\dotnet\sdk\9.0.307\NuGet.targets" dosyasındaki "CollectFrameworkReferences" hedefi ("_CollectRestoreInputs" hedefi buna bağımlı):
   5:5>"ForgeFlow.Artifact.Domain.csproj" projesinde "CollectFrameworkReferences" hedefini oluşturma tamamlandı.
   1:6>"CheckForDuplicateNuGetItemsTask" görevini yürütme tamamlandı.
   1:6>"ForgeFlow.Artifact.Api.csproj" projesinde "CollectPrunePackageReferences" hedefini oluşturma tamamlandı.
   1:6>"C:\Users\alihe\OneDrive\Masaüstü\ForgeFlow Project\services\artifact\ForgeFlow.Artifact.Api\ForgeFlow.Artifact.Api.csproj" projesinin "C:\Program Files\dotnet\sdk\9.0.307\NuGet.targets" dosyasındaki "_CollectRestoreInputs" hedefi ("_GenerateProjectRestoreGraphPerFramework" hedefi buna bağımlı):
   1:6>"ForgeFlow.Artifact.Api.csproj" projesinde "_CollectRestoreInputs" hedefini oluşturma tamamlandı.
       Yanlış koşul nedeniyle "PrepRestoreForStoreProjects" hedefi atlandı; ('$(StorePackageName)' != ''), ('' != '') olarak değerlendirildi.
   5:5>"C:\Users\alihe\OneDrive\Masaüstü\ForgeFlow Project\services\artifact\ForgeFlow.Artifact.Domain\ForgeFlow.Artifact.Domain.csproj" projesinin "C:\Program Files\dotnet\sdk\9.0.307\NuGet.targets" dosyasındaki "CollectCentralPackageVersions" hedefi ("_CollectRestoreInputs" hedefi buna bağımlı):
   5:5>"CheckForDuplicateNuGetItemsTask" görevi
   1:6>"C:\Users\alihe\OneDrive\Masaüstü\ForgeFlow Project\services\artifact\ForgeFlow.Artifact.Api\ForgeFlow.Artifact.Api.csproj" projesinin "C:\Program Files\dotnet\sdk\9.0.307\NuGet.targets" dosyasındaki "_GenerateProjectRestoreGraphPerFramework" hedefi ("_GenerateProjectRestoreGraphCurrentProject" hedefi buna bağımlı):
   1:6>"C:\Program Files\dotnet\sdk\9.0.307\NuGet.Build.Tasks.dll" derlemesindeki "GetRestoreProjectReferencesTask" görevi kullanılıyor.
       "GetRestoreProjectReferencesTask" görevi
   5:5>"CheckForDuplicateNuGetItemsTask" görevini yürütme tamamlandı.
   5:5>"ForgeFlow.Artifact.Domain.csproj" projesinde "CollectCentralPackageVersions" hedefini oluşturma tamamlandı.
   5:5>"C:\Users\alihe\OneDrive\Masaüstü\ForgeFlow Project\services\artifact\ForgeFlow.Artifact.Domain\ForgeFlow.Artifact.Domain.csproj" projesinin "C:\Program Files\dotnet\sdk\9.0.307\NuGet.targets" dosyasındaki "CollectNuGetAuditSuppressions" hedefi ("_CollectRestoreInputs" hedefi buna bağımlı):
       "CheckForDuplicateNuGetItemsTask" görevi
       "CheckForDuplicateNuGetItemsTask" görevini yürütme tamamlandı.
   5:5>"ForgeFlow.Artifact.Domain.csproj" projesinde "CollectNuGetAuditSuppressions" hedefini oluşturma tamamlandı.
       Yanlış koşul nedeniyle "AddPrunePackageReferences" hedefi atlandı; ('$(RestoreEnablePackagePruning)' == 'true'), ('false' == 'true') olarak değerlendirildi.
   1:6>"GetRestoreProjectReferencesTask" görevini yürütme tamamlandı.
   5:5>"C:\Users\alihe\OneDrive\Masaüstü\ForgeFlow Project\services\artifact\ForgeFlow.Artifact.Domain\ForgeFlow.Artifact.Domain.csproj" projesinin "C:\Program Files\dotnet\sdk\9.0.307\NuGet.targets" dosyasındaki "CollectPrunePackageReferences" hedefi ("_CollectRestoreInputs" hedefi buna bağımlı):
   5:5>"CheckForDuplicateNuGetItemsTask" görevi
   1:6>_GenerateProjectRestoreGraphPerFramework:
       "C:\Program Files\dotnet\sdk\9.0.307\NuGet.Build.Tasks.dll" derlemesindeki "GetRestorePackageReferencesTask" görevi kullanılıyor.
       "GetRestorePackageReferencesTask" görevi
   5:5>"CheckForDuplicateNuGetItemsTask" görevini yürütme tamamlandı.
   5:5>"ForgeFlow.Artifact.Domain.csproj" projesinde "CollectPrunePackageReferences" hedefini oluşturma tamamlandı.
   5:5>"C:\Users\alihe\OneDrive\Masaüstü\ForgeFlow Project\services\artifact\ForgeFlow.Artifact.Domain\ForgeFlow.Artifact.Domain.csproj" projesinin "C:\Program Files\dotnet\sdk\9.0.307\NuGet.targets" dosyasındaki "_CollectRestoreInputs" hedefi ("_GenerateProjectRestoreGraphPerFramework" hedefi buna bağımlı):
   5:5>"ForgeFlow.Artifact.Domain.csproj" projesinde "_CollectRestoreInputs" hedefini oluşturma tamamlandı.
       Yanlış koşul nedeniyle "PrepRestoreForStoreProjects" hedefi atlandı; ('$(StorePackageName)' != ''), ('' != '') olarak değerlendirildi.
   1:6>"GetRestorePackageReferencesTask" görevini yürütme tamamlandı.
   5:5>"C:\Users\alihe\OneDrive\Masaüstü\ForgeFlow Project\services\artifact\ForgeFlow.Artifact.Domain\ForgeFlow.Artifact.Domain.csproj" projesinin "C:\Program Files\dotnet\sdk\9.0.307\NuGet.targets" dosyasındaki "_GenerateProjectRestoreGraphPerFramework" hedefi ("_GenerateProjectRestoreGraphCurrentProject" hedefi buna bağımlı):
   5:5>"C:\Program Files\dotnet\sdk\9.0.307\NuGet.Build.Tasks.dll" derlemesindeki "GetRestoreProjectReferencesTask" görevi kullanılıyor.
   1:6>_GenerateProjectRestoreGraphPerFramework:
       Yanlış koşul nedeniyle "GetCentralPackageVersionsTask" görevi atlandı; ( '$(PackageReferenceCompatibleProjectStyle)' == 'true' AND '$(_CentralPackageVersionsEnabled)' == 'true' ), ( 'True' == 'true' AND '' == 'true' ) olarak değerlendirildi.
   5:5>"GetRestoreProjectReferencesTask" görevi
       "GetRestoreProjectReferencesTask" görevini yürütme tamamlandı.
       "C:\Program Files\dotnet\sdk\9.0.307\NuGet.Build.Tasks.dll" derlemesindeki "GetRestorePackageReferencesTask" görevi kullanılıyor.
   1:6>_GenerateProjectRestoreGraphPerFramework:
       "C:\Program Files\dotnet\sdk\9.0.307\NuGet.Build.Tasks.dll" derlemesindeki "GetRestorePackageDownloadsTask" görevi kullanılıyor.
       "GetRestorePackageDownloadsTask" görevi
   5:5>"GetRestorePackageReferencesTask" görevi
       "GetRestorePackageReferencesTask" görevini yürütme tamamlandı.
       Yanlış koşul nedeniyle "GetCentralPackageVersionsTask" görevi atlandı; ( '$(PackageReferenceCompatibleProjectStyle)' == 'true' AND '$(_CentralPackageVersionsEnabled)' == 'true' ), ( 'True' == 'true' AND '' == 'true' ) olarak değerlendirildi.
       "C:\Program Files\dotnet\sdk\9.0.307\NuGet.Build.Tasks.dll" derlemesindeki "GetRestorePackageDownloadsTask" görevi kullanılıyor.
       "GetRestorePackageDownloadsTask" görevi
       "GetRestorePackageDownloadsTask" görevini yürütme tamamlandı.
   1:6>"GetRestorePackageDownloadsTask" görevini yürütme tamamlandı.
   5:5>_GenerateProjectRestoreGraphPerFramework:
       "C:\Program Files\dotnet\sdk\9.0.307\NuGet.Build.Tasks.dll" derlemesindeki "GetRestoreFrameworkReferencesTask" görevi kullanılıyor.
       "GetRestoreFrameworkReferencesTask" görevi
       "GetRestoreFrameworkReferencesTask" görevini yürütme tamamlandı.
   1:6>_GenerateProjectRestoreGraphPerFramework:
       "C:\Program Files\dotnet\sdk\9.0.307\NuGet.Build.Tasks.dll" derlemesindeki "GetRestoreFrameworkReferencesTask" görevi kullanılıyor.
       "GetRestoreFrameworkReferencesTask" görevi
   5:5>_GenerateProjectRestoreGraphPerFramework:
       "C:\Program Files\dotnet\sdk\9.0.307\NuGet.Build.Tasks.dll" derlemesindeki "GetRestoreNuGetAuditSuppressionsTask" görevi kullanılıyor.
       "GetRestoreNuGetAuditSuppressionsTask" görevi
       "GetRestoreNuGetAuditSuppressionsTask" görevini yürütme tamamlandı.
       "C:\Program Files\dotnet\sdk\9.0.307\NuGet.Build.Tasks.dll" derlemesindeki "GetRestorePrunePackageReferencesTask" görevi kullanılıyor.
       "GetRestorePrunePackageReferencesTask" görevi
       "GetRestorePrunePackageReferencesTask" görevini yürütme tamamlandı.
   1:6>"GetRestoreFrameworkReferencesTask" görevini yürütme tamamlandı.
   5:5>"ForgeFlow.Artifact.Domain.csproj" projesinde "_GenerateProjectRestoreGraphPerFramework" hedefini oluşturma tamamlandı.
   1:6>_GenerateProjectRestoreGraphPerFramework:
       "C:\Program Files\dotnet\sdk\9.0.307\NuGet.Build.Tasks.dll" derlemesindeki "GetRestoreNuGetAuditSuppressionsTask" görevi kullanılıyor.
       "GetRestoreNuGetAuditSuppressionsTask" görevi
   5:5>"C:\Users\alihe\OneDrive\Masaüstü\ForgeFlow Project\services\artifact\ForgeFlow.Artifact.Domain\ForgeFlow.Artifact.Domain.csproj" projesinin "C:\Program Files\dotnet\sdk\9.0.307\NuGet.targets" dosyasındaki "_GenerateProjectRestoreGraphCurrentProject" hedefi ("_GenerateRestoreDependencies" hedefi buna bağımlı):
   5:5>"ForgeFlow.Artifact.Domain.csproj" projesinde "_GenerateProjectRestoreGraphCurrentProject" hedefini oluşturma tamamlandı.
   5:5>"C:\Users\alihe\OneDrive\Masaüstü\ForgeFlow Project\services\artifact\ForgeFlow.Artifact.Domain\ForgeFlow.Artifact.Domain.csproj" projesinin "C:\Program Files\dotnet\sdk\9.0.307\NuGet.targets" dosyasındaki "_GenerateRestoreDependencies" hedefi ("_GenerateProjectRestoreGraph" hedefi buna bağımlı):
   5:5>"ForgeFlow.Artifact.Domain.csproj" projesinde "_GenerateRestoreDependencies" hedefini oluşturma tamamlandı.
   1:6>"GetRestoreNuGetAuditSuppressionsTask" görevini yürütme tamamlandı.
       "C:\Program Files\dotnet\sdk\9.0.307\NuGet.Build.Tasks.dll" derlemesindeki "GetRestorePrunePackageReferencesTask" görevi kullanılıyor.
       "GetRestorePrunePackageReferencesTask" görevi
   5:5>"C:\Users\alihe\OneDrive\Masaüstü\ForgeFlow Project\services\artifact\ForgeFlow.Artifact.Domain\ForgeFlow.Artifact.Domain.csproj" projesinin "C:\Program Files\dotnet\sdk\9.0.307\NuGet.targets" dosyasındaki "_GenerateProjectRestoreGraph" hedefi (giriş noktası):
   5:5>"ForgeFlow.Artifact.Domain.csproj" projesinde "_GenerateProjectRestoreGraph" hedefini oluşturma tamamlandı.
   5:5>"C:\Users\alihe\OneDrive\Masaüstü\ForgeFlow Project\services\artifact\ForgeFlow.Artifact.Domain\ForgeFlow.Artifact.Domain.csproj" Projesini Oluşturma İşlemi Tamamlandı (_GenerateProjectRestoreGraph hedef).
   1:6>"GetRestorePrunePackageReferencesTask" görevini yürütme tamamlandı.
   1:6>"ForgeFlow.Artifact.Api.csproj" projesinde "_GenerateProjectRestoreGraphPerFramework" hedefini oluşturma tamamlandı.
   1:6>"C:\Users\alihe\OneDrive\Masaüstü\ForgeFlow Project\services\artifact\ForgeFlow.Artifact.Api\ForgeFlow.Artifact.Api.csproj" projesinin "C:\Program Files\dotnet\sdk\9.0.307\NuGet.targets" dosyasındaki "_GenerateProjectRestoreGraphCurrentProject" hedefi ("_GenerateRestoreDependencies" hedefi buna bağımlı):
   1:6>"ForgeFlow.Artifact.Api.csproj" projesinde "_GenerateProjectRestoreGraphCurrentProject" hedefini oluşturma tamamlandı.
   1:6>"C:\Users\alihe\OneDrive\Masaüstü\ForgeFlow Project\services\artifact\ForgeFlow.Artifact.Api\ForgeFlow.Artifact.Api.csproj" projesinin "C:\Program Files\dotnet\sdk\9.0.307\NuGet.targets" dosyasındaki "_GenerateRestoreDependencies" hedefi ("_GenerateProjectRestoreGraph" hedefi buna bağımlı):
   1:6>"ForgeFlow.Artifact.Api.csproj" projesinde "_GenerateRestoreDependencies" hedefini oluşturma tamamlandı.
   1:6>"C:\Users\alihe\OneDrive\Masaüstü\ForgeFlow Project\services\artifact\ForgeFlow.Artifact.Api\ForgeFlow.Artifact.Api.csproj" projesinin "C:\Program Files\dotnet\sdk\9.0.307\NuGet.targets" dosyasındaki "_GenerateProjectRestoreGraph" hedefi (giriş noktası):
   1:6>"ForgeFlow.Artifact.Api.csproj" projesinde "_GenerateProjectRestoreGraph" hedefini oluşturma tamamlandı.
   1:6>"C:\Users\alihe\OneDrive\Masaüstü\ForgeFlow Project\services\artifact\ForgeFlow.Artifact.Api\ForgeFlow.Artifact.Api.csproj" Projesini Oluşturma İşlemi Tamamlandı (_GenerateProjectRestoreGraph hedef).
     1>"MSBuild" görevini yürütme tamamlandı.
     1>"ForgeFlow.Artifact.Api.csproj" projesinde "_GenerateRestoreGraph" hedefini oluşturma tamamlandı.
       Yanlış koşul nedeniyle "_CheckForUnsupportedTargetFramework" hedefi atlandı; ('$(_UnsupportedTargetFrameworkError)' == 'true'), ('' == 'true') olarak değerlendirildi.
     1>"C:\Users\alihe\OneDrive\Masaüstü\ForgeFlow Project\services\artifact\ForgeFlow.Artifact.Api\ForgeFlow.Artifact.Api.csproj" projesinin "C:\Program Files\dotnet\sdk\9.0.307\Sdks\Microsoft.NET.Sdk\targets\Microsoft.NET.TargetFrameworkInference.targets" dosyasındaki "_CollectTargetFrameworkForTelemetry" hedefi ("Restore" hedefi buna bağımlı):
       "C:\Program Files\dotnet\sdk\9.0.307\Sdks\Microsoft.NET.Sdk\targets\..\tools\net9.0\Microsoft.NET.Build.Tasks.dll" derlemesindeki "AllowEmptyTelemetry" görevi kullanılıyor.
       "AllowEmptyTelemetry" görevi
       "AllowEmptyTelemetry" görevini yürütme tamamlandı.
     1>"ForgeFlow.Artifact.Api.csproj" projesinde "_CollectTargetFrameworkForTelemetry" hedefini oluşturma tamamlandı.
     1>"C:\Users\alihe\OneDrive\Masaüstü\ForgeFlow Project\services\artifact\ForgeFlow.Artifact.Api\ForgeFlow.Artifact.Api.csproj" projesinin "C:\Program Files\dotnet\sdk\9.0.307\Sdks\Microsoft.NET.Sdk\targets\Microsoft.NET.TargetFrameworkInference.targets" dosyasındaki "_CheckForUnsupportedNETCoreVersion" hedefi ("Restore" hedefi buna bağımlı):
       Yanlış koşul nedeniyle "NETSdkError" görevi atlandı; ('$(_TargetFrameworkVersionWithoutV)' > '$(NETCoreAppMaximumVersion)' and '$(DisplayVSMessage)' != 'true'), ('8.0' > '9.0' and '' != 'true') olarak değerlendirildi.
       Yanlış koşul nedeniyle "NETSdkError" görevi atlandı; ('$(DisplayVSMessage)' == 'true'), ('' == 'true') olarak değerlendirildi.
     1>"ForgeFlow.Artifact.Api.csproj" projesinde "_CheckForUnsupportedNETCoreVersion" hedefini oluşturma tamamlandı.
       Yanlış koşul nedeniyle "_CheckForEolTargetFrameworks" hedefi atlandı; ('@(_EolNetCoreTargetFrameworkVersions->AnyHaveMetadataValue('Identity', '$(_TargetFrameworkVersionWithoutV)'))' and '$(TargetFrameworkIdentifier)' == '.NETCoreApp' and '$(CheckEolTargetFramework)' == 'true'), ('false' and '.NETCoreApp' == '.NETCoreApp' and 'true' == 'true') olarak değerlendirildi.
       Yanlış koşul nedeniyle "_CheckForEolWorkloads" hedefi atlandı; ('@(EolWorkload)' != '' and '$(CheckEolWorkloads)' == 'true'), ('' != '' and 'true' == 'true') olarak değerlendirildi.
       Yanlış koşul nedeniyle "_CheckForNotRecommendedNETStandardVersion" hedefi atlandı; ('$(TargetFrameworkIdentifier)' == '.NETStandard' and $([MSBuild]::VersionLessThan($(TargetFrameworkVersion), '2.0'))), ('.NETCoreApp' == '.NETStandard' and False) olarak değerlendirildi.
     1>"C:\Users\alihe\OneDrive\Masaüstü\ForgeFlow Project\services\artifact\ForgeFlow.Artifact.Api\ForgeFlow.Artifact.Api.csproj" projesinin "C:\Program Files\dotnet\sdk\9.0.307\Sdks\Microsoft.NET.Sdk\targets\Microsoft.NET.TargetFrameworkInference.targets" dosyasındaki "_CheckForUnsupportedCppNETCoreVersion" hedefi ("Restore" hedefi buna bağımlı):
       Yanlış koşul nedeniyle "NETSdkError" görevi atlandı; ('$(TargetFrameworkIdentifier)' == '.NETCoreApp' and '$(_TargetFrameworkVersionWithoutV)' < '3.1' and ('$(Language)' == 'C++' and '$(_EnablePackageReferencesInVCProjects)' != 'true')), ('.NETCoreApp' == '.NETCoreApp' and '8.0' < '3.1' and ('C#' == 'C++' and '' != 'true')) olarak değerlendirildi.
     1>"ForgeFlow.Artifact.Api.csproj" projesinde "_CheckForUnsupportedCppNETCoreVersion" hedefini oluşturma tamamlandı.
       Yanlış koşul nedeniyle "_CheckForUnsupportedNETStandardVersion" hedefi atlandı; ('$(TargetFrameworkIdentifier)' == '.NETStandard' And '$(NETStandardMaximumVersion)' != ''), ('.NETCoreApp' == '.NETStandard' And '' != '') olarak değerlendirildi.
       Yanlış koşul nedeniyle "_CheckForUnsupportedTargetFrameworkAndFeatureCombination" hedefi atlandı; ('$(TargetFrameworkIdentifier)' == '.NETFramework'), ('.NETCoreApp' == '.NETFramework') olarak değerlendirildi.
     1>"C:\Users\alihe\OneDrive\Masaüstü\ForgeFlow Project\services\artifact\ForgeFlow.Artifact.Api\ForgeFlow.Artifact.Api.csproj" projesinin "C:\Program Files\dotnet\sdk\9.0.307\NuGet.targets" dosyasındaki "Restore" hedefi (giriş noktası):
       "RemoveDuplicates" görevi
       "RemoveDuplicates" görevini yürütme tamamlandı.
       "C:\Program Files\dotnet\sdk\9.0.307\NuGet.Build.Tasks.dll" derlemesindeki "RestoreTask" görevi kullanılıyor.
       "RestoreTask" görevi
         Derleme TaskRun (NuGet.Build.Tasks.RestoreTask) sırasında yüklendi: NuGet.Packaging, Version=6.14.0.116, Culture=neutral, PublicKeyToken=31bf3856ad364e35 (konum: C:\Program Files\dotnet\sdk\9.0.307\NuGet.Packaging.dll, MVID: cdc50a13-9777-4bbf-997e-763beae18a61, AssemblyLoadContext: MSBuild plugin C:\Program Files\dotnet\sdk\9.0.307\NuGet.Build.Tasks.dll)
         Derleme TaskRun (NuGet.Build.Tasks.RestoreTask) sırasında yüklendi: NuGet.LibraryModel, Version=6.14.0.116, Culture=neutral, PublicKeyToken=31bf3856ad364e35 (konum: C:\Program Files\dotnet\sdk\9.0.307\NuGet.LibraryModel.dll, MVID: e00b38b3-9e45-44a2-8023-8c8ae09208b7, AssemblyLoadContext: MSBuild plugin C:\Program Files\dotnet\sdk\9.0.307\NuGet.Build.Tasks.dll)
         Derleme TaskRun (NuGet.Build.Tasks.RestoreTask) sırasında yüklendi: NuGet.Versioning, Version=6.14.0.116, Culture=neutral, PublicKeyToken=31bf3856ad364e35 (konum: C:\Program Files\dotnet\sdk\9.0.307\NuGet.Versioning.dll, MVID: ecae64d3-0ef8-4164-9110-1e65ba08bca4, AssemblyLoadContext: MSBuild plugin C:\Program Files\dotnet\sdk\9.0.307\NuGet.Build.Tasks.dll)
         Derleme TaskRun (NuGet.Build.Tasks.RestoreTask) sırasında yüklendi: NuGet.Frameworks, Version=6.14.0.116, Culture=neutral, PublicKeyToken=31bf3856ad364e35 (konum: C:\Program Files\dotnet\sdk\9.0.307\NuGet.Frameworks.dll, MVID: 6b5909cd-5145-46c4-9595-25461e82c126, AssemblyLoadContext: MSBuild plugin C:\Program Files\dotnet\sdk\9.0.307\NuGet.Build.Tasks.dll)
         Derleme TaskRun (NuGet.Build.Tasks.RestoreTask) sırasında yüklendi: System.Buffers, Version=9.0.0.0, Culture=neutral, PublicKeyToken=cc7b13ffcd2ddd51 (konum: C:\Program Files\dotnet\shared\Microsoft.NETCore.App\9.0.11\System.Buffers.dll, MVID: 9d5197e7-0382-4b04-a837-b68dc6cefbf7, AssemblyLoadContext: Default)
         Derleme TaskRun (NuGet.Build.Tasks.RestoreTask) sırasında yüklendi: NuGet.Protocol, Version=6.14.0.116, Culture=neutral, PublicKeyToken=31bf3856ad364e35 (konum: C:\Program Files\dotnet\sdk\9.0.307\NuGet.Protocol.dll, MVID: f8777b05-1686-441b-9cec-a9710c5aa900, AssemblyLoadContext: MSBuild plugin C:\Program Files\dotnet\sdk\9.0.307\NuGet.Build.Tasks.dll)
         Derleme TaskRun (NuGet.Build.Tasks.RestoreTask) sırasında yüklendi: NuGet.Credentials, Version=6.14.0.116, Culture=neutral, PublicKeyToken=31bf3856ad364e35 (konum: C:\Program Files\dotnet\sdk\9.0.307\NuGet.Credentials.dll, MVID: bd6612c0-8432-48ef-9aa9-96a29d2c500a, AssemblyLoadContext: MSBuild plugin C:\Program Files\dotnet\sdk\9.0.307\NuGet.Build.Tasks.dll)
         Derleme TaskRun (NuGet.Build.Tasks.RestoreTask) sırasında yüklendi: NuGet.Packaging.resources, Version=6.14.0.116, Culture=tr, PublicKeyToken=31bf3856ad364e35, processorArchitecture=MSIL (konum: C:\Program Files\dotnet\sdk\9.0.307\tr\NuGet.Packaging.resources.dll, MVID: d2274264-cc63-46ee-9bf3-805021569b58, AssemblyLoadContext: MSBuild plugin C:\Program Files\dotnet\sdk\9.0.307\NuGet.Build.Tasks.dll)
         Derleme TaskRun (NuGet.Build.Tasks.RestoreTask) sırasında yüklendi: System.Collections.NonGeneric, Version=9.0.0.0, Culture=neutral, PublicKeyToken=b03f5f7f11d50a3a (konum: C:\Program Files\dotnet\shared\Microsoft.NETCore.App\9.0.11\System.Collections.NonGeneric.dll, MVID: fdc16d98-c31a-46f7-b8ea-0f5dc6b8b4ce, AssemblyLoadContext: Default)
         X.509 sertifika zinciri doğrulaması, kod imzalama için .NET tarafından seçilen varsayılan güven deposunu kullanır.
         X.509 sertifika zinciri doğrulaması, zaman damgalama için .NET tarafından seçilen varsayılan güven deposunu kullanır.
         Derleme TaskRun (NuGet.Build.Tasks.RestoreTask) sırasında yüklendi: NuGet.DependencyResolver.Core, Version=6.14.0.116, Culture=neutral, PublicKeyToken=31bf3856ad364e35 (konum: C:\Program Files\dotnet\sdk\9.0.307\NuGet.DependencyResolver.Core.dll, MVID: 6b197cc7-1c4a-4e48-895c-328987fdea28, AssemblyLoadContext: MSBuild plugin C:\Program Files\dotnet\sdk\9.0.307\NuGet.Build.Tasks.dll)
         Derleme TaskRun (NuGet.Build.Tasks.RestoreTask) sırasında yüklendi: NuGet.Commands.resources, Version=6.14.0.116, Culture=tr, PublicKeyToken=31bf3856ad364e35, processorArchitecture=MSIL (konum: C:\Program Files\dotnet\sdk\9.0.307\tr\NuGet.Commands.resources.dll, MVID: f6f87ab1-ca90-4aeb-86d0-c05a8f591ea4, AssemblyLoadContext: MSBuild plugin C:\Program Files\dotnet\sdk\9.0.307\NuGet.Build.Tasks.dll)
         12 eşzamanlı iş ile geri yükleme çalıştırılıyor.
         C:\Users\alihe\OneDrive\Masaüstü\ForgeFlow Project\services\artifact\ForgeFlow.Artifact.Domain\ForgeFlow.Artifact.Domain.csproj adlı proje dosyası okunuyor.
         C:\Users\alihe\OneDrive\Masaüstü\ForgeFlow Project\services\artifact\ForgeFlow.Artifact.Application\ForgeFlow.Artifact.Application.csproj adlı proje dosyası okunuyor.
         C:\Users\alihe\OneDrive\Masaüstü\ForgeFlow Project\services\artifact\ForgeFlow.Artifact.Api\ForgeFlow.Artifact.Api.csproj adlı proje dosyası okunuyor.
         C:\Users\alihe\OneDrive\Masaüstü\ForgeFlow Project\services\artifact\ForgeFlow.Artifact.Infrastructure\ForgeFlow.Artifact.Infrastructure.csproj adlı proje dosyası okunuyor.
         C:\Users\alihe\OneDrive\Masaüstü\ForgeFlow Project\contracts\ForgeFlow.Contracts\ForgeFlow.Contracts.csproj adlı proje dosyası okunuyor.
         Derleme TaskRun (NuGet.Build.Tasks.RestoreTask) sırasında yüklendi: Newtonsoft.Json, Version=13.0.0.0, Culture=neutral, PublicKeyToken=30ad4fe6b2a6aeed (konum: C:\Program Files\dotnet\sdk\9.0.307\Newtonsoft.Json.dll, MVID: 7e62198b-eab2-4380-bbac-29171862d1d8, AssemblyLoadContext: MSBuild plugin C:\Program Files\dotnet\sdk\9.0.307\NuGet.Build.Tasks.dll)
         Derleme TaskRun (NuGet.Build.Tasks.RestoreTask) sırasında yüklendi: System.Runtime.Serialization.Primitives, Version=9.0.0.0, Culture=neutral, PublicKeyToken=b03f5f7f11d50a3a (konum: C:\Program Files\dotnet\shared\Microsoft.NETCore.App\9.0.11\System.Runtime.Serialization.Primitives.dll, MVID: 47d327cb-b731-4c1c-be07-b226702ef148, AssemblyLoadContext: Default)
         Derleme TaskRun (NuGet.Build.Tasks.RestoreTask) sırasında yüklendi: System.Runtime.Numerics, Version=9.0.0.0, Culture=neutral, PublicKeyToken=b03f5f7f11d50a3a (konum: C:\Program Files\dotnet\shared\Microsoft.NETCore.App\9.0.11\System.Runtime.Numerics.dll, MVID: 53e67dc6-e704-4799-91e7-339281599fca, AssemblyLoadContext: Default)
         Derleme TaskRun (NuGet.Build.Tasks.RestoreTask) sırasında yüklendi: System.Text.Encodings.Web, Version=9.0.0.0, Culture=neutral, PublicKeyToken=cc7b13ffcd2ddd51 (konum: C:\Program Files\dotnet\shared\Microsoft.NETCore.App\9.0.11\System.Text.Encodings.Web.dll, MVID: f78abfe9-ce9b-45ab-a62a-173330fd7cb8, AssemblyLoadContext: Default)
         Derleme TaskRun (NuGet.Build.Tasks.RestoreTask) sırasında yüklendi: System.Reflection.Emit.Lightweight, Version=9.0.0.0, Culture=neutral, PublicKeyToken=b03f5f7f11d50a3a (konum: C:\Program Files\dotnet\shared\Microsoft.NETCore.App\9.0.11\System.Reflection.Emit.Lightweight.dll, MVID: 27a87ccf-3a87-4549-a4d9-385dac0325ae, AssemblyLoadContext: Default)
         Derleme TaskRun (NuGet.Build.Tasks.RestoreTask) sırasında yüklendi: System.Reflection.Primitives, Version=9.0.0.0, Culture=neutral, PublicKeyToken=b03f5f7f11d50a3a (konum: C:\Program Files\dotnet\shared\Microsoft.NETCore.App\9.0.11\System.Reflection.Primitives.dll, MVID: 055bf56c-1ad8-4c3e-b019-edc31a580706, AssemblyLoadContext: Default)
         Derleme TaskRun (NuGet.Build.Tasks.RestoreTask) sırasında yüklendi: System.Reflection.Emit.ILGeneration, Version=9.0.0.0, Culture=neutral, PublicKeyToken=b03f5f7f11d50a3a (konum: C:\Program Files\dotnet\shared\Microsoft.NETCore.App\9.0.11\System.Reflection.Emit.ILGeneration.dll, MVID: 01d44ca7-fd52-4ab6-8cc5-b70e0f395676, AssemblyLoadContext: Default)
         'ForgeFlow.Artifact.Domain' için geri yükleme girişleri değiştirilmedi. Geri yüklemeyi tamamlamak için başka bir eylem gerekli değil.
         'ForgeFlow.Contracts' için geri yükleme girişleri değiştirilmedi. Geri yüklemeyi tamamlamak için başka bir eylem gerekli değil.
         Geri yükleme işleniyor...
         Varlıklar dosyası değiştirilmedi. Varlıklar dosyasına yazma işlemi atlanıyor. Yol: C:\Users\alihe\OneDrive\Masaüstü\ForgeFlow Project\services\artifact\ForgeFlow.Artifact.Domain\obj\project.assets.json
         İşlemsiz geri yükleme. Önbellek güncelleştirilmeyecek. Yol: C:\Users\alihe\OneDrive\Masaüstü\ForgeFlow Project\services\artifact\ForgeFlow.Artifact.Domain\obj\project.nuget.cache
         Geri yükleme işleniyor...
         Varlıklar dosyası değiştirilmedi. Varlıklar dosyasına yazma işlemi atlanıyor. Yol: C:\Users\alihe\OneDrive\Masaüstü\ForgeFlow Project\contracts\ForgeFlow.Contracts\obj\project.assets.json
         İşlemsiz geri yükleme. Önbellek güncelleştirilmeyecek. Yol: C:\Users\alihe\OneDrive\Masaüstü\ForgeFlow Project\contracts\ForgeFlow.Contracts\obj\project.nuget.cache
         Derleme TaskRun (NuGet.Build.Tasks.RestoreTask) sırasında yüklendi: NuGet.Common.resources, Version=6.14.0.116, Culture=tr, PublicKeyToken=31bf3856ad364e35, processorArchitecture=MSIL (konum: C:\Program Files\dotnet\sdk\9.0.307\tr\NuGet.Common.resources.dll, MVID: c2deb329-d93d-4078-b8a0-32908c6571a2, AssemblyLoadContext: MSBuild plugin C:\Program Files\dotnet\sdk\9.0.307\NuGet.Build.Tasks.dll)
         C:\Users\alihe\OneDrive\Masaüstü\ForgeFlow Project\contracts\ForgeFlow.Contracts\ForgeFlow.Contracts.csproj geri yüklendi (123 ms içinde).
         C:\Users\alihe\OneDrive\Masaüstü\ForgeFlow Project\services\artifact\ForgeFlow.Artifact.Domain\ForgeFlow.Artifact.Domain.csproj geri yüklendi (123 ms içinde).
         'ForgeFlow.Artifact.Application' için geri yükleme girişleri değiştirilmedi. Geri yüklemeyi tamamlamak için başka bir eylem gerekli değil.
         ForgeFlow.Artifact.Infrastructure için tüm paketler diskte değil
         'ForgeFlow.Artifact.Infrastructure' için geri yükleme girişleri değiştirildi. Geri yüklemeye devam ediliyor.
         ForgeFlow.Artifact.Api için tüm paketler diskte değil
         'ForgeFlow.Artifact.Api' için geri yükleme girişleri değiştirildi. Geri yüklemeye devam ediliyor.
     1>C:\Users\alihe\OneDrive\Masaüstü\ForgeFlow Project\services\artifact\ForgeFlow.Artifact.Application\ForgeFlow.Artifact.Application.csproj : warning NU1608: Bağımlılık kısıtlaması dışında algılanan paket sürümü: MediatR.Extensions.Microsoft.DependencyInjection 11.1.0, MediatR (>= 11.0.0 && < 12.0.0) gerektiriyor ancak sürüm MediatR 12.2.0 çözümlenmiş. [C:\Users\alihe\OneDrive\Masaüstü\ForgeFlow Project\services\artifact\ForgeFlow.Artifact.Api\ForgeFlow.Artifact.Api.csproj]
         Geri yükleme işleniyor...
         Varlıklar dosyası değiştirilmedi. Varlıklar dosyasına yazma işlemi atlanıyor. Yol: C:\Users\alihe\OneDrive\Masaüstü\ForgeFlow Project\services\artifact\ForgeFlow.Artifact.Application\obj\project.assets.json
         İşlemsiz geri yükleme. Önbellek güncelleştirilmeyecek. Yol: C:\Users\alihe\OneDrive\Masaüstü\ForgeFlow Project\services\artifact\ForgeFlow.Artifact.Application\obj\project.nuget.cache
         C:\Users\alihe\OneDrive\Masaüstü\ForgeFlow Project\services\artifact\ForgeFlow.Artifact.Application\ForgeFlow.Artifact.Application.csproj geri yüklendi (169 ms içinde).
         C:\Users\alihe\OneDrive\Masaüstü\ForgeFlow Project\services\artifact\ForgeFlow.Artifact.Api\ForgeFlow.Artifact.Api.csproj için paketler geri yükleniyor...
         C:\Users\alihe\OneDrive\Masaüstü\ForgeFlow Project\services\artifact\ForgeFlow.Artifact.Infrastructure\ForgeFlow.Artifact.Infrastructure.csproj için paketler geri yükleniyor...
         Derleme TaskRun (NuGet.Build.Tasks.RestoreTask) sırasında yüklendi: NuGet.Protocol.resources, Version=6.14.0.116, Culture=tr, PublicKeyToken=31bf3856ad364e35, processorArchitecture=MSIL (konum: C:\Program Files\dotnet\sdk\9.0.307\tr\NuGet.Protocol.resources.dll, MVID: 4ad17ec0-8c58-4327-964f-c0ee5e3d2f86, AssemblyLoadContext: MSBuild plugin C:\Program Files\dotnet\sdk\9.0.307\NuGet.Build.Tasks.dll)
         Derleme TaskRun (NuGet.Build.Tasks.RestoreTask) sırasında yüklendi: System.Runtime.Serialization.Formatters, Version=8.1.0.0, Culture=neutral, PublicKeyToken=b03f5f7f11d50a3a (konum: C:\Program Files\dotnet\shared\Microsoft.NETCore.App\9.0.11\System.Runtime.Serialization.Formatters.dll, MVID: bebf2261-1953-46fe-a0e6-4130c1fdba93, AssemblyLoadContext: Default)
         Derleme TaskRun (NuGet.Build.Tasks.RestoreTask) sırasında yüklendi: System.Diagnostics.TraceSource, Version=9.0.0.0, Culture=neutral, PublicKeyToken=b03f5f7f11d50a3a (konum: C:\Program Files\dotnet\shared\Microsoft.NETCore.App\9.0.11\System.Diagnostics.TraceSource.dll, MVID: acc0d22c-ffdb-4481-bcd3-e21aaca11fac, AssemblyLoadContext: Default)
         Derleme TaskRun (NuGet.Build.Tasks.RestoreTask) sırasında yüklendi: System.Data.Common, Version=9.0.0.0, Culture=neutral, PublicKeyToken=b03f5f7f11d50a3a (konum: C:\Program Files\dotnet\shared\Microsoft.NETCore.App\9.0.11\System.Data.Common.dll, MVID: 48781d33-f595-47e6-9b80-4f08df40c668, AssemblyLoadContext: Default)
         Derleme TaskRun (NuGet.Build.Tasks.RestoreTask) sırasında yüklendi: System.ComponentModel, Version=9.0.0.0, Culture=neutral, PublicKeyToken=b03f5f7f11d50a3a (konum: C:\Program Files\dotnet\shared\Microsoft.NETCore.App\9.0.11\System.ComponentModel.dll, MVID: 60069e0f-32db-4585-9afe-b15615731325, AssemblyLoadContext: Default)
         Derleme TaskRun (NuGet.Build.Tasks.RestoreTask) sırasında yüklendi: Anonymously Hosted DynamicMethods Assembly, Version=0.0.0.0, Culture=neutral, PublicKeyToken=null (konum: , MVID: c5fffa64-2f1a-4864-8100-0ec1addb5085, AssemblyLoadContext: Default)
           CACHE https://api.nuget.org/v3-flatcontainer/microsoft.extensions.logging.abstractions/index.json
           CACHE https://api.nuget.org/v3-flatcontainer/microsoft.entityframeworkcore.analyzers/index.json
           CACHE https://api.nuget.org/v3-flatcontainer/microsoft.extensions.logging.abstractions/10.0.0/microsoft.extensions.logging.abstractions.10.0.0.nupkg
           CACHE https://api.nuget.org/v3-flatcontainer/microsoft.entityframeworkcore.analyzers/8.0.11/microsoft.entityframeworkcore.analyzers.8.0.11.nupkg
           CACHE https://api.nuget.org/v3-flatcontainer/microsoft.extensions.logging.abstractions/8.0.2/microsoft.extensions.logging.abstractions.8.0.2.nupkg
           CACHE https://api.nuget.org/v3-flatcontainer/microsoft.extensions.options/index.json
           CACHE https://api.nuget.org/v3-flatcontainer/system.text.json/index.json
           CACHE https://api.nuget.org/v3-flatcontainer/microsoft.extensions.options/8.0.2/microsoft.extensions.options.8.0.2.nupkg
           CACHE https://api.nuget.org/v3-flatcontainer/system.text.json/10.0.0/system.text.json.10.0.0.nupkg
           CACHE https://api.nuget.org/v3-flatcontainer/microsoft.codeanalysis.analyzers/index.json
           CACHE https://api.nuget.org/v3-flatcontainer/microsoft.extensions.options/10.0.0/microsoft.extensions.options.10.0.0.nupkg
           CACHE https://api.nuget.org/v3-flatcontainer/microsoft.codeanalysis.analyzers/3.3.3/microsoft.codeanalysis.analyzers.3.3.3.nupkg
         Acquiring lock for the installation of Microsoft.CodeAnalysis.Analyzers 3.3.3
         Acquiring lock for the installation of Microsoft.Extensions.Options 8.0.2
         Acquired lock for the installation of Microsoft.CodeAnalysis.Analyzers 3.3.3
         Acquired lock for the installation of Microsoft.Extensions.Options 8.0.2
         Acquiring lock for the installation of Microsoft.EntityFrameworkCore.Analyzers 8.0.11
         Acquiring lock for the installation of Microsoft.Extensions.Logging.Abstractions 8.0.2
         Acquired lock for the installation of Microsoft.Extensions.Logging.Abstractions 8.0.2
         Acquired lock for the installation of Microsoft.EntityFrameworkCore.Analyzers 8.0.11
         Acquiring lock for the installation of Microsoft.EntityFrameworkCore.Analyzers 8.0.11
         Acquiring lock for the installation of Microsoft.Extensions.Logging.Abstractions 10.0.0
         Acquired lock for the installation of Microsoft.Extensions.Logging.Abstractions 10.0.0
         Acquired lock for the installation of Microsoft.EntityFrameworkCore.Analyzers 8.0.11
         Acquiring lock for the installation of Microsoft.Extensions.Options 8.0.2
         Acquiring lock for the installation of Microsoft.Extensions.Logging.Abstractions 8.0.2
         Acquired lock for the installation of Microsoft.Extensions.Options 8.0.2
         Acquired lock for the installation of Microsoft.Extensions.Logging.Abstractions 8.0.2
         Acquiring lock for the installation of Microsoft.Extensions.Options 10.0.0
         Acquired lock for the installation of Microsoft.Extensions.Options 10.0.0
         Acquiring lock for the installation of System.Text.Json 10.0.0
         Acquired lock for the installation of System.Text.Json 10.0.0
     1>C:\Program Files\dotnet\sdk\9.0.307\NuGet.targets(186,5): error : Access to the path 'Microsoft.CodeAnalysis.Analyzers.dll' is denied. [C:\Users\alihe\OneDrive\Masaüstü\ForgeFlow Project\services\artifact\ForgeFlow.Artifact.Api\ForgeFlow.Artifact.Api.csproj]
         Derleme TaskRun (NuGet.Build.Tasks.RestoreTask) sırasında yüklendi: System.Diagnostics.StackTrace, Version=9.0.0.0, Culture=neutral, PublicKeyToken=b03f5f7f11d50a3a (konum: C:\Program Files\dotnet\shared\Microsoft.NETCore.App\9.0.11\System.Diagnostics.StackTrace.dll, MVID: 043d46d2-7927-48b8-8bb5-d17e5823ecda, AssemblyLoadContext: Default)
         System.UnauthorizedAccessException: Access to the path 'Microsoft.CodeAnalysis.Analyzers.dll' is denied.
            at System.IO.FileSystem.RemoveDirectoryRecursive(String fullPath, WIN32_FIND_DATA& findData, Boolean topLevel)
            at System.IO.FileSystem.RemoveDirectory(String fullPath, Boolean recursive)
            at System.IO.DirectoryInfo.Delete(Boolean recursive)
            at NuGet.Packaging.PackageExtractor.<>c__DisplayClass5_0.<<InstallFromSourceAsync>b__0>d.MoveNext()
         --- End of stack trace from previous location ---
            at NuGet.Common.ConcurrencyUtilities.ExecuteWithFileLockedAsync[T](String filePath, Func`2 action, CancellationToken token)
            at NuGet.Common.ConcurrencyUtilities.ExecuteWithFileLockedAsync[T](String filePath, Func`2 action, CancellationToken token)
            at NuGet.Packaging.PackageExtractor.InstallFromSourceAsync(PackageIdentity packageIdentity, IPackageDownloader packageDownloader, VersionFolderPathResolver versionFolderPathResolver, PackageExtractionContext packageExtractionContext, CancellationToken token, Guid parentId)
            at NuGet.Commands.ProjectRestoreCommand.InstallPackageAsync(RemoteMatch installItem, NuGetv3LocalRepository userPackageFolder, PackageExtractionContext packageExtractionContext, CancellationToken token)
            at NuGet.Commands.ProjectRestoreCommand.<>c__DisplayClass15_1.<<InstallPackagesAsync>b__4>d.MoveNext()
         --- End of stack trace from previous location ---
            at NuGet.Commands.ProjectRestoreCommand.InstallPackagesAsync(HashSet`1 uniquePackages, IEnumerable`1 graphs, IList`1 downloadDependencyInformations, NuGetv3LocalRepository userPackageFolder, CancellationToken token)
            at NuGet.Commands.DependencyGraphResolver.ResolveAsync(NuGetv3LocalRepository userPackageFolder, IReadOnlyList`1 fallbackPackageFolders, RemoteWalkContext context, ProjectRestoreCommand projectRestoreCommand, List`1 localRepositories, CancellationToken token)
            at NuGet.Commands.RestoreCommand.ExecuteRestoreAsync(NuGetv3LocalRepository userPackageFolder, IReadOnlyList`1 fallbackPackageFolders, RemoteWalkContext context, CancellationToken token, TelemetryActivity telemetryActivity)
            at NuGet.Commands.RestoreCommand.GenerateRestoreGraphsAsync(TelemetryActivity telemetry, RemoteWalkContext contextForProject, CancellationToken token)
            at NuGet.Commands.RestoreCommand.ExecuteAsync(CancellationToken token)
            at NuGet.Commands.RestoreRunner.ExecuteAsync(RestoreSummaryRequest summaryRequest, CancellationToken token)
            at NuGet.Commands.RestoreRunner.ExecuteAndCommitAsync(RestoreSummaryRequest summaryRequest, IRestoreProgressReporter progressReporter, CancellationToken token)
            at NuGet.Commands.RestoreRunner.CompleteTaskAsync(List`1 restoreTasks)
            at NuGet.Commands.RestoreRunner.RunAsync(IEnumerable`1 restoreRequests, RestoreArgs restoreArgs, CancellationToken token)
            at NuGet.Commands.RestoreRunner.RunAsync(RestoreArgs restoreContext, CancellationToken token)
            at NuGet.Build.Tasks.BuildTasksUtility.RestoreAsync(DependencyGraphSpec dependencyGraphSpec, Boolean interactive, Boolean recursive, Boolean noCache, Boolean ignoreFailedSources, Boolean disableParallel, Boolean force, Boolean forceEvaluate, Boolean hideWarningsAndErrors, Boolean restorePC, Boolean cleanupAssetsForUnsupportedProjects, ILogger log, CancellationToken cancellationToken)
            at NuGet.Build.Tasks.RestoreTask.ExecuteAsync(ILogger log)
       "RestoreTask" görevini yürütme tamamlandı -- BAŞARISIZ OLDU.
     1>"ForgeFlow.Artifact.Api.csproj" projesinde "Restore" hedefini oluşturma tamamlandı -- BAŞARISIZ OLDU.
     1>"C:\Users\alihe\OneDrive\Masaüstü\ForgeFlow Project\services\artifact\ForgeFlow.Artifact.Api\ForgeFlow.Artifact.Api.csproj" Projesini Oluşturma İşlemi Tamamlandı (Restore hedef) -- BAŞARISIZ OLDU.

Oluşturma BAŞARISIZ OLDU.

       "C:\Users\alihe\OneDrive\Masaüstü\ForgeFlow Project\services\artifact\ForgeFlow.Artifact.Api\ForgeFlow.Artifact.Api.csproj" (Restore hedefi) (1) ->
       (Restore hedefi) -> 
         C:\Users\alihe\OneDrive\Masaüstü\ForgeFlow Project\services\artifact\ForgeFlow.Artifact.Application\ForgeFlow.Artifact.Application.csproj : warning NU1608: Bağımlılık kısıtlaması dışında algılanan paket sürümü: MediatR.Extensions.Microsoft.DependencyInjection 11.1.0, MediatR (>= 11.0.0 && < 12.0.0) gerektiriyor ancak sürüm MediatR 12.2.0 çözümlenmiş. [C:\Users\alihe\OneDrive\Masaüstü\ForgeFlow Project\services\artifact\ForgeFlow.Artifact.Api\ForgeFlow.Artifact.Api.csproj]


       "C:\Users\alihe\OneDrive\Masaüstü\ForgeFlow Project\services\artifact\ForgeFlow.Artifact.Api\ForgeFlow.Artifact.Api.csproj" (Restore hedefi) (1) ->
       (Restore hedefi) -> 
         C:\Program Files\dotnet\sdk\9.0.307\NuGet.targets(186,5): error : Access to the path 'Microsoft.CodeAnalysis.Analyzers.dll' is denied. [C:\Users\alihe\OneDrive\Masaüstü\ForgeFlow Project\services\artifact\ForgeFlow.Artifact.Api\ForgeFlow.Artifact.Api.csproj]

    1 Uyarı
    1 Hata

Geçen Süre 00:00:02.20
